   1,        0,  6365,  4232,-10601,    -4,    56,    23,   -77,     2,0,0,0,0,0,0,0,0,0,0,0,0,0,0,0,0,0,0,0,0,0,0,0,0,0,0,0,0,0,0,0,0
   2,      833,  3874,  6618,-10489,     3,    39,    45,   -81,     3,0,0,0,0,0,0,0,0,0,0,0,0,0,0,0,0,0,0,0,0,0,0,0,0,0,0,0,0,0,0,0,0
   3,     1666,   893,  8541, -9437,    -2,    22,    61,   -79,     4,0,0,0,0,0,0,0,0,0,0,0,0,0,0,0,0,0,0,0,0,0,0,0,0,0,0,0,0,0,0,0,0
   4,     2499, -1830,  9830, -7996,     4,     0,    72,   -71,     1,0,0,0,0,0,0,0,0,0,0,0,0,0,0,0,0,0,0,0,0,0,0,0,0,0,0,0,0,0,0,0,0
   5,     3332, -4268, 10589, -6299,    23,   -21,    79,   -55,     2,0,0,0,0,0,0,0,0,0,0,0,0,0,0,0,0,0,0,0,0,0,0,0,0,0,0,0,0,0,0,0,0
   6,     4165, -6650, 10511, -3836,    25,   -43,    85,   -39,     2,0,0,0,0,0,0,0,0,0,0,0,0,0,0,0,0,0,0,0,0,0,0,0,0,0,0,0,0,0,0,0,0
   7,     4998, -8520,  9432,  -892,    20,   -60,    82,   -22,     0,0,0,0,0,0,0,0,0,0,0,0,0,0,0,0,0,0,0,0,0,0,0,0,0,0,0,0,0,0,0,0,0
   8,     5831, -9792,  7961,  1835,     4,   -70,    72,     1,     3,0,0,0,0,0,0,0,0,0,0,0,0,0,0,0,0,0,0,0,0,0,0,0,0,0,0,0,0,0,0,0,0
   9,     6664,-10592,  6284,  4302,    -6,   -79,    58,    21,     1,0,0,0,0,0,0,0,0,0,0,0,0,0,0,0,0,0,0,0,0,0,0,0,0,0,0,0,0,0,0,0,0
  10,     7497,-10527,  3838,  6667,   -21,   -82,    41,    42,     1,0,0,0,0,0,0,0,0,0,0,0,0,0,0,0,0,0,0,0,0,0,0,0,0,0,0,0,0,0,0,0,0
  11,     8330, -9491,   928,  8544,   -19,   -82,    21,    57,    -4,0,0,0,0,0,0,0,0,0,0,0,0,0,0,0,0,0,0,0,0,0,0,0,0,0,0,0,0,0,0,0,0
  12,     9163, -8047, -1789,  9830,    -6,   -70,     0,    69,    -1,0,0,0,0,0,0,0,0,0,0,0,0,0,0,0,0,0,0,0,0,0,0,0,0,0,0,0,0,0,0,0,0
  13,     9996, -6360, -4240, 10604,     3,   -55,   -21,    76,     0,0,0,0,0,0,0,0,0,0,0,0,0,0,0,0,0,0,0,0,0,0,0,0,0,0,0,0,0,0,0,0,0
  14,    10829, -3871, -6624, 10493,    -2,   -40,   -45,    80,    -5,0,0,0,0,0,0,0,0,0,0,0,0,0,0,0,0,0,0,0,0,0,0,0,0,0,0,0,0,0,0,0,0
  15,    11662,  -896, -8542,  9436,    -1,   -22,   -62,    78,    -5,0,0,0,0,0,0,0,0,0,0,0,0,0,0,0,0,0,0,0,0,0,0,0,0,0,0,0,0,0,0,0,0
  16,    12495,  1829, -9832,  7992,   -12,     0,   -72,    69,    -3,0,0,0,0,0,0,0,0,0,0,0,0,0,0,0,0,0,0,0,0,0,0,0,0,0,0,0,0,0,0,0,0
  17,    13328,  4266,-10588,  6305,   -17,    22,   -79,    55,    -2,0,0,0,0,0,0,0,0,0,0,0,0,0,0,0,0,0,0,0,0,0,0,0,0,0,0,0,0,0,0,0,0
  18,    14161,  6640,-10502,  3840,   -23,    44,   -85,    41,     0,0,0,0,0,0,0,0,0,0,0,0,0,0,0,0,0,0,0,0,0,0,0,0,0,0,0,0,0,0,0,0,0
  19,    14994,  8521, -9430,   891,   -18,    61,   -83,    23,     1,0,0,0,0,0,0,0,0,0,0,0,0,0,0,0,0,0,0,0,0,0,0,0,0,0,0,0,0,0,0,0,0
  20,    15827,  9793, -7961, -1839,    -7,    71,   -72,     0,    -1,0,0,0,0,0,0,0,0,0,0,0,0,0,0,0,0,0,0,0,0,0,0,0,0,0,0,0,0,0,0,0,0
  21,    16660, 10593, -6277, -4305,    11,    79,   -57,   -22,     1,0,0,0,0,0,0,0,0,0,0,0,0,0,0,0,0,0,0,0,0,0,0,0,0,0,0,0,0,0,0,0,0
  22,    17493, 10532, -3835, -6677,    21,    84,   -41,   -43,     0,0,0,0,0,0,0,0,0,0,0,0,0,0,0,0,0,0,0,0,0,0,0,0,0,0,0,0,0,0,0,0,0
  23,    18326,  9492,  -928, -8544,    20,    81,   -23,   -58,     0,0,0,0,0,0,0,0,0,0,0,0,0,0,0,0,0,0,0,0,0,0,0,0,0,0,0,0,0,0,0,0,0
  24,    19159,  8049,  1785, -9829,     5,    72,     1,   -69,     4,0,0,0,0,0,0,0,0,0,0,0,0,0,0,0,0,0,0,0,0,0,0,0,0,0,0,0,0,0,0,0,0
  25,    19992,  6366,  4231,-10603,    -5,    56,    23,   -77,     2,0,0,0,0,0,0,0,0,0,0,0,0,0,0,0,0,0,0,0,0,0,0,0,0,0,0,0,0,0,0,0,0
  26,    20825,  3872,  6615,-10487,     0,    39,    44,   -81,     2,0,0,0,0,0,0,0,0,0,0,0,0,0,0,0,0,0,0,0,0,0,0,0,0,0,0,0,0,0,0,0,0
  27,    21658,   892,  8540, -9439,    -6,    20,    61,   -79,     2,0,0,0,0,0,0,0,0,0,0,0,0,0,0,0,0,0,0,0,0,0,0,0,0,0,0,0,0,0,0,0,0
  28,    22491, -1829,  9832, -7994,     9,    -1,    71,   -70,     1,0,0,0,0,0,0,0,0,0,0,0,0,0,0,0,0,0,0,0,0,0,0,0,0,0,0,0,0,0,0,0,0
  29,    23324, -4271, 10591, -6299,    22,   -23,    79,   -54,     2,0,0,0,0,0,0,0,0,0,0,0,0,0,0,0,0,0,0,0,0,0,0,0,0,0,0,0,0,0,0,0,0
  30,    24157, -6648, 10509, -3836,    26,   -43,    84,   -39,     2,0,0,0,0,0,0,0,0,0,0,0,0,0,0,0,0,0,0,0,0,0,0,0,0,0,0,0,0,0,0,0,0
  31,    24990, -8519,  9429,  -891,    19,   -60,    83,   -21,     1,0,0,0,0,0,0,0,0,0,0,0,0,0,0,0,0,0,0,0,0,0,0,0,0,0,0,0,0,0,0,0,0
  32,    25823, -9792,  7961,  1836,     5,   -70,    72,     0,     2,0,0,0,0,0,0,0,0,0,0,0,0,0,0,0,0,0,0,0,0,0,0,0,0,0,0,0,0,0,0,0,0
  33,    26656,-10595,  6288,  4302,    -5,   -78,    57,    21,     1,0,0,0,0,0,0,0,0,0,0,0,0,0,0,0,0,0,0,0,0,0,0,0,0,0,0,0,0,0,0,0,0
  34,    27489,-10530,  3840,  6669,   -22,   -83,    40,    44,     1,0,0,0,0,0,0,0,0,0,0,0,0,0,0,0,0,0,0,0,0,0,0,0,0,0,0,0,0,0,0,0,0
  35,    28322, -9493,   927,  8542,   -24,   -82,    22,    59,    -1,0,0,0,0,0,0,0,0,0,0,0,0,0,0,0,0,0,0,0,0,0,0,0,0,0,0,0,0,0,0,0,0
  36,    29155, -8043, -1790,  9829,    -3,   -72,     1,    70,     0,0,0,0,0,0,0,0,0,0,0,0,0,0,0,0,0,0,0,0,0,0,0,0,0,0,0,0,0,0,0,0,0
  37,    29988, -6361, -4241, 10606,     4,   -54,   -24,    76,    -1,0,0,0,0,0,0,0,0,0,0,0,0,0,0,0,0,0,0,0,0,0,0,0,0,0,0,0,0,0,0,0,0
  38,    30821, -3870, -6625, 10495,    -1,   -40,   -44,    81,    -3,0,0,0,0,0,0,0,0,0,0,0,0,0,0,0,0,0,0,0,0,0,0,0,0,0,0,0,0,0,0,0,0
  39,    31654,  -896, -8543,  9436,    -3,   -20,   -60,    80,     0,0,0,0,0,0,0,0,0,0,0,0,0,0,0,0,0,0,0,0,0,0,0,0,0,0,0,0,0,0,0,0,0
  40,    32487,  1826, -9829,  7996,    -8,     0,   -72,    68,    -4,0,0,0,0,0,0,0,0,0,0,0,0,0,0,0,0,0,0,0,0,0,0,0,0,0,0,0,0,0,0,0,0
  41,    33320,  4266,-10585,  6302,   -17,    22,   -78,    55,    -1,0,0,0,0,0,0,0,0,0,0,0,0,0,0,0,0,0,0,0,0,0,0,0,0,0,0,0,0,0,0,0,0
  42,    34153,  6642,-10503,  3837,   -25,    44,   -86,    39,    -3,0,0,0,0,0,0,0,0,0,0,0,0,0,0,0,0,0,0,0,0,0,0,0,0,0,0,0,0,0,0,0,0
  43,    34986,  8521, -9430,   890,   -19,    61,   -83,    21,    -1,0,0,0,0,0,0,0,0,0,0,0,0,0,0,0,0,0,0,0,0,0,0,0,0,0,0,0,0,0,0,0,0
  44,    35819,  9794, -7961, -1837,    -4,    72,   -72,     1,     0,0,0,0,0,0,0,0,0,0,0,0,0,0,0,0,0,0,0,0,0,0,0,0,0,0,0,0,0,0,0,0,0
  45,    36652, 10593, -6278, -4306,     9,    79,   -56,   -23,     0,0,0,0,0,0,0,0,0,0,0,0,0,0,0,0,0,0,0,0,0,0,0,0,0,0,0,0,0,0,0,0,0
  46,    37485, 10532, -3833, -6676,    23,    83,   -40,   -41,     1,0,0,0,0,0,0,0,0,0,0,0,0,0,0,0,0,0,0,0,0,0,0,0,0,0,0,0,0,0,0,0,0
  47,    38318,  9488,  -925, -8544,    19,    81,   -22,   -57,     2,0,0,0,0,0,0,0,0,0,0,0,0,0,0,0,0,0,0,0,0,0,0,0,0,0,0,0,0,0,0,0,0
  48,    39151,  8048,  1786, -9830,     5,    72,     0,   -70,     2,0,0,0,0,0,0,0,0,0,0,0,0,0,0,0,0,0,0,0,0,0,0,0,0,0,0,0,0,0,0,0,0
  49,    39984,  6366,  4229,-10604,    -8,    55,    24,   -77,     2,0,0,0,0,0,0,0,0,0,0,0,0,0,0,0,0,0,0,0,0,0,0,0,0,0,0,0,0,0,0,0,0
  50,    40817,  3872,  6613,-10487,    -2,    40,    45,   -80,     4,0,0,0,0,0,0,0,0,0,0,0,0,0,0,0,0,0,0,0,0,0,0,0,0,0,0,0,0,0,0,0,0
  51,    41650,   895,  8539, -9436,    -2,    21,    61,   -79,     3,0,0,0,0,0,0,0,0,0,0,0,0,0,0,0,0,0,0,0,0,0,0,0,0,0,0,0,0,0,0,0,0
  52,    42483, -1830,  9832, -7993,     9,     0,    73,   -70,     3,0,0,0,0,0,0,0,0,0,0,0,0,0,0,0,0,0,0,0,0,0,0,0,0,0,0,0,0,0,0,0,0
  53,    43316, -4271, 10588, -6299,    18,   -22,    79,   -53,     3,0,0,0,0,0,0,0,0,0,0,0,0,0,0,0,0,0,0,0,0,0,0,0,0,0,0,0,0,0,0,0,0
  54,    44149, -6647, 10510, -3835,    29,   -42,    85,   -40,     4,0,0,0,0,0,0,0,0,0,0,0,0,0,0,0,0,0,0,0,0,0,0,0,0,0,0,0,0,0,0,0,0
  55,    44982, -8520,  9432,  -893,    19,   -59,    83,   -22,     2,0,0,0,0,0,0,0,0,0,0,0,0,0,0,0,0,0,0,0,0,0,0,0,0,0,0,0,0,0,0,0,0
  56,    45815, -9790,  7961,  1833,     4,   -72,    73,    -1,     0,0,0,0,0,0,0,0,0,0,0,0,0,0,0,0,0,0,0,0,0,0,0,0,0,0,0,0,0,0,0,0,0
  57,    46648,-10592,  6282,  4302,    -8,   -79,    57,    21,     0,0,0,0,0,0,0,0,0,0,0,0,0,0,0,0,0,0,0,0,0,0,0,0,0,0,0,0,0,0,0,0,0
  58,    47481,-10525,  3840,  6670,   -15,   -83,    41,    43,     0,0,0,0,0,0,0,0,0,0,0,0,0,0,0,0,0,0,0,0,0,0,0,0,0,0,0,0,0,0,0,0,0
  59,    48314, -9491,   928,  8542,   -21,   -82,    21,    59,    -1,0,0,0,0,0,0,0,0,0,0,0,0,0,0,0,0,0,0,0,0,0,0,0,0,0,0,0,0,0,0,0,0
  60,    49147, -8047, -1790,  9828,    -9,   -72,     1,    68,    -3,0,0,0,0,0,0,0,0,0,0,0,0,0,0,0,0,0,0,0,0,0,0,0,0,0,0,0,0,0,0,0,0
  61,    49980, -6361, -4239, 10605,     5,   -55,   -23,    75,    -2,0,0,0,0,0,0,0,0,0,0,0,0,0,0,0,0,0,0,0,0,0,0,0,0,0,0,0,0,0,0,0,0
  62,    50813, -3870, -6623, 10493,     0,   -39,   -43,    81,    -1,0,0,0,0,0,0,0,0,0,0,0,0,0,0,0,0,0,0,0,0,0,0,0,0,0,0,0,0,0,0,0,0
  63,    51646,  -896, -8540,  9436,     0,   -21,   -61,    79,    -3,0,0,0,0,0,0,0,0,0,0,0,0,0,0,0,0,0,0,0,0,0,0,0,0,0,0,0,0,0,0,0,0
  64,    52479,  1828, -9832,  7996,    -9,     0,   -73,    69,    -4,0,0,0,0,0,0,0,0,0,0,0,0,0,0,0,0,0,0,0,0,0,0,0,0,0,0,0,0,0,0,0,0
  65,    53312,  4265,-10586,  6303,   -17,    23,   -79,    54,    -2,0,0,0,0,0,0,0,0,0,0,0,0,0,0,0,0,0,0,0,0,0,0,0,0,0,0,0,0,0,0,0,0
  66,    54145,  6640,-10503,  3839,   -24,    43,   -85,    39,    -2,0,0,0,0,0,0,0,0,0,0,0,0,0,0,0,0,0,0,0,0,0,0,0,0,0,0,0,0,0,0,0,0
  67,    54978,  8519, -9428,   889,   -20,    60,   -82,    21,    -1,0,0,0,0,0,0,0,0,0,0,0,0,0,0,0,0,0,0,0,0,0,0,0,0,0,0,0,0,0,0,0,0
  68,    55811,  9793, -7961, -1837,    -5,    70,   -72,     2,     0,0,0,0,0,0,0,0,0,0,0,0,0,0,0,0,0,0,0,0,0,0,0,0,0,0,0,0,0,0,0,0,0
  69,    56644, 10592, -6282, -4305,     5,    79,   -58,   -22,     0,0,0,0,0,0,0,0,0,0,0,0,0,0,0,0,0,0,0,0,0,0,0,0,0,0,0,0,0,0,0,0,0
  70,    57477, 10530, -3835, -6675,    20,    83,   -42,   -41,     1,0,0,0,0,0,0,0,0,0,0,0,0,0,0,0,0,0,0,0,0,0,0,0,0,0,0,0,0,0,0,0,0
  71,    58310,  9489,  -925, -8543,    21,    80,   -23,   -60,    -3,0,0,0,0,0,0,0,0,0,0,0,0,0,0,0,0,0,0,0,0,0,0,0,0,0,0,0,0,0,0,0,0
  72,    59143,  8047,  1784, -9829,     3,    70,     1,   -69,     2,0,0,0,0,0,0,0,0,0,0,0,0,0,0,0,0,0,0,0,0,0,0,0,0,0,0,0,0,0,0,0,0
  73,    59976,  6365,  4229,-10602,    -7,    55,    23,   -75,     3,0,0,0,0,0,0,0,0,0,0,0,0,0,0,0,0,0,0,0,0,0,0,0,0,0,0,0,0,0,0,0,0
  74,    60809,  3874,  6617,-10491,     0,    40,    45,   -81,     5,0,0,0,0,0,0,0,0,0,0,0,0,0,0,0,0,0,0,0,0,0,0,0,0,0,0,0,0,0,0,0,0
  75,    61642,   896,  8539, -9437,    -2,    22,    61,   -80,     4,0,0,0,0,0,0,0,0,0,0,0,0,0,0,0,0,0,0,0,0,0,0,0,0,0,0,0,0,0,0,0,0
  76,    62475, -1828,  9829, -7994,     8,    -1,    71,   -69,     1,0,0,0,0,0,0,0,0,0,0,0,0,0,0,0,0,0,0,0,0,0,0,0,0,0,0,0,0,0,0,0,0
  77,    63308, -4269, 10588, -6297,    22,   -23,    78,   -54,     1,0,0,0,0,0,0,0,0,0,0,0,0,0,0,0,0,0,0,0,0,0,0,0,0,0,0,0,0,0,0,0,0
  78,    64141, -6648, 10508, -3834,    27,   -44,    83,   -40,     0,0,0,0,0,0,0,0,0,0,0,0,0,0,0,0,0,0,0,0,0,0,0,0,0,0,0,0,0,0,0,0,0
  79,    64974, -8521,  9432,  -893,    18,   -59,    83,   -22,     2,0,0,0,0,0,0,0,0,0,0,0,0,0,0,0,0,0,0,0,0,0,0,0,0,0,0,0,0,0,0,0,0
  80,    65807, -9793,  7960,  1835,     2,   -71,    72,     0,     1,0,0,0,0,0,0,0,0,0,0,0,0,0,0,0,0,0,0,0,0,0,0,0,0,0,0,0,0,0,0,0,0
  81,    66640,-10592,  6284,  4302,    -6,   -78,    58,    22,     1,0,0,0,0,0,0,0,0,0,0,0,0,0,0,0,0,0,0,0,0,0,0,0,0,0,0,0,0,0,0,0,0
  82,    67473,-10527,  3838,  6669,   -20,   -83,    41,    43,     1,0,0,0,0,0,0,0,0,0,0,0,0,0,0,0,0,0,0,0,0,0,0,0,0,0,0,0,0,0,0,0,0
  83,    68306, -9490,   928,  8541,   -22,   -82,    22,    57,    -2,0,0,0,0,0,0,0,0,0,0,0,0,0,0,0,0,0,0,0,0,0,0,0,0,0,0,0,0,0,0,0,0
  84,    69139, -8046, -1790,  9832,    -4,   -71,     0,    69,    -2,0,0,0,0,0,0,0,0,0,0,0,0,0,0,0,0,0,0,0,0,0,0,0,0,0,0,0,0,0,0,0,0
  85,    69972, -6362, -4241, 10608,     5,   -56,   -23,    78,    -1,0,0,0,0,0,0,0,0,0,0,0,0,0,0,0,0,0,0,0,0,0,0,0,0,0,0,0,0,0,0,0,0
  86,    70805, -3870, -6624, 10492,    -2,   -41,   -45,    81,    -5,0,0,0,0,0,0,0,0,0,0,0,0,0,0,0,0,0,0,0,0,0,0,0,0,0,0,0,0,0,0,0,0
  87,    71638,  -895, -8538,  9435,     2,   -22,   -60,    80,    -2,0,0,0,0,0,0,0,0,0,0,0,0,0,0,0,0,0,0,0,0,0,0,0,0,0,0,0,0,0,0,0,0
  88,    72471,  1829, -9830,  7994,    -8,     0,   -72,    69,    -3,0,0,0,0,0,0,0,0,0,0,0,0,0,0,0,0,0,0,0,0,0,0,0,0,0,0,0,0,0,0,0,0
  89,    73304,  4266,-10590,  6302,   -21,    23,   -78,    55,     0,0,0,0,0,0,0,0,0,0,0,0,0,0,0,0,0,0,0,0,0,0,0,0,0,0,0,0,0,0,0,0,0
  90,    74137,  6641,-10506,  3839,   -27,    43,   -85,    40,    -1,0,0,0,0,0,0,0,0,0,0,0,0,0,0,0,0,0,0,0,0,0,0,0,0,0,0,0,0,0,0,0,0
  91,    74970,  8521, -9430,   892,   -18,    60,   -82,    20,    -2,0,0,0,0,0,0,0,0,0,0,0,0,0,0,0,0,0,0,0,0,0,0,0,0,0,0,0,0,0,0,0,0
  92,    75803,  9793, -7961, -1838,    -6,    71,   -72,     0,    -1,0,0,0,0,0,0,0,0,0,0,0,0,0,0,0,0,0,0,0,0,0,0,0,0,0,0,0,0,0,0,0,0
  93,    76636, 10591, -6276, -4306,     9,    78,   -57,   -22,    -2,0,0,0,0,0,0,0,0,0,0,0,0,0,0,0,0,0,0,0,0,0,0,0,0,0,0,0,0,0,0,0,0
  94,    77469, 10529, -3833, -6678,    18,    84,   -40,   -42,     1,0,0,0,0,0,0,0,0,0,0,0,0,0,0,0,0,0,0,0,0,0,0,0,0,0,0,0,0,0,0,0,0
  95,    78302,  9493,  -925, -8546,    22,    81,   -22,   -59,     0,0,0,0,0,0,0,0,0,0,0,0,0,0,0,0,0,0,0,0,0,0,0,0,0,0,0,0,0,0,0,0,0
  96,    79135,  8049,  1784, -9830,     4,    71,    -1,   -68,     2,0,0,0,0,0,0,0,0,0,0,0,0,0,0,0,0,0,0,0,0,0,0,0,0,0,0,0,0,0,0,0,0
  97,    79968,  6365,  4232,-10602,    -5,    56,    23,   -79,     0,0,0,0,0,0,0,0,0,0,0,0,0,0,0,0,0,0,0,0,0,0,0,0,0,0,0,0,0,0,0,0,0
  98,    80801,  3871,  6618,-10487,     2,    39,    44,   -82,     1,0,0,0,0,0,0,0,0,0,0,0,0,0,0,0,0,0,0,0,0,0,0,0,0,0,0,0,0,0,0,0,0
  99,    81634,   892,  8540, -9438,    -5,    21,    63,   -79,     5,0,0,0,0,0,0,0,0,0,0,0,0,0,0,0,0,0,0,0,0,0,0,0,0,0,0,0,0,0,0,0,0
 100,    82467, -1829,  9830, -7994,     7,     1,    73,   -70,     3,0,0,0,0,0,0,0,0,0,0,0,0,0,0,0,0,0,0,0,0,0,0,0,0,0,0,0,0,0,0,0,0
 101,    83300, -4268, 10588, -6298,    22,   -22,    79,   -56,     1,0,0,0,0,0,0,0,0,0,0,0,0,0,0,0,0,0,0,0,0,0,0,0,0,0,0,0,0,0,0,0,0
 102,    84133, -6648, 10509, -3835,    27,   -44,    85,   -39,     2,0,0,0,0,0,0,0,0,0,0,0,0,0,0,0,0,0,0,0,0,0,0,0,0,0,0,0,0,0,0,0,0
 103,    84966, -8520,  9430,  -892,    18,   -60,    82,   -22,     0,0,0,0,0,0,0,0,0,0,0,0,0,0,0,0,0,0,0,0,0,0,0,0,0,0,0,0,0,0,0,0,0
 104,    85799, -9792,  7961,  1835,     4,   -71,    73,    -1,     1,0,0,0,0,0,0,0,0,0,0,0,0,0,0,0,0,0,0,0,0,0,0,0,0,0,0,0,0,0,0,0,0
 105,    86632,-10595,  6283,  4304,    -8,   -79,    58,    23,     2,0,0,0,0,0,0,0,0,0,0,0,0,0,0,0,0,0,0,0,0,0,0,0,0,0,0,0,0,0,0,0,0
 106,    87465,-10528,  3839,  6670,   -19,   -84,    41,    42,    -1,0,0,0,0,0,0,0,0,0,0,0,0,0,0,0,0,0,0,0,0,0,0,0,0,0,0,0,0,0,0,0,0
 107,    88298, -9490,   928,  8540,   -22,   -81,    22,    59,     0,0,0,0,0,0,0,0,0,0,0,0,0,0,0,0,0,0,0,0,0,0,0,0,0,0,0,0,0,0,0,0,0
 108,    89131, -8045, -1789,  9830,    -4,   -71,     0,    67,    -3,0,0,0,0,0,0,0,0,0,0,0,0,0,0,0,0,0,0,0,0,0,0,0,0,0,0,0,0,0,0,0,0
 109,    89964, -6360, -4242, 10606,     5,   -55,   -22,    76,    -1,0,0,0,0,0,0,0,0,0,0,0,0,0,0,0,0,0,0,0,0,0,0,0,0,0,0,0,0,0,0,0,0
 110,    90797, -3868, -6625, 10496,     3,   -40,   -44,    81,    -4,0,0,0,0,0,0,0,0,0,0,0,0,0,0,0,0,0,0,0,0,0,0,0,0,0,0,0,0,0,0,0,0
 111,    91630,  -894, -8543,  9435,    -2,   -20,   -61,    81,     0,0,0,0,0,0,0,0,0,0,0,0,0,0,0,0,0,0,0,0,0,0,0,0,0,0,0,0,0,0,0,0,0
 112,    92463,  1829, -9830,  7994,    -8,     1,   -72,    69,    -3,0,0,0,0,0,0,0,0,0,0,0,0,0,0,0,0,0,0,0,0,0,0,0,0,0,0,0,0,0,0,0,0
 113,    93296,  4263,-10588,  6302,   -22,    21,   -79,    54,    -3,0,0,0,0,0,0,0,0,0,0,0,0,0,0,0,0,0,0,0,0,0,0,0,0,0,0,0,0,0,0,0,0
 114,    94129,  6642,-10505,  3836,   -27,    44,   -85,    40,    -1,0,0,0,0,0,0,0,0,0,0,0,0,0,0,0,0,0,0,0,0,0,0,0,0,0,0,0,0,0,0,0,0
 115,    94962,  8522, -9430,   890,   -18,    60,   -83,    21,    -2,0,0,0,0,0,0,0,0,0,0,0,0,0,0,0,0,0,0,0,0,0,0,0,0,0,0,0,0,0,0,0,0
 116,    95795,  9794, -7959, -1838,    -3,    70,   -73,     0,    -2,0,0,0,0,0,0,0,0,0,0,0,0,0,0,0,0,0,0,0,0,0,0,0,0,0,0,0,0,0,0,0,0
 117,    96628, 10592, -6279, -4304,     9,    78,   -57,   -22,    -1,0,0,0,0,0,0,0,0,0,0,0,0,0,0,0,0,0,0,0,0,0,0,0,0,0,0,0,0,0,0,0,0
 118,    97461, 10529, -3833, -6674,    22,    83,   -42,   -43,    -2,0,0,0,0,0,0,0,0,0,0,0,0,0,0,0,0,0,0,0,0,0,0,0,0,0,0,0,0,0,0,0,0
 119,    98294,  9491,  -926, -8546,    20,    82,   -22,   -57,     3,0,0,0,0,0,0,0,0,0,0,0,0,0,0,0,0,0,0,0,0,0,0,0,0,0,0,0,0,0,0,0,0
 120,    99127,  8047,  1785, -9832,     1,    71,    -2,   -69,     0,0,0,0,0,0,0,0,0,0,0,0,0,0,0,0,0,0,0,0,0,0,0,0,0,0,0,0,0,0,0,0,0
 121,    99960,  6363,  4233,-10601,    -5,    55,    22,   -76,     1,0,0,0,0,0,0,0,0,0,0,0,0,0,0,0,0,0,0,0,0,0,0,0,0,0,0,0,0,0,0,0,0
 122,   100793,  3873,  6618,-10487,     4,    39,    43,   -80,     2,0,0,0,0,0,0,0,0,0,0,0,0,0,0,0,0,0,0,0,0,0,0,0,0,0,0,0,0,0,0,0,0
 123,   101626,   893,  8540, -9435,    -2,    20,    61,   -79,     2,0,0,0,0,0,0,0,0,0,0,0,0,0,0,0,0,0,0,0,0,0,0,0,0,0,0,0,0,0,0,0,0
 124,   102459, -1829,  9830, -7994,     7,     0,    71,   -70,     1,0,0,0,0,0,0,0,0,0,0,0,0,0,0,0,0,0,0,0,0,0,0,0,0,0,0,0,0,0,0,0,0
 125,   103292, -4272, 10589, -6297,    20,   -24,    78,   -56,    -2,0,0,0,0,0,0,0,0,0,0,0,0,0,0,0,0,0,0,0,0,0,0,0,0,0,0,0,0,0,0,0,0
 126,   104125, -6649, 10510, -3832,    29,   -44,    85,   -39,     1,0,0,0,0,0,0,0,0,0,0,0,0,0,0,0,0,0,0,0,0,0,0,0,0,0,0,0,0,0,0,0,0
 127,   104958, -8522,  9431,  -892,    17,   -60,    83,   -21,     1,0,0,0,0,0,0,0,0,0,0,0,0,0,0,0,0,0,0,0,0,0,0,0,0,0,0,0,0,0,0,0,0
 128,   105791, -9792,  7958,  1836,     2,   -70,    72,     0,     2,0,0,0,0,0,0,0,0,0,0,0,0,0,0,0,0,0,0,0,0,0,0,0,0,0,0,0,0,0,0,0,0
 129,   106624,-10592,  6282,  4304,    -6,   -77,    58,    22,     3,0,0,0,0,0,0,0,0,0,0,0,0,0,0,0,0,0,0,0,0,0,0,0,0,0,0,0,0,0,0,0,0
 130,   107457,-10527,  3838,  6667,   -22,   -84,    41,    42,     0,0,0,0,0,0,0,0,0,0,0,0,0,0,0,0,0,0,0,0,0,0,0,0,0,0,0,0,0,0,0,0,0
 131,   108290, -9489,   928,  8541,   -20,   -82,    21,    58,    -3,0,0,0,0,0,0,0,0,0,0,0,0,0,0,0,0,0,0,0,0,0,0,0,0,0,0,0,0,0,0,0,0
 132,   109123, -8047, -1790,  9831,    -5,   -71,    -1,    69,    -3,0,0,0,0,0,0,0,0,0,0,0,0,0,0,0,0,0,0,0,0,0,0,0,0,0,0,0,0,0,0,0,0
 133,   109956, -6361, -4240, 10604,     3,   -56,   -23,    76,    -3,0,0,0,0,0,0,0,0,0,0,0,0,0,0,0,0,0,0,0,0,0,0,0,0,0,0,0,0,0,0,0,0
 134,   110789, -3867, -6625, 10493,     0,   -40,   -45,    81,    -5,0,0,0,0,0,0,0,0,0,0,0,0,0,0,0,0,0,0,0,0,0,0,0,0,0,0,0,0,0,0,0,0
 135,   111622,  -894, -8541,  9435,     0,   -21,   -61,    79,    -3,0,0,0,0,0,0,0,0,0,0,0,0,0,0,0,0,0,0,0,0,0,0,0,0,0,0,0,0,0,0,0,0
 136,   112455,  1831, -9832,  7994,    -8,     0,   -72,    70,    -2,0,0,0,0,0,0,0,0,0,0,0,0,0,0,0,0,0,0,0,0,0,0,0,0,0,0,0,0,0,0,0,0
 137,   113288,  4265,-10587,  6302,   -20,    24,   -79,    55,     0,0,0,0,0,0,0,0,0,0,0,0,0,0,0,0,0,0,0,0,0,0,0,0,0,0,0,0,0,0,0,0,0
 138,   114121,  6640,-10502,  3837,   -25,    44,   -84,    41,     1,0,0,0,0,0,0,0,0,0,0,0,0,0,0,0,0,0,0,0,0,0,0,0,0,0,0,0,0,0,0,0,0
 139,   114954,  8522, -9429,   889,   -19,    60,   -83,    22,     0,0,0,0,0,0,0,0,0,0,0,0,0,0,0,0,0,0,0,0,0,0,0,0,0,0,0,0,0,0,0,0,0
 140,   115787,  9795, -7959, -1838,    -3,    70,   -72,     0,    -2,0,0,0,0,0,0,0,0,0,0,0,0,0,0,0,0,0,0,0,0,0,0,0,0,0,0,0,0,0,0,0,0
 141,   116620, 10591, -6277, -4306,     8,    77,   -57,   -22,    -2,0,0,0,0,0,0,0,0,0,0,0,0,0,0,0,0,0,0,0,0,0,0,0,0,0,0,0,0,0,0,0,0
 142,   117453, 10529, -3833, -6675,    21,    83,   -42,   -43,    -2,0,0,0,0,0,0,0,0,0,0,0,0,0,0,0,0,0,0,0,0,0,0,0,0,0,0,0,0,0,0,0,0
 143,   118286,  9492,  -927, -8542,    23,    81,   -22,   -59,     1,0,0,0,0,0,0,0,0,0,0,0,0,0,0,0,0,0,0,0,0,0,0,0,0,0,0,0,0,0,0,0,0
 144,   119119,  8046,  1787, -9829,     5,    70,     0,   -70,     0,0,0,0,0,0,0,0,0,0,0,0,0,0,0,0,0,0,0,0,0,0,0,0,0,0,0,0,0,0,0,0,0
 145,   119952,  6364,  4234,-10600,    -2,    55,    24,   -76,     3,0,0,0,0,0,0,0,0,0,0,0,0,0,0,0,0,0,0,0,0,0,0,0,0,0,0,0,0,0,0,0,0
 146,   120785,  3869,  6618,-10488,    -2,    39,    45,   -80,     4,0,0,0,0,0,0,0,0,0,0,0,0,0,0,0,0,0,0,0,0,0,0,0,0,0,0,0,0,0,0,0,0
 147,   121618,   893,  8539, -9435,    -3,    22,    62,   -80,     3,0,0,0,0,0,0,0,0,0,0,0,0,0,0,0,0,0,0,0,0,0,0,0,0,0,0,0,0,0,0,0,0
 148,   122451, -1829,  9830, -7996,     5,     0,    71,   -69,     3,0,0,0,0,0,0,0,0,0,0,0,0,0,0,0,0,0,0,0,0,0,0,0,0,0,0,0,0,0,0,0,0
 149,   123284, -4270, 10588, -6297,    21,   -23,    80,   -55,     3,0,0,0,0,0,0,0,0,0,0,0,0,0,0,0,0,0,0,0,0,0,0,0,0,0,0,0,0,0,0,0,0
 150,   124117, -6647, 10507, -3832,    28,   -45,    84,   -39,     0,0,0,0,0,0,0,0,0,0,0,0,0,0,0,0,0,0,0,0,0,0,0,0,0,0,0,0,0,0,0,0,0
 151,   124950, -8520,  9430,  -889,    21,   -61,    83,   -22,     0,0,0,0,0,0,0,0,0,0,0,0,0,0,0,0,0,0,0,0,0,0,0,0,0,0,0,0,0,0,0,0,0
 152,   125783, -9792,  7960,  1835,     3,   -71,    72,     1,     1,0,0,0,0,0,0,0,0,0,0,0,0,0,0,0,0,0,0,0,0,0,0,0,0,0,0,0,0,0,0,0,0
 153,   126616,-10594,  6283,  4301,   -10,   -78,    56,    21,    -1,0,0,0,0,0,0,0,0,0,0,0,0,0,0,0,0,0,0,0,0,0,0,0,0,0,0,0,0,0,0,0,0
 154,   127449,-10526,  3839,  6669,   -18,   -83,    40,    41,    -2,0,0,0,0,0,0,0,0,0,0,0,0,0,0,0,0,0,0,0,0,0,0,0,0,0,0,0,0,0,0,0,0
 155,   128282, -9489,   929,  8539,   -21,   -81,    24,    59,     1,0,0,0,0,0,0,0,0,0,0,0,0,0,0,0,0,0,0,0,0,0,0,0,0,0,0,0,0,0,0,0,0
 156,   129115, -8046, -1792,  9828,   -10,   -72,    -1,    68,    -4,0,0,0,0,0,0,0,0,0,0,0,0,0,0,0,0,0,0,0,0,0,0,0,0,0,0,0,0,0,0,0,0
 157,   129948, -6358, -4241, 10604,     5,   -57,   -25,    77,    -5,0,0,0,0,0,0,0,0,0,0,0,0,0,0,0,0,0,0,0,0,0,0,0,0,0,0,0,0,0,0,0,0
 158,   130781, -3868, -6623, 10492,     1,   -38,   -43,    81,    -1,0,0,0,0,0,0,0,0,0,0,0,0,0,0,0,0,0,0,0,0,0,0,0,0,0,0,0,0,0,0,0,0
 159,   131614,  -896, -8541,  9435,    -2,   -21,   -62,    79,    -5,0,0,0,0,0,0,0,0,0,0,0,0,0,0,0,0,0,0,0,0,0,0,0,0,0,0,0,0,0,0,0,0
 160,   132447,  1829, -9830,  7994,    -8,    -1,   -73,    70,    -4,0,0,0,0,0,0,0,0,0,0,0,0,0,0,0,0,0,0,0,0,0,0,0,0,0,0,0,0,0,0,0,0
 161,   133280,  4267,-10587,  6301,   -19,    24,   -80,    55,    -2,0,0,0,0,0,0,0,0,0,0,0,0,0,0,0,0,0,0,0,0,0,0,0,0,0,0,0,0,0,0,0,0
 162,   134113,  6642,-10502,  3835,   -26,    42,   -85,    38,    -4,0,0,0,0,0,0,0,0,0,0,0,0,0,0,0,0,0,0,0,0,0,0,0,0,0,0,0,0,0,0,0,0
 163,   134946,  8521, -9429,   891,   -17,    60,   -85,    21,    -4,0,0,0,0,0,0,0,0,0,0,0,0,0,0,0,0,0,0,0,0,0,0,0,0,0,0,0,0,0,0,0,0
 164,   135779,  9793, -7960, -1836,    -3,    71,   -74,     0,    -3,0,0,0,0,0,0,0,0,0,0,0,0,0,0,0,0,0,0,0,0,0,0,0,0,0,0,0,0,0,0,0,0
 165,   136612, 10591, -6278, -4307,     6,    79,   -58,   -21,    -1,0,0,0,0,0,0,0,0,0,0,0,0,0,0,0,0,0,0,0,0,0,0,0,0,0,0,0,0,0,0,0,0
 166,   137445, 10528, -3833, -6674,    22,    84,   -42,   -43,    -1,0,0,0,0,0,0,0,0,0,0,0,0,0,0,0,0,0,0,0,0,0,0,0,0,0,0,0,0,0,0,0,0
 167,   138278,  9489,  -925, -8545,    19,    81,   -24,   -60,    -3,0,0,0,0,0,0,0,0,0,0,0,0,0,0,0,0,0,0,0,0,0,0,0,0,0,0,0,0,0,0,0,0
 168,   139111,  8047,  1786, -9830,     3,    71,     1,   -70,     2,0,0,0,0,0,0,0,0,0,0,0,0,0,0,0,0,0,0,0,0,0,0,0,0,0,0,0,0,0,0,0,0
 169,   139944,  6365,  4232,-10601,    -4,    56,    22,   -76,     1,0,0,0,0,0,0,0,0,0,0,0,0,0,0,0,0,0,0,0,0,0,0,0,0,0,0,0,0,0,0,0,0
 170,   140777,  3871,  6615,-10486,     0,    40,    44,   -81,     2,0,0,0,0,0,0,0,0,0,0,0,0,0,0,0,0,0,0,0,0,0,0,0,0,0,0,0,0,0,0,0,0
 171,   141610,   893,  8538, -9436,    -4,    21,    60,   -79,     2,0,0,0,0,0,0,0,0,0,0,0,0,0,0,0,0,0,0,0,0,0,0,0,0,0,0,0,0,0,0,0,0
 172,   142443, -1829,  9829, -7992,     8,    -1,    72,   -71,    -1,0,0,0,0,0,0,0,0,0,0,0,0,0,0,0,0,0,0,0,0,0,0,0,0,0,0,0,0,0,0,0,0
 173,   143276, -4272, 10588, -6296,    20,   -24,    80,   -56,     0,0,0,0,0,0,0,0,0,0,0,0,0,0,0,0,0,0,0,0,0,0,0,0,0,0,0,0,0,0,0,0,0
 174,   144109, -6647, 10506, -3833,    26,   -43,    85,   -40,     2,0,0,0,0,0,0,0,0,0,0,0,0,0,0,0,0,0,0,0,0,0,0,0,0,0,0,0,0,0,0,0,0
 175,   144942, -8521,  9431,  -892,    18,   -60,    82,   -21,     1,0,0,0,0,0,0,0,0,0,0,0,0,0,0,0,0,0,0,0,0,0,0,0,0,0,0,0,0,0,0,0,0
 176,   145775, -9789,  7959,  1835,     5,   -71,    73,    -2,    -1,0,0,0,0,0,0,0,0,0,0,0,0,0,0,0,0,0,0,0,0,0,0,0,0,0,0,0,0,0,0,0,0
 177,   146608,-10592,  6282,  4302,    -8,   -79,    58,    21,     0,0,0,0,0,0,0,0,0,0,0,0,0,0,0,0,0,0,0,0,0,0,0,0,0,0,0,0,0,0,0,0,0
 178,   147441,-10527,  3836,  6667,   -23,   -83,    41,    43,     1,0,0,0,0,0,0,0,0,0,0,0,0,0,0,0,0,0,0,0,0,0,0,0,0,0,0,0,0,0,0,0,0
 179,   148274, -9490,   929,  8542,   -19,   -81,    22,    59,     0,0,0,0,0,0,0,0,0,0,0,0,0,0,0,0,0,0,0,0,0,0,0,0,0,0,0,0,0,0,0,0,0
 180,   149107, -8046, -1788,  9831,    -2,   -71,     0,    68,    -3,0,0,0,0,0,0,0,0,0,0,0,0,0,0,0,0,0,0,0,0,0,0,0,0,0,0,0,0,0,0,0,0
 181,   149940, -6360, -4239, 10603,     4,   -55,   -23,    76,    -2,0,0,0,0,0,0,0,0,0,0,0,0,0,0,0,0,0,0,0,0,0,0,0,0,0,0,0,0,0,0,0,0
 182,   150773, -3869, -6623, 10491,    -1,   -39,   -45,    81,    -2,0,0,0,0,0,0,0,0,0,0,0,0,0,0,0,0,0,0,0,0,0,0,0,0,0,0,0,0,0,0,0,0
 183,   151606,  -895, -8540,  9436,     1,   -22,   -63,    79,    -5,0,0,0,0,0,0,0,0,0,0,0,0,0,0,0,0,0,0,0,0,0,0,0,0,0,0,0,0,0,0,0,0
 184,   152439,  1830, -9832,  7996,    -7,     2,   -72,    69,    -2,0,0,0,0,0,0,0,0,0,0,0,0,0,0,0,0,0,0,0,0,0,0,0,0,0,0,0,0,0,0,0,0
 185,   153272,  4266,-10587,  6302,   -18,    23,   -79,    54,    -2,0,0,0,0,0,0,0,0,0,0,0,0,0,0,0,0,0,0,0,0,0,0,0,0,0,0,0,0,0,0,0,0
 186,   154105,  6641,-10502,  3835,   -26,    43,   -85,    39,    -2,0,0,0,0,0,0,0,0,0,0,0,0,0,0,0,0,0,0,0,0,0,0,0,0,0,0,0,0,0,0,0,0
 187,   154938,  8519, -9428,   891,   -19,    61,   -83,    21,    -1,0,0,0,0,0,0,0,0,0,0,0,0,0,0,0,0,0,0,0,0,0,0,0,0,0,0,0,0,0,0,0,0
 188,   155771,  9791, -7959, -1836,    -4,    70,   -72,     2,    -1,0,0,0,0,0,0,0,0,0,0,0,0,0,0,0,0,0,0,0,0,0,0,0,0,0,0,0,0,0,0,0,0
 189,   156604, 10593, -6279, -4305,     9,    77,   -57,   -22,    -1,0,0,0,0,0,0,0,0,0,0,0,0,0,0,0,0,0,0,0,0,0,0,0,0,0,0,0,0,0,0,0,0
 190,   157437, 10528, -3832, -6673,    23,    83,   -41,   -43,    -1,0,0,0,0,0,0,0,0,0,0,0,0,0,0,0,0,0,0,0,0,0,0,0,0,0,0,0,0,0,0,0,0
 191,   158270,  9489,  -923, -8545,    21,    81,   -23,   -59,    -1,0,0,0,0,0,0,0,0,0,0,0,0,0,0,0,0,0,0,0,0,0,0,0,0,0,0,0,0,0,0,0,0
 192,   159103,  8047,  1785, -9829,     4,    71,     0,   -70,     0,0,0,0,0,0,0,0,0,0,0,0,0,0,0,0,0,0,0,0,0,0,0,0,0,0,0,0,0,0,0,0,0
 193,   159936,  6363,  4232,-10601,    -6,    55,    24,   -77,     2,0,0,0,0,0,0,0,0,0,0,0,0,0,0,0,0,0,0,0,0,0,0,0,0,0,0,0,0,0,0,0,0
 194,   160769,  3873,  6616,-10488,     0,    38,    44,   -82,     0,0,0,0,0,0,0,0,0,0,0,0,0,0,0,0,0,0,0,0,0,0,0,0,0,0,0,0,0,0,0,0,0
 195,   161602,   895,  8540, -9437,    -2,    21,    61,   -79,     3,0,0,0,0,0,0,0,0,0,0,0,0,0,0,0,0,0,0,0,0,0,0,0,0,0,0,0,0,0,0,0,0
 196,   162435, -1830,  9828, -7993,     5,    -1,    71,   -69,     1,0,0,0,0,0,0,0,0,0,0,0,0,0,0,0,0,0,0,0,0,0,0,0,0,0,0,0,0,0,0,0,0
 197,   163268, -4269, 10585, -6295,    22,   -23,    77,   -54,     0,0,0,0,0,0,0,0,0,0,0,0,0,0,0,0,0,0,0,0,0,0,0,0,0,0,0,0,0,0,0,0,0
 198,   164101, -6647, 10507, -3833,    27,   -45,    83,   -40,    -2,0,0,0,0,0,0,0,0,0,0,0,0,0,0,0,0,0,0,0,0,0,0,0,0,0,0,0,0,0,0,0,0
 199,   164934, -8521,  9431,  -890,    20,   -60,    84,   -22,     2,0,0,0,0,0,0,0,0,0,0,0,0,0,0,0,0,0,0,0,0,0,0,0,0,0,0,0,0,0,0,0,0
 200,   165767, -9791,  7963,  1835,     7,   -72,    71,    -1,    -2,0,0,0,0,0,0,0,0,0,0,0,0,0,0,0,0,0,0,0,0,0,0,0,0,0,0,0,0,0,0,0,0
 201,   166600,-10591,  6284,  4301,    -6,   -79,    58,    22,     0,0,0,0,0,0,0,0,0,0,0,0,0,0,0,0,0,0,0,0,0,0,0,0,0,0,0,0,0,0,0,0,0
 202,   167433,-10525,  3835,  6669,   -20,   -84,    40,    44,     0,0,0,0,0,0,0,0,0,0,0,0,0,0,0,0,0,0,0,0,0,0,0,0,0,0,0,0,0,0,0,0,0
 203,   168266, -9490,   929,  8539,   -22,   -81,    22,    58,    -1,0,0,0,0,0,0,0,0,0,0,0,0,0,0,0,0,0,0,0,0,0,0,0,0,0,0,0,0,0,0,0,0
 204,   169099, -8048, -1789,  9830,    -6,   -72,     0,    69,    -4,0,0,0,0,0,0,0,0,0,0,0,0,0,0,0,0,0,0,0,0,0,0,0,0,0,0,0,0,0,0,0,0
 205,   169932, -6362, -4239, 10607,     6,   -56,   -23,    77,    -3,0,0,0,0,0,0,0,0,0,0,0,0,0,0,0,0,0,0,0,0,0,0,0,0,0,0,0,0,0,0,0,0
 206,   170765, -3867, -6623, 10493,     3,   -40,   -42,    81,    -1,0,0,0,0,0,0,0,0,0,0,0,0,0,0,0,0,0,0,0,0,0,0,0,0,0,0,0,0,0,0,0,0
 207,   171598,  -892, -8540,  9433,     1,   -22,   -60,    80,    -2,0,0,0,0,0,0,0,0,0,0,0,0,0,0,0,0,0,0,0,0,0,0,0,0,0,0,0,0,0,0,0,0
 208,   172431,  1829, -9831,  7995,    -8,     0,   -71,    69,    -1,0,0,0,0,0,0,0,0,0,0,0,0,0,0,0,0,0,0,0,0,0,0,0,0,0,0,0,0,0,0,0,0
 209,   173264,  4265,-10588,  6301,   -22,    23,   -79,    55,     0,0,0,0,0,0,0,0,0,0,0,0,0,0,0,0,0,0,0,0,0,0,0,0,0,0,0,0,0,0,0,0,0
 210,   174097,  6643,-10504,  3837,   -24,    43,   -85,    40,    -2,0,0,0,0,0,0,0,0,0,0,0,0,0,0,0,0,0,0,0,0,0,0,0,0,0,0,0,0,0,0,0,0
 211,   174930,  8520, -9430,   892,   -18,    61,   -82,    22,     1,0,0,0,0,0,0,0,0,0,0,0,0,0,0,0,0,0,0,0,0,0,0,0,0,0,0,0,0,0,0,0,0
 212,   175763,  9792, -7959, -1836,    -3,    70,   -71,     1,     0,0,0,0,0,0,0,0,0,0,0,0,0,0,0,0,0,0,0,0,0,0,0,0,0,0,0,0,0,0,0,0,0
 213,   176596, 10590, -6276, -4306,     8,    78,   -57,   -21,     0,0,0,0,0,0,0,0,0,0,0,0,0,0,0,0,0,0,0,0,0,0,0,0,0,0,0,0,0,0,0,0,0
 214,   177429, 10529, -3831, -6679,    20,    82,   -40,   -43,    -1,0,0,0,0,0,0,0,0,0,0,0,0,0,0,0,0,0,0,0,0,0,0,0,0,0,0,0,0,0,0,0,0
 215,   178262,  9490,  -925, -8545,    20,    81,   -22,   -57,     3,0,0,0,0,0,0,0,0,0,0,0,0,0,0,0,0,0,0,0,0,0,0,0,0,0,0,0,0,0,0,0,0
 216,   179095,  8047,  1785, -9829,     4,    70,     0,   -68,     2,0,0,0,0,0,0,0,0,0,0,0,0,0,0,0,0,0,0,0,0,0,0,0,0,0,0,0,0,0,0,0,0
 217,   179928,  6363,  4232,-10598,    -3,    57,    23,   -76,     4,0,0,0,0,0,0,0,0,0,0,0,0,0,0,0,0,0,0,0,0,0,0,0,0,0,0,0,0,0,0,0,0
 218,   180761,  3870,  6616,-10485,     1,    39,    46,   -82,     3,0,0,0,0,0,0,0,0,0,0,0,0,0,0,0,0,0,0,0,0,0,0,0,0,0,0,0,0,0,0,0,0
 219,   181594,   892,  8540, -9435,    -2,    21,    60,   -81,     0,0,0,0,0,0,0,0,0,0,0,0,0,0,0,0,0,0,0,0,0,0,0,0,0,0,0,0,0,0,0,0,0
 220,   182427, -1830,  9832, -7995,     8,     1,    71,   -69,     4,0,0,0,0,0,0,0,0,0,0,0,0,0,0,0,0,0,0,0,0,0,0,0,0,0,0,0,0,0,0,0,0
 221,   183260, -4268, 10587, -6297,    22,   -24,    79,   -55,     0,0,0,0,0,0,0,0,0,0,0,0,0,0,0,0,0,0,0,0,0,0,0,0,0,0,0,0,0,0,0,0,0
 222,   184093, -6646, 10504, -3833,    26,   -43,    85,   -39,     3,0,0,0,0,0,0,0,0,0,0,0,0,0,0,0,0,0,0,0,0,0,0,0,0,0,0,0,0,0,0,0,0
 223,   184926, -8519,  9430,  -891,    20,   -60,    83,   -21,     3,0,0,0,0,0,0,0,0,0,0,0,0,0,0,0,0,0,0,0,0,0,0,0,0,0,0,0,0,0,0,0,0
 224,   185759, -9791,  7961,  1837,     7,   -71,    71,    -1,    -1,0,0,0,0,0,0,0,0,0,0,0,0,0,0,0,0,0,0,0,0,0,0,0,0,0,0,0,0,0,0,0,0
 225,   186592,-10595,  6283,  4304,    -8,   -80,    56,    22,    -1,0,0,0,0,0,0,0,0,0,0,0,0,0,0,0,0,0,0,0,0,0,0,0,0,0,0,0,0,0,0,0,0
 226,   187425,-10526,  3838,  6668,   -20,   -84,    41,    44,     1,0,0,0,0,0,0,0,0,0,0,0,0,0,0,0,0,0,0,0,0,0,0,0,0,0,0,0,0,0,0,0,0
 227,   188258, -9490,   928,  8538,   -24,   -83,    22,    59,    -3,0,0,0,0,0,0,0,0,0,0,0,0,0,0,0,0,0,0,0,0,0,0,0,0,0,0,0,0,0,0,0,0
 228,   189091, -8045, -1788,  9828,    -5,   -70,     1,    69,     0,0,0,0,0,0,0,0,0,0,0,0,0,0,0,0,0,0,0,0,0,0,0,0,0,0,0,0,0,0,0,0,0
 229,   189924, -6360, -4241, 10603,     3,   -56,   -22,    76,    -2,0,0,0,0,0,0,0,0,0,0,0,0,0,0,0,0,0,0,0,0,0,0,0,0,0,0,0,0,0,0,0,0
 230,   190757, -3866, -6626, 10493,     1,   -38,   -44,    82,    -1,0,0,0,0,0,0,0,0,0,0,0,0,0,0,0,0,0,0,0,0,0,0,0,0,0,0,0,0,0,0,0,0
 231,   191590,  -894, -8540,  9435,     1,   -22,   -60,    79,    -3,0,0,0,0,0,0,0,0,0,0,0,0,0,0,0,0,0,0,0,0,0,0,0,0,0,0,0,0,0,0,0,0
 232,   192423,  1828, -9831,  7995,    -9,     2,   -72,    69,     0,0,0,0,0,0,0,0,0,0,0,0,0,0,0,0,0,0,0,0,0,0,0,0,0,0,0,0,0,0,0,0,0
 233,   193256,  4266,-10586,  6301,   -19,    23,   -79,    55,    -2,0,0,0,0,0,0,0,0,0,0,0,0,0,0,0,0,0,0,0,0,0,0,0,0,0,0,0,0,0,0,0,0
 234,   194089,  6643,-10503,  3836,   -24,    42,   -86,    39,    -5,0,0,0,0,0,0,0,0,0,0,0,0,0,0,0,0,0,0,0,0,0,0,0,0,0,0,0,0,0,0,0,0
 235,   194922,  8521, -9428,   889,   -18,    59,   -83,    21,    -2,0,0,0,0,0,0,0,0,0,0,0,0,0,0,0,0,0,0,0,0,0,0,0,0,0,0,0,0,0,0,0,0
 236,   195755,  9793, -7960, -1837,    -4,    70,   -73,     0,    -2,0,0,0,0,0,0,0,0,0,0,0,0,0,0,0,0,0,0,0,0,0,0,0,0,0,0,0,0,0,0,0,0
 237,   196588, 10590, -6279, -4304,     7,    78,   -58,   -22,    -1,0,0,0,0,0,0,0,0,0,0,0,0,0,0,0,0,0,0,0,0,0,0,0,0,0,0,0,0,0,0,0,0
 238,   197421, 10527, -3830, -6675,    22,    83,   -41,   -43,    -1,0,0,0,0,0,0,0,0,0,0,0,0,0,0,0,0,0,0,0,0,0,0,0,0,0,0,0,0,0,0,0,0
 239,   198254,  9488,  -924, -8545,    19,    82,   -22,   -58,     1,0,0,0,0,0,0,0,0,0,0,0,0,0,0,0,0,0,0,0,0,0,0,0,0,0,0,0,0,0,0,0,0
 240,   199087,  8048,  1784, -9829,     4,    70,     1,   -69,     2,0,0,0,0,0,0,0,0,0,0,0,0,0,0,0,0,0,0,0,0,0,0,0,0,0,0,0,0,0,0,0,0
 241,   199920,  6364,  4232,-10602,    -5,    56,    23,   -77,     2,0,0,0,0,0,0,0,0,0,0,0,0,0,0,0,0,0,0,0,0,0,0,0,0,0,0,0,0,0,0,0,0
 242,   200753,  3870,  6616,-10487,    -1,    40,    45,   -80,     5,0,0,0,0,0,0,0,0,0,0,0,0,0,0,0,0,0,0,0,0,0,0,0,0,0,0,0,0,0,0,0,0
 243,   201586,   891,  8539, -9434,    -4,    22,    60,   -81,     1,0,0,0,0,0,0,0,0,0,0,0,0,0,0,0,0,0,0,0,0,0,0,0,0,0,0,0,0,0,0,0,0
 244,   202419, -1829,  9831, -7993,     9,    -1,    70,   -69,     0,0,0,0,0,0,0,0,0,0,0,0,0,0,0,0,0,0,0,0,0,0,0,0,0,0,0,0,0,0,0,0,0
 245,   203252, -4270, 10589, -6297,    22,   -23,    79,   -55,     1,0,0,0,0,0,0,0,0,0,0,0,0,0,0,0,0,0,0,0,0,0,0,0,0,0,0,0,0,0,0,0,0
 246,   204085, -6648, 10506, -3832,    26,   -44,    85,   -39,     2,0,0,0,0,0,0,0,0,0,0,0,0,0,0,0,0,0,0,0,0,0,0,0,0,0,0,0,0,0,0,0,0
 247,   204918, -8519,  9430,  -891,    20,   -61,    83,   -22,    -1,0,0,0,0,0,0,0,0,0,0,0,0,0,0,0,0,0,0,0,0,0,0,0,0,0,0,0,0,0,0,0,0
 248,   205751, -9791,  7959,  1833,     1,   -73,    74,    -1,     0,0,0,0,0,0,0,0,0,0,0,0,0,0,0,0,0,0,0,0,0,0,0,0,0,0,0,0,0,0,0,0,0
 249,   206584,-10593,  6283,  4302,    -8,   -77,    57,    23,     2,0,0,0,0,0,0,0,0,0,0,0,0,0,0,0,0,0,0,0,0,0,0,0,0,0,0,0,0,0,0,0,0
 250,   207417,-10527,  3837,  6669,   -20,   -84,    41,    43,    -1,0,0,0,0,0,0,0,0,0,0,0,0,0,0,0,0,0,0,0,0,0,0,0,0,0,0,0,0,0,0,0,0
 251,   208250, -9490,   927,  8540,   -23,   -80,    22,    58,    -1,0,0,0,0,0,0,0,0,0,0,0,0,0,0,0,0,0,0,0,0,0,0,0,0,0,0,0,0,0,0,0,0
 252,   209083, -8046, -1789,  9829,    -6,   -71,     0,    68,    -2,0,0,0,0,0,0,0,0,0,0,0,0,0,0,0,0,0,0,0,0,0,0,0,0,0,0,0,0,0,0,0,0
 253,   209916, -6360, -4241, 10603,     2,   -57,   -23,    76,    -3,0,0,0,0,0,0,0,0,0,0,0,0,0,0,0,0,0,0,0,0,0,0,0,0,0,0,0,0,0,0,0,0
 254,   210749, -3866, -6624, 10491,     1,   -40,   -45,    80,    -4,0,0,0,0,0,0,0,0,0,0,0,0,0,0,0,0,0,0,0,0,0,0,0,0,0,0,0,0,0,0,0,0
 255,   211582,  -894, -8539,  9435,     2,   -20,   -61,    78,    -3,0,0,0,0,0,0,0,0,0,0,0,0,0,0,0,0,0,0,0,0,0,0,0,0,0,0,0,0,0,0,0,0
 256,   212415,  1828, -9831,  7994,   -10,     2,   -72,    70,     0,0,0,0,0,0,0,0,0,0,0,0,0,0,0,0,0,0,0,0,0,0,0,0,0,0,0,0,0,0,0,0,0
 257,   213248,  4265,-10586,  6303,   -18,    23,   -79,    55,    -1,0,0,0,0,0,0,0,0,0,0,0,0,0,0,0,0,0,0,0,0,0,0,0,0,0,0,0,0,0,0,0,0
 258,   214081,  6642,-10503,  3835,   -26,    44,   -85,    39,    -2,0,0,0,0,0,0,0,0,0,0,0,0,0,0,0,0,0,0,0,0,0,0,0,0,0,0,0,0,0,0,0,0
 259,   214914,  8520, -9426,   888,   -18,    59,   -82,    22,    -1,0,0,0,0,0,0,0,0,0,0,0,0,0,0,0,0,0,0,0,0,0,0,0,0,0,0,0,0,0,0,0,0
 260,   215747,  9792, -7958, -1838,    -5,    73,   -72,     0,     0,0,0,0,0,0,0,0,0,0,0,0,0,0,0,0,0,0,0,0,0,0,0,0,0,0,0,0,0,0,0,0,0
 261,   216580, 10590, -6278, -4304,     7,    78,   -57,   -22,    -1,0,0,0,0,0,0,0,0,0,0,0,0,0,0,0,0,0,0,0,0,0,0,0,0,0,0,0,0,0,0,0,0
 262,   217413, 10529, -3832, -6676,    21,    83,   -40,   -44,     0,0,0,0,0,0,0,0,0,0,0,0,0,0,0,0,0,0,0,0,0,0,0,0,0,0,0,0,0,0,0,0,0
 263,   218246,  9488,  -925, -8542,    21,    80,   -22,   -58,     1,0,0,0,0,0,0,0,0,0,0,0,0,0,0,0,0,0,0,0,0,0,0,0,0,0,0,0,0,0,0,0,0
 264,   219079,  8046,  1786, -9828,     5,    71,     1,   -70,     1,0,0,0,0,0,0,0,0,0,0,0,0,0,0,0,0,0,0,0,0,0,0,0,0,0,0,0,0,0,0,0,0
 265,   219912,  6363,  4233,-10601,    -4,    54,    21,   -77,    -1,0,0,0,0,0,0,0,0,0,0,0,0,0,0,0,0,0,0,0,0,0,0,0,0,0,0,0,0,0,0,0,0
 266,   220745,  3869,  6618,-10487,     0,    40,    45,   -82,     3,0,0,0,0,0,0,0,0,0,0,0,0,0,0,0,0,0,0,0,0,0,0,0,0,0,0,0,0,0,0,0,0
 267,   221578,   893,  8539, -9433,     0,    21,    60,   -79,     2,0,0,0,0,0,0,0,0,0,0,0,0,0,0,0,0,0,0,0,0,0,0,0,0,0,0,0,0,0,0,0,0
 268,   222411, -1829,  9830, -7994,     7,     0,    72,   -68,     3,0,0,0,0,0,0,0,0,0,0,0,0,0,0,0,0,0,0,0,0,0,0,0,0,0,0,0,0,0,0,0,0
 269,   223244, -4271, 10588, -6295,    21,   -21,    78,   -54,     3,0,0,0,0,0,0,0,0,0,0,0,0,0,0,0,0,0,0,0,0,0,0,0,0,0,0,0,0,0,0,0,0
 270,   224077, -6650, 10505, -3830,    25,   -44,    84,   -40,     1,0,0,0,0,0,0,0,0,0,0,0,0,0,0,0,0,0,0,0,0,0,0,0,0,0,0,0,0,0,0,0,0
 271,   224910, -8520,  9429,  -889,    20,   -60,    83,   -21,     2,0,0,0,0,0,0,0,0,0,0,0,0,0,0,0,0,0,0,0,0,0,0,0,0,0,0,0,0,0,0,0,0
 272,   225743, -9792,  7961,  1835,     4,   -69,    73,    -1,     3,0,0,0,0,0,0,0,0,0,0,0,0,0,0,0,0,0,0,0,0,0,0,0,0,0,0,0,0,0,0,0,0
 273,   226576,-10594,  6283,  4302,   -10,   -78,    58,    22,     1,0,0,0,0,0,0,0,0,0,0,0,0,0,0,0,0,0,0,0,0,0,0,0,0,0,0,0,0,0,0,0,0
 274,   227409,-10525,  3835,  6671,   -20,   -83,    41,    43,     0,0,0,0,0,0,0,0,0,0,0,0,0,0,0,0,0,0,0,0,0,0,0,0,0,0,0,0,0,0,0,0,0
 275,   228242, -9488,   925,  8540,   -24,   -83,    22,    59,    -2,0,0,0,0,0,0,0,0,0,0,0,0,0,0,0,0,0,0,0,0,0,0,0,0,0,0,0,0,0,0,0,0
 276,   229075, -8046, -1790,  9829,    -6,   -70,     1,    68,    -2,0,0,0,0,0,0,0,0,0,0,0,0,0,0,0,0,0,0,0,0,0,0,0,0,0,0,0,0,0,0,0,0
 277,   229908, -6359, -4241, 10604,     5,   -55,   -24,    76,    -3,0,0,0,0,0,0,0,0,0,0,0,0,0,0,0,0,0,0,0,0,0,0,0,0,0,0,0,0,0,0,0,0
 278,   230741, -3864, -6625, 10494,     4,   -40,   -44,    81,    -3,0,0,0,0,0,0,0,0,0,0,0,0,0,0,0,0,0,0,0,0,0,0,0,0,0,0,0,0,0,0,0,0
 279,   231574,  -892, -8542,  9434,     0,   -21,   -61,    78,    -4,0,0,0,0,0,0,0,0,0,0,0,0,0,0,0,0,0,0,0,0,0,0,0,0,0,0,0,0,0,0,0,0
 280,   232407,  1829, -9830,  7994,    -8,     1,   -73,    69,    -3,0,0,0,0,0,0,0,0,0,0,0,0,0,0,0,0,0,0,0,0,0,0,0,0,0,0,0,0,0,0,0,0
 281,   233240,  4267,-10587,  6301,   -19,    23,   -79,    55,    -1,0,0,0,0,0,0,0,0,0,0,0,0,0,0,0,0,0,0,0,0,0,0,0,0,0,0,0,0,0,0,0,0
 282,   234073,  6644,-10502,  3831,   -27,    43,   -83,    39,    -2,0,0,0,0,0,0,0,0,0,0,0,0,0,0,0,0,0,0,0,0,0,0,0,0,0,0,0,0,0,0,0,0
 283,   234906,  8521, -9428,   887,   -20,    61,   -82,    23,     1,0,0,0,0,0,0,0,0,0,0,0,0,0,0,0,0,0,0,0,0,0,0,0,0,0,0,0,0,0,0,0,0
 284,   235739,  9793, -7959, -1837,    -3,    71,   -72,     1,     0,0,0,0,0,0,0,0,0,0,0,0,0,0,0,0,0,0,0,0,0,0,0,0,0,0,0,0,0,0,0,0,0
 285,   236572, 10591, -6276, -4307,     8,    78,   -58,   -21,     0,0,0,0,0,0,0,0,0,0,0,0,0,0,0,0,0,0,0,0,0,0,0,0,0,0,0,0,0,0,0,0,0
 286,   237405, 10528, -3829, -6678,    21,    84,   -40,   -43,     1,0,0,0,0,0,0,0,0,0,0,0,0,0,0,0,0,0,0,0,0,0,0,0,0,0,0,0,0,0,0,0,0
 287,   238238,  9488,  -921, -8544,    23,    81,   -22,   -58,     1,0,0,0,0,0,0,0,0,0,0,0,0,0,0,0,0,0,0,0,0,0,0,0,0,0,0,0,0,0,0,0,0
 288,   239071,  8046,  1787, -9829,     5,    71,    -1,   -71,     0,0,0,0,0,0,0,0,0,0,0,0,0,0,0,0,0,0,0,0,0,0,0,0,0,0,0,0,0,0,0,0,0
 289,   239904,  6364,  4233,-10601,    -4,    56,    23,   -76,     3,0,0,0,0,0,0,0,0,0,0,0,0,0,0,0,0,0,0,0,0,0,0,0,0,0,0,0,0,0,0,0,0
 290,   240737,  3870,  6620,-10487,     3,    39,    43,   -81,     1,0,0,0,0,0,0,0,0,0,0,0,0,0,0,0,0,0,0,0,0,0,0,0,0,0,0,0,0,0,0,0,0
 291,   241570,   891,  8542, -9433,    -1,    22,    61,   -79,     4,0,0,0,0,0,0,0,0,0,0,0,0,0,0,0,0,0,0,0,0,0,0,0,0,0,0,0,0,0,0,0,0
 292,   242403, -1830,  9831, -7994,     7,    -1,    72,   -70,     1,0,0,0,0,0,0,0,0,0,0,0,0,0,0,0,0,0,0,0,0,0,0,0,0,0,0,0,0,0,0,0,0
 293,   243236, -4271, 10587, -6295,    20,   -23,    79,   -55,     1,0,0,0,0,0,0,0,0,0,0,0,0,0,0,0,0,0,0,0,0,0,0,0,0,0,0,0,0,0,0,0,0
 294,   244069, -6650, 10507, -3830,    26,   -44,    85,   -38,     3,0,0,0,0,0,0,0,0,0,0,0,0,0,0,0,0,0,0,0,0,0,0,0,0,0,0,0,0,0,0,0,0
 295,   244902, -8520,  9428,  -889,    19,   -59,    82,   -22,     0,0,0,0,0,0,0,0,0,0,0,0,0,0,0,0,0,0,0,0,0,0,0,0,0,0,0,0,0,0,0,0,0
 296,   245735, -9792,  7958,  1836,     2,   -71,    72,     1,     2,0,0,0,0,0,0,0,0,0,0,0,0,0,0,0,0,0,0,0,0,0,0,0,0,0,0,0,0,0,0,0,0
 297,   246568,-10593,  6281,  4304,    -8,   -78,    56,    23,     1,0,0,0,0,0,0,0,0,0,0,0,0,0,0,0,0,0,0,0,0,0,0,0,0,0,0,0,0,0,0,0,0
 298,   247401,-10524,  3833,  6671,   -20,   -84,    41,    43,     1,0,0,0,0,0,0,0,0,0,0,0,0,0,0,0,0,0,0,0,0,0,0,0,0,0,0,0,0,0,0,0,0
 299,   248234, -9489,   926,  8541,   -23,   -82,    22,    59,    -1,0,0,0,0,0,0,0,0,0,0,0,0,0,0,0,0,0,0,0,0,0,0,0,0,0,0,0,0,0,0,0,0
 300,   249067, -8045, -1790,  9830,    -5,   -70,     0,    68,    -2,0,0,0,0,0,0,0,0,0,0,0,0,0,0,0,0,0,0,0,0,0,0,0,0,0,0,0,0,0,0,0,0
 301,   249900, -6358, -4243, 10604,     3,   -56,   -24,    77,    -3,0,0,0,0,0,0,0,0,0,0,0,0,0,0,0,0,0,0,0,0,0,0,0,0,0,0,0,0,0,0,0,0
 302,   250733, -3864, -6626, 10491,     1,   -39,   -44,    81,    -1,0,0,0,0,0,0,0,0,0,0,0,0,0,0,0,0,0,0,0,0,0,0,0,0,0,0,0,0,0,0,0,0
 303,   251566,  -892, -8541,  9434,     1,   -22,   -61,    78,    -5,0,0,0,0,0,0,0,0,0,0,0,0,0,0,0,0,0,0,0,0,0,0,0,0,0,0,0,0,0,0,0,0
 304,   252399,  1832, -9834,  7995,    -8,    -1,   -71,    67,    -5,0,0,0,0,0,0,0,0,0,0,0,0,0,0,0,0,0,0,0,0,0,0,0,0,0,0,0,0,0,0,0,0
 305,   253232,  4267,-10588,  6300,   -20,    24,   -79,    55,     0,0,0,0,0,0,0,0,0,0,0,0,0,0,0,0,0,0,0,0,0,0,0,0,0,0,0,0,0,0,0,0,0
 306,   254065,  6645,-10500,  3830,   -25,    44,   -84,    39,    -1,0,0,0,0,0,0,0,0,0,0,0,0,0,0,0,0,0,0,0,0,0,0,0,0,0,0,0,0,0,0,0,0
 307,   254898,  8521, -9425,   885,   -19,    59,   -82,    21,    -1,0,0,0,0,0,0,0,0,0,0,0,0,0,0,0,0,0,0,0,0,0,0,0,0,0,0,0,0,0,0,0,0
 308,   255731,  9792, -7959, -1839,    -6,    71,   -72,     1,     0,0,0,0,0,0,0,0,0,0,0,0,0,0,0,0,0,0,0,0,0,0,0,0,0,0,0,0,0,0,0,0,0
 309,   256564, 10594, -6277, -4309,     8,    79,   -56,   -22,     0,0,0,0,0,0,0,0,0,0,0,0,0,0,0,0,0,0,0,0,0,0,0,0,0,0,0,0,0,0,0,0,0
 310,   257397, 10530, -3831, -6678,    21,    85,   -41,   -43,     2,0,0,0,0,0,0,0,0,0,0,0,0,0,0,0,0,0,0,0,0,0,0,0,0,0,0,0,0,0,0,0,0
 311,   258230,  9488,  -922, -8545,    21,    82,   -24,   -58,     0,0,0,0,0,0,0,0,0,0,0,0,0,0,0,0,0,0,0,0,0,0,0,0,0,0,0,0,0,0,0,0,0
 312,   259063,  8045,  1787, -9830,     3,    70,     1,   -69,     2,0,0,0,0,0,0,0,0,0,0,0,0,0,0,0,0,0,0,0,0,0,0,0,0,0,0,0,0,0,0,0,0
 313,   259896,  6362,  4234,-10601,    -5,    55,    22,   -75,     3,0,0,0,0,0,0,0,0,0,0,0,0,0,0,0,0,0,0,0,0,0,0,0,0,0,0,0,0,0,0,0,0
 314,   260729,  3867,  6622,-10486,     3,    39,    44,   -81,     2,0,0,0,0,0,0,0,0,0,0,0,0,0,0,0,0,0,0,0,0,0,0,0,0,0,0,0,0,0,0,0,0
 315,   261562,   890,  8541, -9435,    -3,    21,    61,   -79,     3,0,0,0,0,0,0,0,0,0,0,0,0,0,0,0,0,0,0,0,0,0,0,0,0,0,0,0,0,0,0,0,0
 316,   262395, -1831,  9830, -7990,     9,     0,    71,   -69,     2,0,0,0,0,0,0,0,0,0,0,0,0,0,0,0,0,0,0,0,0,0,0,0,0,0,0,0,0,0,0,0,0
 317,   263228, -4274, 10587, -6294,    19,   -23,    78,   -56,     0,0,0,0,0,0,0,0,0,0,0,0,0,0,0,0,0,0,0,0,0,0,0,0,0,0,0,0,0,0,0,0,0
 318,   264061, -6650, 10506, -3830,    26,   -42,    86,   -40,     4,0,0,0,0,0,0,0,0,0,0,0,0,0,0,0,0,0,0,0,0,0,0,0,0,0,0,0,0,0,0,0,0
 319,   264894, -8522,  9429,  -887,    20,   -60,    84,   -21,     3,0,0,0,0,0,0,0,0,0,0,0,0,0,0,0,0,0,0,0,0,0,0,0,0,0,0,0,0,0,0,0,0
 320,   265727, -9794,  7958,  1837,     1,   -70,    71,     0,     1,0,0,0,0,0,0,0,0,0,0,0,0,0,0,0,0,0,0,0,0,0,0,0,0,0,0,0,0,0,0,0,0
 321,   266560,-10591,  6279,  4304,    -8,   -79,    57,    22,     0,0,0,0,0,0,0,0,0,0,0,0,0,0,0,0,0,0,0,0,0,0,0,0,0,0,0,0,0,0,0,0,0
 322,   267393,-10523,  3831,  6673,   -19,   -84,    42,    41,    -1,0,0,0,0,0,0,0,0,0,0,0,0,0,0,0,0,0,0,0,0,0,0,0,0,0,0,0,0,0,0,0,0
 323,   268226, -9487,   924,  8541,   -22,   -82,    22,    58,    -2,0,0,0,0,0,0,0,0,0,0,0,0,0,0,0,0,0,0,0,0,0,0,0,0,0,0,0,0,0,0,0,0
 324,   269059, -8045, -1792,  9831,    -6,   -71,     1,    70,     0,0,0,0,0,0,0,0,0,0,0,0,0,0,0,0,0,0,0,0,0,0,0,0,0,0,0,0,0,0,0,0,0
 325,   269892, -6360, -4243, 10607,     3,   -54,   -21,    77,     2,0,0,0,0,0,0,0,0,0,0,0,0,0,0,0,0,0,0,0,0,0,0,0,0,0,0,0,0,0,0,0,0
 326,   270725, -3863, -6626, 10489,     0,   -40,   -45,    81,    -4,0,0,0,0,0,0,0,0,0,0,0,0,0,0,0,0,0,0,0,0,0,0,0,0,0,0,0,0,0,0,0,0
 327,   271558,  -890, -8541,  9429,    -2,   -22,   -62,    79,    -4,0,0,0,0,0,0,0,0,0,0,0,0,0,0,0,0,0,0,0,0,0,0,0,0,0,0,0,0,0,0,0,0
 328,   272391,  1832, -9832,  7993,    -8,     2,   -71,    69,     0,0,0,0,0,0,0,0,0,0,0,0,0,0,0,0,0,0,0,0,0,0,0,0,0,0,0,0,0,0,0,0,0
 329,   273224,  4270,-10588,  6301,   -17,    24,   -79,    53,    -2,0,0,0,0,0,0,0,0,0,0,0,0,0,0,0,0,0,0,0,0,0,0,0,0,0,0,0,0,0,0,0,0
 330,   274057,  6644,-10503,  3831,   -28,    43,   -83,    40,     0,0,0,0,0,0,0,0,0,0,0,0,0,0,0,0,0,0,0,0,0,0,0,0,0,0,0,0,0,0,0,0,0
 331,   274890,  8523, -9427,   886,   -18,    60,   -83,    21,    -2,0,0,0,0,0,0,0,0,0,0,0,0,0,0,0,0,0,0,0,0,0,0,0,0,0,0,0,0,0,0,0,0
 332,   275723,  9793, -7955, -1840,    -3,    71,   -73,     0,    -3,0,0,0,0,0,0,0,0,0,0,0,0,0,0,0,0,0,0,0,0,0,0,0,0,0,0,0,0,0,0,0,0
 333,   276556, 10591, -6274, -4308,     8,    78,   -57,   -22,    -1,0,0,0,0,0,0,0,0,0,0,0,0,0,0,0,0,0,0,0,0,0,0,0,0,0,0,0,0,0,0,0,0
 334,   277389, 10529, -3828, -6679,    22,    84,   -40,   -41,     2,0,0,0,0,0,0,0,0,0,0,0,0,0,0,0,0,0,0,0,0,0,0,0,0,0,0,0,0,0,0,0,0
 335,   278222,  9489,  -922, -8546,    21,    80,   -22,   -58,     0,0,0,0,0,0,0,0,0,0,0,0,0,0,0,0,0,0,0,0,0,0,0,0,0,0,0,0,0,0,0,0,0
 336,   279055,  8046,  1789, -9830,     5,    71,    -1,   -70,     0,0,0,0,0,0,0,0,0,0,0,0,0,0,0,0,0,0,0,0,0,0,0,0,0,0,0,0,0,0,0,0,0
 337,   279888,  6360,  4234,-10600,    -6,    56,    23,   -76,     3,0,0,0,0,0,0,0,0,0,0,0,0,0,0,0,0,0,0,0,0,0,0,0,0,0,0,0,0,0,0,0,0
 338,   280721,  3865,  6621,-10486,     0,    40,    43,   -81,     1,0,0,0,0,0,0,0,0,0,0,0,0,0,0,0,0,0,0,0,0,0,0,0,0,0,0,0,0,0,0,0,0
 339,   281554,   888,  8543, -9434,    -2,    21,    60,   -80,     2,0,0,0,0,0,0,0,0,0,0,0,0,0,0,0,0,0,0,0,0,0,0,0,0,0,0,0,0,0,0,0,0
 340,   282387, -1833,  9834, -7992,     9,    -1,    71,   -69,     1,0,0,0,0,0,0,0,0,0,0,0,0,0,0,0,0,0,0,0,0,0,0,0,0,0,0,0,0,0,0,0,0
 341,   283220, -4271, 10587, -6295,    21,   -23,    78,   -54,     1,0,0,0,0,0,0,0,0,0,0,0,0,0,0,0,0,0,0,0,0,0,0,0,0,0,0,0,0,0,0,0,0
 342,   284053, -6650, 10504, -3827,    27,   -45,    85,   -40,    -1,0,0,0,0,0,0,0,0,0,0,0,0,0,0,0,0,0,0,0,0,0,0,0,0,0,0,0,0,0,0,0,0
 343,   284886, -8521,  9424,  -887,    16,   -60,    83,   -21,     2,0,0,0,0,0,0,0,0,0,0,0,0,0,0,0,0,0,0,0,0,0,0,0,0,0,0,0,0,0,0,0,0
 344,   285719, -9794,  7958,  1838,     3,   -71,    71,     0,     0,0,0,0,0,0,0,0,0,0,0,0,0,0,0,0,0,0,0,0,0,0,0,0,0,0,0,0,0,0,0,0,0
 345,   286552,-10595,  6280,  4308,    -7,   -78,    57,    22,     1,0,0,0,0,0,0,0,0,0,0,0,0,0,0,0,0,0,0,0,0,0,0,0,0,0,0,0,0,0,0,0,0
 346,   287385,-10523,  3835,  6674,   -14,   -83,    41,    43,     2,0,0,0,0,0,0,0,0,0,0,0,0,0,0,0,0,0,0,0,0,0,0,0,0,0,0,0,0,0,0,0,0
 347,   288218, -9489,   924,  8541,   -25,   -84,    22,    59,    -3,0,0,0,0,0,0,0,0,0,0,0,0,0,0,0,0,0,0,0,0,0,0,0,0,0,0,0,0,0,0,0,0
 348,   289051, -8043, -1792,  9831,    -4,   -71,     1,    69,    -1,0,0,0,0,0,0,0,0,0,0,0,0,0,0,0,0,0,0,0,0,0,0,0,0,0,0,0,0,0,0,0,0
 349,   289884, -6356, -4243, 10608,     9,   -56,   -23,    77,    -2,0,0,0,0,0,0,0,0,0,0,0,0,0,0,0,0,0,0,0,0,0,0,0,0,0,0,0,0,0,0,0,0
 350,   290717, -3863, -6629, 10492,     0,   -40,   -44,    81,    -3,0,0,0,0,0,0,0,0,0,0,0,0,0,0,0,0,0,0,0,0,0,0,0,0,0,0,0,0,0,0,0,0
 351,   291550,  -890, -8543,  9433,     0,   -21,   -61,    79,    -3,0,0,0,0,0,0,0,0,0,0,0,0,0,0,0,0,0,0,0,0,0,0,0,0,0,0,0,0,0,0,0,0
 352,   292383,  1830, -9830,  7991,   -10,     1,   -72,    69,    -2,0,0,0,0,0,0,0,0,0,0,0,0,0,0,0,0,0,0,0,0,0,0,0,0,0,0,0,0,0,0,0,0
 353,   293216,  4271,-10587,  6298,   -18,    22,   -80,    55,    -3,0,0,0,0,0,0,0,0,0,0,0,0,0,0,0,0,0,0,0,0,0,0,0,0,0,0,0,0,0,0,0,0
 354,   294049,  6648,-10501,  3831,   -22,    44,   -86,    39,    -2,0,0,0,0,0,0,0,0,0,0,0,0,0,0,0,0,0,0,0,0,0,0,0,0,0,0,0,0,0,0,0,0
 355,   294882,  8525, -9427,   884,   -18,    59,   -82,    21,    -2,0,0,0,0,0,0,0,0,0,0,0,0,0,0,0,0,0,0,0,0,0,0,0,0,0,0,0,0,0,0,0,0
 356,   295715,  9794, -7956, -1841,    -3,    71,   -72,     1,     0,0,0,0,0,0,0,0,0,0,0,0,0,0,0,0,0,0,0,0,0,0,0,0,0,0,0,0,0,0,0,0,0
 357,   296548, 10592, -6275, -4309,     8,    79,   -58,   -22,    -1,0,0,0,0,0,0,0,0,0,0,0,0,0,0,0,0,0,0,0,0,0,0,0,0,0,0,0,0,0,0,0,0
 358,   297381, 10525, -3825, -6679,    21,    83,   -42,   -43,    -2,0,0,0,0,0,0,0,0,0,0,0,0,0,0,0,0,0,0,0,0,0,0,0,0,0,0,0,0,0,0,0,0
 359,   298214,  9489,  -920, -8547,    22,    80,   -23,   -58,     0,0,0,0,0,0,0,0,0,0,0,0,0,0,0,0,0,0,0,0,0,0,0,0,0,0,0,0,0,0,0,0,0
 360,   299047,  8047,  1789, -9831,     5,    70,    -2,   -69,    -1,0,0,0,0,0,0,0,0,0,0,0,0,0,0,0,0,0,0,0,0,0,0,0,0,0,0,0,0,0,0,0,0
 361,   299880,  6361,  4237,-10602,    -4,    56,    24,   -77,     3,0,0,0,0,0,0,0,0,0,0,0,0,0,0,0,0,0,0,0,0,0,0,0,0,0,0,0,0,0,0,0,0
 362,   300713,  3864,  6618,-10483,    -2,    39,    44,   -81,     2,0,0,0,0,0,0,0,0,0,0,0,0,0,0,0,0,0,0,0,0,0,0,0,0,0,0,0,0,0,0,0,0
 363,   301546,   888,  8540, -9429,    -2,    22,    60,   -79,     3,0,0,0,0,0,0,0,0,0,0,0,0,0,0,0,0,0,0,0,0,0,0,0,0,0,0,0,0,0,0,0,0
 364,   302379, -1834,  9832, -7991,     7,    -1,    71,   -68,     2,0,0,0,0,0,0,0,0,0,0,0,0,0,0,0,0,0,0,0,0,0,0,0,0,0,0,0,0,0,0,0,0
 365,   303212, -4273, 10590, -6295,    22,   -22,    79,   -54,     3,0,0,0,0,0,0,0,0,0,0,0,0,0,0,0,0,0,0,0,0,0,0,0,0,0,0,0,0,0,0,0,0
 366,   304045, -6652, 10505, -3827,    26,   -44,    85,   -39,     2,0,0,0,0,0,0,0,0,0,0,0,0,0,0,0,0,0,0,0,0,0,0,0,0,0,0,0,0,0,0,0,0
 367,   304878, -8520,  9427,  -886,    21,   -59,    82,   -20,     3,0,0,0,0,0,0,0,0,0,0,0,0,0,0,0,0,0,0,0,0,0,0,0,0,0,0,0,0,0,0,0,0
 368,   305711, -9792,  7957,  1838,     3,   -70,    74,     0,     4,0,0,0,0,0,0,0,0,0,0,0,0,0,0,0,0,0,0,0,0,0,0,0,0,0,0,0,0,0,0,0,0
 369,   306544,-10592,  6278,  4306,    -8,   -78,    58,    22,     3,0,0,0,0,0,0,0,0,0,0,0,0,0,0,0,0,0,0,0,0,0,0,0,0,0,0,0,0,0,0,0,0
 370,   307377,-10526,  3832,  6673,   -21,   -84,    41,    44,     1,0,0,0,0,0,0,0,0,0,0,0,0,0,0,0,0,0,0,0,0,0,0,0,0,0,0,0,0,0,0,0,0
 371,   308210, -9486,   921,  8543,   -22,   -81,    22,    59,    -1,0,0,0,0,0,0,0,0,0,0,0,0,0,0,0,0,0,0,0,0,0,0,0,0,0,0,0,0,0,0,0,0
 372,   309043, -8044, -1793,  9831,    -6,   -70,     1,    69,    -1,0,0,0,0,0,0,0,0,0,0,0,0,0,0,0,0,0,0,0,0,0,0,0,0,0,0,0,0,0,0,0,0
 373,   309876, -6357, -4243, 10604,     3,   -55,   -24,    76,    -2,0,0,0,0,0,0,0,0,0,0,0,0,0,0,0,0,0,0,0,0,0,0,0,0,0,0,0,0,0,0,0,0
 374,   310709, -3862, -6628, 10490,     0,   -39,   -42,    82,     0,0,0,0,0,0,0,0,0,0,0,0,0,0,0,0,0,0,0,0,0,0,0,0,0,0,0,0,0,0,0,0,0
 375,   311542,  -888, -8542,  9433,     3,   -20,   -61,    80,    -2,0,0,0,0,0,0,0,0,0,0,0,0,0,0,0,0,0,0,0,0,0,0,0,0,0,0,0,0,0,0,0,0
 376,   312375,  1829, -9831,  7993,   -10,     1,   -72,    70,    -1,0,0,0,0,0,0,0,0,0,0,0,0,0,0,0,0,0,0,0,0,0,0,0,0,0,0,0,0,0,0,0,0
 377,   313208,  4267,-10587,  6300,   -20,    22,   -78,    54,    -2,0,0,0,0,0,0,0,0,0,0,0,0,0,0,0,0,0,0,0,0,0,0,0,0,0,0,0,0,0,0,0,0
 378,   314041,  6645,-10500,  3832,   -24,    43,   -83,    40,     0,0,0,0,0,0,0,0,0,0,0,0,0,0,0,0,0,0,0,0,0,0,0,0,0,0,0,0,0,0,0,0,0
 379,   314874,  8522, -9425,   883,   -20,    59,   -83,    22,    -2,0,0,0,0,0,0,0,0,0,0,0,0,0,0,0,0,0,0,0,0,0,0,0,0,0,0,0,0,0,0,0,0
 380,   315707,  9793, -7956, -1841,    -4,    71,   -72,     0,    -1,0,0,0,0,0,0,0,0,0,0,0,0,0,0,0,0,0,0,0,0,0,0,0,0,0,0,0,0,0,0,0,0
 381,   316540, 10592, -6278, -4310,     4,    77,   -57,   -24,    -4,0,0,0,0,0,0,0,0,0,0,0,0,0,0,0,0,0,0,0,0,0,0,0,0,0,0,0,0,0,0,0,0
 382,   317373, 10527, -3825, -6680,    22,    85,   -41,   -43,     1,0,0,0,0,0,0,0,0,0,0,0,0,0,0,0,0,0,0,0,0,0,0,0,0,0,0,0,0,0,0,0,0
 383,   318206,  9487,  -920, -8546,    21,    82,   -22,   -60,     0,0,0,0,0,0,0,0,0,0,0,0,0,0,0,0,0,0,0,0,0,0,0,0,0,0,0,0,0,0,0,0,0
 384,   319039,  8045,  1791, -9829,     8,    72,    -1,   -69,     1,0,0,0,0,0,0,0,0,0,0,0,0,0,0,0,0,0,0,0,0,0,0,0,0,0,0,0,0,0,0,0,0
 385,   319872,  6361,  4236,-10603,    -5,    56,    23,   -77,     3,0,0,0,0,0,0,0,0,0,0,0,0,0,0,0,0,0,0,0,0,0,0,0,0,0,0,0,0,0,0,0,0
 386,   320705,  3865,  6619,-10487,    -3,    39,    44,   -81,     1,0,0,0,0,0,0,0,0,0,0,0,0,0,0,0,0,0,0,0,0,0,0,0,0,0,0,0,0,0,0,0,0
 387,   321538,   890,  8542, -9431,     0,    21,    61,   -79,     3,0,0,0,0,0,0,0,0,0,0,0,0,0,0,0,0,0,0,0,0,0,0,0,0,0,0,0,0,0,0,0,0
 388,   322371, -1832,  9831, -7991,     8,     1,    70,   -69,     2,0,0,0,0,0,0,0,0,0,0,0,0,0,0,0,0,0,0,0,0,0,0,0,0,0,0,0,0,0,0,0,0
 389,   323204, -4272, 10586, -6294,    20,   -23,    78,   -55,     0,0,0,0,0,0,0,0,0,0,0,0,0,0,0,0,0,0,0,0,0,0,0,0,0,0,0,0,0,0,0,0,0
 390,   324037, -6651, 10504, -3826,    27,   -44,    86,   -41,     1,0,0,0,0,0,0,0,0,0,0,0,0,0,0,0,0,0,0,0,0,0,0,0,0,0,0,0,0,0,0,0,0
 391,   324870, -8521,  9426,  -885,    20,   -60,    84,   -22,     1,0,0,0,0,0,0,0,0,0,0,0,0,0,0,0,0,0,0,0,0,0,0,0,0,0,0,0,0,0,0,0,0
 392,   325703, -9793,  7958,  1839,     5,   -71,    74,     1,     4,0,0,0,0,0,0,0,0,0,0,0,0,0,0,0,0,0,0,0,0,0,0,0,0,0,0,0,0,0,0,0,0
 393,   326536,-10595,  6281,  4305,    -9,   -77,    56,    22,     1,0,0,0,0,0,0,0,0,0,0,0,0,0,0,0,0,0,0,0,0,0,0,0,0,0,0,0,0,0,0,0,0
 394,   327369,-10525,  3834,  6672,   -19,   -83,    41,    42,    -1,0,0,0,0,0,0,0,0,0,0,0,0,0,0,0,0,0,0,0,0,0,0,0,0,0,0,0,0,0,0,0,0
 395,   328202, -9486,   920,  8543,   -23,   -82,    22,    59,    -1,0,0,0,0,0,0,0,0,0,0,0,0,0,0,0,0,0,0,0,0,0,0,0,0,0,0,0,0,0,0,0,0
 396,   329035, -8044, -1796,  9832,    -7,   -70,     2,    69,     0,0,0,0,0,0,0,0,0,0,0,0,0,0,0,0,0,0,0,0,0,0,0,0,0,0,0,0,0,0,0,0,0
 397,   329868, -6357, -4242, 10604,     5,   -55,   -23,    76,    -2,0,0,0,0,0,0,0,0,0,0,0,0,0,0,0,0,0,0,0,0,0,0,0,0,0,0,0,0,0,0,0,0
 398,   330701, -3864, -6626, 10490,     0,   -40,   -43,    83,     0,0,0,0,0,0,0,0,0,0,0,0,0,0,0,0,0,0,0,0,0,0,0,0,0,0,0,0,0,0,0,0,0
 399,   331534,  -890, -8542,  9431,     0,   -22,   -61,    80,    -3,0,0,0,0,0,0,0,0,0,0,0,0,0,0,0,0,0,0,0,0,0,0,0,0,0,0,0,0,0,0,0,0
 400,   332367,  1834, -9831,  7991,    -7,     1,   -71,    71,     0,0,0,0,0,0,0,0,0,0,0,0,0,0,0,0,0,0,0,0,0,0,0,0,0,0,0,0,0,0,0,0,0
 401,   333200,  4270,-10586,  6300,   -15,    23,   -79,    55,    -1,0,0,0,0,0,0,0,0,0,0,0,0,0,0,0,0,0,0,0,0,0,0,0,0,0,0,0,0,0,0,0,0
 402,   334033,  6644,-10500,  3829,   -27,    44,   -83,    40,     1,0,0,0,0,0,0,0,0,0,0,0,0,0,0,0,0,0,0,0,0,0,0,0,0,0,0,0,0,0,0,0,0
 403,   334866,  8524, -9426,   883,   -19,    60,   -85,    21,    -3,0,0,0,0,0,0,0,0,0,0,0,0,0,0,0,0,0,0,0,0,0,0,0,0,0,0,0,0,0,0,0,0
 404,   335699,  9793, -7955, -1842,    -4,    70,   -73,     2,    -1,0,0,0,0,0,0,0,0,0,0,0,0,0,0,0,0,0,0,0,0,0,0,0,0,0,0,0,0,0,0,0,0
 405,   336532, 10593, -6275, -4309,     9,    80,   -57,   -22,     1,0,0,0,0,0,0,0,0,0,0,0,0,0,0,0,0,0,0,0,0,0,0,0,0,0,0,0,0,0,0,0,0
 406,   337365, 10528, -3826, -6681,    21,    86,   -40,   -43,     2,0,0,0,0,0,0,0,0,0,0,0,0,0,0,0,0,0,0,0,0,0,0,0,0,0,0,0,0,0,0,0,0
 407,   338198,  9486,  -919, -8547,    20,    83,   -22,   -59,     2,0,0,0,0,0,0,0,0,0,0,0,0,0,0,0,0,0,0,0,0,0,0,0,0,0,0,0,0,0,0,0,0
 408,   339031,  8043,  1792, -9831,     5,    70,     0,   -69,     1,0,0,0,0,0,0,0,0,0,0,0,0,0,0,0,0,0,0,0,0,0,0,0,0,0,0,0,0,0,0,0,0
 409,   339864,  6362,  4234,-10601,    -4,    56,    23,   -76,     3,0,0,0,0,0,0,0,0,0,0,0,0,0,0,0,0,0,0,0,0,0,0,0,0,0,0,0,0,0,0,0,0
 410,   340697,  3864,  6620,-10484,    -1,    39,    45,   -81,     3,0,0,0,0,0,0,0,0,0,0,0,0,0,0,0,0,0,0,0,0,0,0,0,0,0,0,0,0,0,0,0,0
 411,   341530,   887,  8543, -9431,    -1,    21,    61,   -80,     2,0,0,0,0,0,0,0,0,0,0,0,0,0,0,0,0,0,0,0,0,0,0,0,0,0,0,0,0,0,0,0,0
 412,   342363, -1834,  9833, -7990,     9,    -1,    72,   -70,     2,0,0,0,0,0,0,0,0,0,0,0,0,0,0,0,0,0,0,0,0,0,0,0,0,0,0,0,0,0,0,0,0
 413,   343196, -4273, 10589, -6295,    20,   -22,    79,   -56,     1,0,0,0,0,0,0,0,0,0,0,0,0,0,0,0,0,0,0,0,0,0,0,0,0,0,0,0,0,0,0,0,0
 414,   344029, -6652, 10506, -3827,    27,   -44,    85,   -39,     3,0,0,0,0,0,0,0,0,0,0,0,0,0,0,0,0,0,0,0,0,0,0,0,0,0,0,0,0,0,0,0,0
 415,   344862, -8521,  9425,  -884,    19,   -60,    82,   -21,     1,0,0,0,0,0,0,0,0,0,0,0,0,0,0,0,0,0,0,0,0,0,0,0,0,0,0,0,0,0,0,0,0
 416,   345695, -9794,  7956,  1838,     0,   -69,    71,     0,     1,0,0,0,0,0,0,0,0,0,0,0,0,0,0,0,0,0,0,0,0,0,0,0,0,0,0,0,0,0,0,0,0
 417,   346528,-10593,  6281,  4306,    -6,   -77,    56,    22,     1,0,0,0,0,0,0,0,0,0,0,0,0,0,0,0,0,0,0,0,0,0,0,0,0,0,0,0,0,0,0,0,0
 418,   347361,-10523,  3833,  6672,   -18,   -84,    42,    43,     0,0,0,0,0,0,0,0,0,0,0,0,0,0,0,0,0,0,0,0,0,0,0,0,0,0,0,0,0,0,0,0,0
 419,   348194, -9483,   921,  8545,   -17,   -82,    22,    60,     0,0,0,0,0,0,0,0,0,0,0,0,0,0,0,0,0,0,0,0,0,0,0,0,0,0,0,0,0,0,0,0,0
 420,   349027, -8043, -1795,  9832,    -6,   -72,     0,    69,    -2,0,0,0,0,0,0,0,0,0,0,0,0,0,0,0,0,0,0,0,0,0,0,0,0,0,0,0,0,0,0,0,0
 421,   349860, -6356, -4245, 10605,     5,   -55,   -23,    76,    -2,0,0,0,0,0,0,0,0,0,0,0,0,0,0,0,0,0,0,0,0,0,0,0,0,0,0,0,0,0,0,0,0
 422,   350693, -3862, -6630, 10489,    -3,   -41,   -45,    82,    -3,0,0,0,0,0,0,0,0,0,0,0,0,0,0,0,0,0,0,0,0,0,0,0,0,0,0,0,0,0,0,0,0
 423,   351526,  -888, -8542,  9431,     1,   -21,   -62,    81,    -2,0,0,0,0,0,0,0,0,0,0,0,0,0,0,0,0,0,0,0,0,0,0,0,0,0,0,0,0,0,0,0,0
 424,   352359,  1834, -9831,  7991,    -7,     1,   -70,    70,     0,0,0,0,0,0,0,0,0,0,0,0,0,0,0,0,0,0,0,0,0,0,0,0,0,0,0,0,0,0,0,0,0
 425,   353192,  4268,-10586,  6300,   -17,    23,   -79,    54,    -2,0,0,0,0,0,0,0,0,0,0,0,0,0,0,0,0,0,0,0,0,0,0,0,0,0,0,0,0,0,0,0,0
 426,   354025,  6644,-10499,  3829,   -26,    43,   -84,    40,    -1,0,0,0,0,0,0,0,0,0,0,0,0,0,0,0,0,0,0,0,0,0,0,0,0,0,0,0,0,0,0,0,0
 427,   354858,  8523, -9425,   882,   -20,    60,   -84,    21,    -2,0,0,0,0,0,0,0,0,0,0,0,0,0,0,0,0,0,0,0,0,0,0,0,0,0,0,0,0,0,0,0,0
 428,   355691,  9794, -7956, -1840,    -2,    71,   -72,     0,    -1,0,0,0,0,0,0,0,0,0,0,0,0,0,0,0,0,0,0,0,0,0,0,0,0,0,0,0,0,0,0,0,0
 429,   356524, 10592, -6274, -4311,     7,    78,   -58,   -22,    -3,0,0,0,0,0,0,0,0,0,0,0,0,0,0,0,0,0,0,0,0,0,0,0,0,0,0,0,0,0,0,0,0
 430,   357357, 10528, -3825, -6681,    22,    84,   -39,   -43,     2,0,0,0,0,0,0,0,0,0,0,0,0,0,0,0,0,0,0,0,0,0,0,0,0,0,0,0,0,0,0,0,0
 431,   358190,  9485,  -917, -8546,    22,    81,   -22,   -58,     1,0,0,0,0,0,0,0,0,0,0,0,0,0,0,0,0,0,0,0,0,0,0,0,0,0,0,0,0,0,0,0,0
 432,   359023,  8042,  1790, -9829,     3,    71,     0,   -69,     2,0,0,0,0,0,0,0,0,0,0,0,0,0,0,0,0,0,0,0,0,0,0,0,0,0,0,0,0,0,0,0,0
 433,   359856,  6361,  4236,-10602,    -4,    55,    23,   -75,     3,0,0,0,0,0,0,0,0,0,0,0,0,0,0,0,0,0,0,0,0,0,0,0,0,0,0,0,0,0,0,0,0
 434,   360689,  3865,  6622,-10485,     2,    39,    45,   -82,     1,0,0,0,0,0,0,0,0,0,0,0,0,0,0,0,0,0,0,0,0,0,0,0,0,0,0,0,0,0,0,0,0
 435,   361522,   886,  8543, -9430,    -1,    21,    62,   -80,     3,0,0,0,0,0,0,0,0,0,0,0,0,0,0,0,0,0,0,0,0,0,0,0,0,0,0,0,0,0,0,0,0
 436,   362355, -1833,  9831, -7989,     9,     0,    72,   -69,     3,0,0,0,0,0,0,0,0,0,0,0,0,0,0,0,0,0,0,0,0,0,0,0,0,0,0,0,0,0,0,0,0
 437,   363188, -4274, 10588, -6293,    21,   -23,    80,   -55,     2,0,0,0,0,0,0,0,0,0,0,0,0,0,0,0,0,0,0,0,0,0,0,0,0,0,0,0,0,0,0,0,0
 438,   364021, -6652, 10506, -3825,    29,   -45,    84,   -39,     0,0,0,0,0,0,0,0,0,0,0,0,0,0,0,0,0,0,0,0,0,0,0,0,0,0,0,0,0,0,0,0,0
 439,   364854, -8523,  9426,  -884,    19,   -61,    83,   -21,     1,0,0,0,0,0,0,0,0,0,0,0,0,0,0,0,0,0,0,0,0,0,0,0,0,0,0,0,0,0,0,0,0
 440,   365687, -9792,  7957,  1838,     3,   -71,    73,     1,     3,0,0,0,0,0,0,0,0,0,0,0,0,0,0,0,0,0,0,0,0,0,0,0,0,0,0,0,0,0,0,0,0
 441,   366520,-10591,  6278,  4308,    -5,   -78,    57,    23,     2,0,0,0,0,0,0,0,0,0,0,0,0,0,0,0,0,0,0,0,0,0,0,0,0,0,0,0,0,0,0,0,0
 442,   367353,-10521,  3828,  6674,   -19,   -84,    42,    42,     1,0,0,0,0,0,0,0,0,0,0,0,0,0,0,0,0,0,0,0,0,0,0,0,0,0,0,0,0,0,0,0,0
 443,   368186, -9485,   920,  8545,   -20,   -82,    22,    59,    -1,0,0,0,0,0,0,0,0,0,0,0,0,0,0,0,0,0,0,0,0,0,0,0,0,0,0,0,0,0,0,0,0
 444,   369019, -8042, -1794,  9833,    -3,   -70,     1,    70,     1,0,0,0,0,0,0,0,0,0,0,0,0,0,0,0,0,0,0,0,0,0,0,0,0,0,0,0,0,0,0,0,0
 445,   369852, -6358, -4245, 10606,     3,   -55,   -24,    76,    -3,0,0,0,0,0,0,0,0,0,0,0,0,0,0,0,0,0,0,0,0,0,0,0,0,0,0,0,0,0,0,0,0
 446,   370685, -3861, -6627, 10489,     1,   -40,   -43,    82,    -1,0,0,0,0,0,0,0,0,0,0,0,0,0,0,0,0,0,0,0,0,0,0,0,0,0,0,0,0,0,0,0,0
 447,   371518,  -885, -8542,  9429,     2,   -19,   -60,    79,    -1,0,0,0,0,0,0,0,0,0,0,0,0,0,0,0,0,0,0,0,0,0,0,0,0,0,0,0,0,0,0,0,0
 448,   372351,  1833, -9831,  7990,    -8,     0,   -70,    69,    -1,0,0,0,0,0,0,0,0,0,0,0,0,0,0,0,0,0,0,0,0,0,0,0,0,0,0,0,0,0,0,0,0
 449,   373184,  4268,-10589,  6299,   -22,    23,   -79,    55,    -1,0,0,0,0,0,0,0,0,0,0,0,0,0,0,0,0,0,0,0,0,0,0,0,0,0,0,0,0,0,0,0,0
 450,   374017,  6646,-10500,  3831,   -23,    44,   -84,    40,     0,0,0,0,0,0,0,0,0,0,0,0,0,0,0,0,0,0,0,0,0,0,0,0,0,0,0,0,0,0,0,0,0
 451,   374850,  8522, -9424,   883,   -20,    57,   -81,    23,    -1,0,0,0,0,0,0,0,0,0,0,0,0,0,0,0,0,0,0,0,0,0,0,0,0,0,0,0,0,0,0,0,0
 452,   375683,  9791, -7951, -1844,    -3,    71,   -72,     1,     0,0,0,0,0,0,0,0,0,0,0,0,0,0,0,0,0,0,0,0,0,0,0,0,0,0,0,0,0,0,0,0,0
 453,   376516, 10593, -6271, -4311,    11,    78,   -55,   -22,     0,0,0,0,0,0,0,0,0,0,0,0,0,0,0,0,0,0,0,0,0,0,0,0,0,0,0,0,0,0,0,0,0
 454,   377349, 10527, -3826, -6681,    20,    83,   -41,   -43,    -1,0,0,0,0,0,0,0,0,0,0,0,0,0,0,0,0,0,0,0,0,0,0,0,0,0,0,0,0,0,0,0,0
 455,   378182,  9486,  -917, -8547,    22,    81,   -24,   -59,    -1,0,0,0,0,0,0,0,0,0,0,0,0,0,0,0,0,0,0,0,0,0,0,0,0,0,0,0,0,0,0,0,0
 456,   379015,  8043,  1791, -9832,     2,    71,     1,   -68,     5,0,0,0,0,0,0,0,0,0,0,0,0,0,0,0,0,0,0,0,0,0,0,0,0,0,0,0,0,0,0,0,0
 457,   379848,  6358,  4236,-10602,    -7,    56,    22,   -76,     2,0,0,0,0,0,0,0,0,0,0,0,0,0,0,0,0,0,0,0,0,0,0,0,0,0,0,0,0,0,0,0,0
 458,   380681,  3861,  6622,-10484,    -1,    40,    44,   -82,     2,0,0,0,0,0,0,0,0,0,0,0,0,0,0,0,0,0,0,0,0,0,0,0,0,0,0,0,0,0,0,0,0
 459,   381514,   883,  8545, -9430,    -2,    21,    61,   -80,     2,0,0,0,0,0,0,0,0,0,0,0,0,0,0,0,0,0,0,0,0,0,0,0,0,0,0,0,0,0,0,0,0
 460,   382347, -1836,  9832, -7990,     7,    -2,    72,   -70,     0,0,0,0,0,0,0,0,0,0,0,0,0,0,0,0,0,0,0,0,0,0,0,0,0,0,0,0,0,0,0,0,0
 461,   383180, -4273, 10589, -6293,    23,   -21,    77,   -54,     3,0,0,0,0,0,0,0,0,0,0,0,0,0,0,0,0,0,0,0,0,0,0,0,0,0,0,0,0,0,0,0,0
 462,   384013, -6653, 10502, -3824,    25,   -45,    84,   -40,    -1,0,0,0,0,0,0,0,0,0,0,0,0,0,0,0,0,0,0,0,0,0,0,0,0,0,0,0,0,0,0,0,0
 463,   384846, -8523,  9423,  -881,    18,   -60,    82,   -21,     1,0,0,0,0,0,0,0,0,0,0,0,0,0,0,0,0,0,0,0,0,0,0,0,0,0,0,0,0,0,0,0,0
 464,   385679, -9795,  7955,  1842,     2,   -71,    73,     0,     2,0,0,0,0,0,0,0,0,0,0,0,0,0,0,0,0,0,0,0,0,0,0,0,0,0,0,0,0,0,0,0,0
 465,   386512,-10594,  6278,  4309,    -7,   -79,    56,    22,     0,0,0,0,0,0,0,0,0,0,0,0,0,0,0,0,0,0,0,0,0,0,0,0,0,0,0,0,0,0,0,0,0
 466,   387345,-10523,  3831,  6673,   -19,   -82,    41,    43,     2,0,0,0,0,0,0,0,0,0,0,0,0,0,0,0,0,0,0,0,0,0,0,0,0,0,0,0,0,0,0,0,0
 467,   388178, -9484,   919,  8543,   -22,   -82,    23,    57,    -2,0,0,0,0,0,0,0,0,0,0,0,0,0,0,0,0,0,0,0,0,0,0,0,0,0,0,0,0,0,0,0,0
 468,   389011, -8040, -1796,  9830,    -6,   -71,     2,    68,    -1,0,0,0,0,0,0,0,0,0,0,0,0,0,0,0,0,0,0,0,0,0,0,0,0,0,0,0,0,0,0,0,0
 469,   389844, -6357, -4245, 10606,     4,   -56,   -23,    77,    -2,0,0,0,0,0,0,0,0,0,0,0,0,0,0,0,0,0,0,0,0,0,0,0,0,0,0,0,0,0,0,0,0
 470,   390677, -3860, -6630, 10490,     0,   -39,   -46,    82,    -3,0,0,0,0,0,0,0,0,0,0,0,0,0,0,0,0,0,0,0,0,0,0,0,0,0,0,0,0,0,0,0,0
 471,   391510,  -885, -8544,  9431,     2,   -21,   -62,    80,    -3,0,0,0,0,0,0,0,0,0,0,0,0,0,0,0,0,0,0,0,0,0,0,0,0,0,0,0,0,0,0,0,0
 472,   392343,  1834, -9831,  7990,    -8,     1,   -70,    69,     0,0,0,0,0,0,0,0,0,0,0,0,0,0,0,0,0,0,0,0,0,0,0,0,0,0,0,0,0,0,0,0,0
 473,   393176,  4271,-10586,  6296,   -19,    23,   -79,    56,     0,0,0,0,0,0,0,0,0,0,0,0,0,0,0,0,0,0,0,0,0,0,0,0,0,0,0,0,0,0,0,0,0
 474,   394009,  6649,-10500,  3828,   -24,    44,   -85,    39,    -2,0,0,0,0,0,0,0,0,0,0,0,0,0,0,0,0,0,0,0,0,0,0,0,0,0,0,0,0,0,0,0,0
 475,   394842,  8526, -9424,   879,   -19,    59,   -83,    21,    -2,0,0,0,0,0,0,0,0,0,0,0,0,0,0,0,0,0,0,0,0,0,0,0,0,0,0,0,0,0,0,0,0
 476,   395675,  9794, -7953, -1845,    -3,    71,   -72,     2,     1,0,0,0,0,0,0,0,0,0,0,0,0,0,0,0,0,0,0,0,0,0,0,0,0,0,0,0,0,0,0,0,0
 477,   396508, 10592, -6272, -4310,    10,    78,   -57,   -21,     0,0,0,0,0,0,0,0,0,0,0,0,0,0,0,0,0,0,0,0,0,0,0,0,0,0,0,0,0,0,0,0,0
 478,   397341, 10525, -3824, -6680,    20,    84,   -41,   -42,     1,0,0,0,0,0,0,0,0,0,0,0,0,0,0,0,0,0,0,0,0,0,0,0,0,0,0,0,0,0,0,0,0
 479,   398174,  9485,  -916, -8549,    20,    81,   -21,   -59,     0,0,0,0,0,0,0,0,0,0,0,0,0,0,0,0,0,0,0,0,0,0,0,0,0,0,0,0,0,0,0,0,0
 480,   399007,  8043,  1794, -9834,     3,    71,     0,   -71,     0,0,0,0,0,0,0,0,0,0,0,0,0,0,0,0,0,0,0,0,0,0,0,0,0,0,0,0,0,0,0,0,0
 481,   399840,  6359,  4237,-10603,    -6,    56,    23,   -77,     2,0,0,0,0,0,0,0,0,0,0,0,0,0,0,0,0,0,0,0,0,0,0,0,0,0,0,0,0,0,0,0,0
 482,   400673,  3861,  6624,-10482,     2,    39,    43,   -82,     0,0,0,0,0,0,0,0,0,0,0,0,0,0,0,0,0,0,0,0,0,0,0,0,0,0,0,0,0,0,0,0,0
 483,   401506,   884,  8544, -9427,     0,    22,    61,   -79,     4,0,0,0,0,0,0,0,0,0,0,0,0,0,0,0,0,0,0,0,0,0,0,0,0,0,0,0,0,0,0,0,0
 484,   402339, -1838,  9832, -7989,     6,     0,    71,   -69,     2,0,0,0,0,0,0,0,0,0,0,0,0,0,0,0,0,0,0,0,0,0,0,0,0,0,0,0,0,0,0,0,0
 485,   403172, -4276, 10590, -6293,    21,   -23,    80,   -55,     2,0,0,0,0,0,0,0,0,0,0,0,0,0,0,0,0,0,0,0,0,0,0,0,0,0,0,0,0,0,0,0,0
 486,   404005, -6655, 10505, -3824,    26,   -44,    85,   -39,     1,0,0,0,0,0,0,0,0,0,0,0,0,0,0,0,0,0,0,0,0,0,0,0,0,0,0,0,0,0,0,0,0
 487,   404838, -8523,  9425,  -882,    19,   -59,    83,   -21,     3,0,0,0,0,0,0,0,0,0,0,0,0,0,0,0,0,0,0,0,0,0,0,0,0,0,0,0,0,0,0,0,0
 488,   405671, -9792,  7954,  1841,     3,   -71,    73,     0,     2,0,0,0,0,0,0,0,0,0,0,0,0,0,0,0,0,0,0,0,0,0,0,0,0,0,0,0,0,0,0,0,0
 489,   406504,-10594,  6276,  4310,    -9,   -79,    57,    20,    -2,0,0,0,0,0,0,0,0,0,0,0,0,0,0,0,0,0,0,0,0,0,0,0,0,0,0,0,0,0,0,0,0
 490,   407337,-10526,  3829,  6676,   -21,   -84,    40,    43,    -1,0,0,0,0,0,0,0,0,0,0,0,0,0,0,0,0,0,0,0,0,0,0,0,0,0,0,0,0,0,0,0,0
 491,   408170, -9486,   919,  8546,   -20,   -82,    22,    59,    -1,0,0,0,0,0,0,0,0,0,0,0,0,0,0,0,0,0,0,0,0,0,0,0,0,0,0,0,0,0,0,0,0
 492,   409003, -8041, -1797,  9833,    -5,   -71,    -1,    69,    -3,0,0,0,0,0,0,0,0,0,0,0,0,0,0,0,0,0,0,0,0,0,0,0,0,0,0,0,0,0,0,0,0
 493,   409836, -6354, -4247, 10602,     1,   -55,   -24,    77,    -2,0,0,0,0,0,0,0,0,0,0,0,0,0,0,0,0,0,0,0,0,0,0,0,0,0,0,0,0,0,0,0,0
 494,   410669, -3857, -6630, 10489,     2,   -41,   -45,    82,    -4,0,0,0,0,0,0,0,0,0,0,0,0,0,0,0,0,0,0,0,0,0,0,0,0,0,0,0,0,0,0,0,0
 495,   411502,  -883, -8545,  9429,     1,   -20,   -62,    80,    -3,0,0,0,0,0,0,0,0,0,0,0,0,0,0,0,0,0,0,0,0,0,0,0,0,0,0,0,0,0,0,0,0
 496,   412335,  1839, -9832,  7990,    -4,     2,   -73,    71,     0,0,0,0,0,0,0,0,0,0,0,0,0,0,0,0,0,0,0,0,0,0,0,0,0,0,0,0,0,0,0,0,0
 497,   413168,  4273,-10586,  6296,   -17,    24,   -79,    55,     0,0,0,0,0,0,0,0,0,0,0,0,0,0,0,0,0,0,0,0,0,0,0,0,0,0,0,0,0,0,0,0,0
 498,   414001,  6648,-10498,  3826,   -24,    43,   -84,    40,    -1,0,0,0,0,0,0,0,0,0,0,0,0,0,0,0,0,0,0,0,0,0,0,0,0,0,0,0,0,0,0,0,0
 499,   414834,  8524, -9419,   877,   -18,    61,   -82,    21,     0,0,0,0,0,0,0,0,0,0,0,0,0,0,0,0,0,0,0,0,0,0,0,0,0,0,0,0,0,0,0,0,0
 500,   415667,  9795, -7954, -1846,    -4,    71,   -72,     1,     0,0,0,0,0,0,0,0,0,0,0,0,0,0,0,0,0,0,0,0,0,0,0,0,0,0,0,0,0,0,0,0,0
 501,   416500, 10594, -6274, -4314,     6,    79,   -59,   -22,    -2,0,0,0,0,0,0,0,0,0,0,0,0,0,0,0,0,0,0,0,0,0,0,0,0,0,0,0,0,0,0,0,0
 502,   417333, 10527, -3823, -6681,    23,    84,   -40,   -43,     1,0,0,0,0,0,0,0,0,0,0,0,0,0,0,0,0,0,0,0,0,0,0,0,0,0,0,0,0,0,0,0,0
 503,   418166,  9485,  -917, -8547,    21,    82,   -23,   -59,     1,0,0,0,0,0,0,0,0,0,0,0,0,0,0,0,0,0,0,0,0,0,0,0,0,0,0,0,0,0,0,0,0
 504,   418999,  8039,  1796, -9831,     4,    71,     0,   -70,     1,0,0,0,0,0,0,0,0,0,0,0,0,0,0,0,0,0,0,0,0,0,0,0,0,0,0,0,0,0,0,0,0
 505,   419832,  6358,  4240,-10604,    -5,    56,    23,   -75,     4,0,0,0,0,0,0,0,0,0,0,0,0,0,0,0,0,0,0,0,0,0,0,0,0,0,0,0,0,0,0,0,0
 506,   420665,  3863,  6624,-10484,     3,    39,    44,   -81,     2,0,0,0,0,0,0,0,0,0,0,0,0,0,0,0,0,0,0,0,0,0,0,0,0,0,0,0,0,0,0,0,0
 507,   421498,   883,  8544, -9428,    -1,    21,    61,   -79,     3,0,0,0,0,0,0,0,0,0,0,0,0,0,0,0,0,0,0,0,0,0,0,0,0,0,0,0,0,0,0,0,0
 508,   422331, -1836,  9832, -7987,     9,    -1,    72,   -69,     3,0,0,0,0,0,0,0,0,0,0,0,0,0,0,0,0,0,0,0,0,0,0,0,0,0,0,0,0,0,0,0,0
 509,   423164, -4276, 10587, -6289,    21,   -23,    78,   -55,     0,0,0,0,0,0,0,0,0,0,0,0,0,0,0,0,0,0,0,0,0,0,0,0,0,0,0,0,0,0,0,0,0
 510,   423997, -6656, 10506, -3824,    26,   -44,    85,   -39,     2,0,0,0,0,0,0,0,0,0,0,0,0,0,0,0,0,0,0,0,0,0,0,0,0,0,0,0,0,0,0,0,0
 511,   424830, -8525,  9428,  -883,    20,   -60,    83,   -21,     2,0,0,0,0,0,0,0,0,0,0,0,0,0,0,0,0,0,0,0,0,0,0,0,0,0,0,0,0,0,0,0,0
 512,   425663, -9794,  7955,  1842,     3,   -71,    74,     0,     3,0,0,0,0,0,0,0,0,0,0,0,0,0,0,0,0,0,0,0,0,0,0,0,0,0,0,0,0,0,0,0,0
 513,   426496,-10596,  6277,  4306,   -14,   -79,    56,    23,     0,0,0,0,0,0,0,0,0,0,0,0,0,0,0,0,0,0,0,0,0,0,0,0,0,0,0,0,0,0,0,0,0
 514,   427329,-10521,  3830,  6671,   -20,   -84,    41,    42,    -1,0,0,0,0,0,0,0,0,0,0,0,0,0,0,0,0,0,0,0,0,0,0,0,0,0,0,0,0,0,0,0,0
 515,   428162, -9486,   919,  8543,   -24,   -80,    21,    60,     1,0,0,0,0,0,0,0,0,0,0,0,0,0,0,0,0,0,0,0,0,0,0,0,0,0,0,0,0,0,0,0,0
 516,   428995, -8042, -1796,  9834,    -4,   -70,     0,    70,    -1,0,0,0,0,0,0,0,0,0,0,0,0,0,0,0,0,0,0,0,0,0,0,0,0,0,0,0,0,0,0,0,0
 517,   429828, -6357, -4245, 10605,     3,   -56,   -23,    77,    -2,0,0,0,0,0,0,0,0,0,0,0,0,0,0,0,0,0,0,0,0,0,0,0,0,0,0,0,0,0,0,0,0
 518,   430661, -3862, -6629, 10491,     0,   -38,   -44,    82,     0,0,0,0,0,0,0,0,0,0,0,0,0,0,0,0,0,0,0,0,0,0,0,0,0,0,0,0,0,0,0,0,0
 519,   431494,  -885, -8542,  9430,     3,   -21,   -62,    79,    -4,0,0,0,0,0,0,0,0,0,0,0,0,0,0,0,0,0,0,0,0,0,0,0,0,0,0,0,0,0,0,0,0
 520,   432327,  1834, -9832,  7990,    -8,     2,   -71,    70,     2,0,0,0,0,0,0,0,0,0,0,0,0,0,0,0,0,0,0,0,0,0,0,0,0,0,0,0,0,0,0,0,0
 521,   433160,  4272,-10589,  6298,   -19,    23,   -78,    55,     0,0,0,0,0,0,0,0,0,0,0,0,0,0,0,0,0,0,0,0,0,0,0,0,0,0,0,0,0,0,0,0,0
 522,   433993,  6647,-10500,  3829,   -24,    44,   -86,    39,    -3,0,0,0,0,0,0,0,0,0,0,0,0,0,0,0,0,0,0,0,0,0,0,0,0,0,0,0,0,0,0,0,0
 523,   434826,  8523, -9423,   881,   -19,    60,   -82,    22,     0,0,0,0,0,0,0,0,0,0,0,0,0,0,0,0,0,0,0,0,0,0,0,0,0,0,0,0,0,0,0,0,0
 524,   435659,  9791, -7955, -1841,    -4,    71,   -72,    -1,    -1,0,0,0,0,0,0,0,0,0,0,0,0,0,0,0,0,0,0,0,0,0,0,0,0,0,0,0,0,0,0,0,0
 525,   436492, 10594, -6274, -4309,    11,    79,   -58,   -21,    -1,0,0,0,0,0,0,0,0,0,0,0,0,0,0,0,0,0,0,0,0,0,0,0,0,0,0,0,0,0,0,0,0
 526,   437325, 10528, -3825, -6681,    22,    83,   -40,   -42,     0,0,0,0,0,0,0,0,0,0,0,0,0,0,0,0,0,0,0,0,0,0,0,0,0,0,0,0,0,0,0,0,0
 527,   438158,  9485,  -916, -8547,    22,    81,   -22,   -57,     2,0,0,0,0,0,0,0,0,0,0,0,0,0,0,0,0,0,0,0,0,0,0,0,0,0,0,0,0,0,0,0,0
 528,   438991,  8043,  1791, -9829,     5,    71,     0,   -69,     2,0,0,0,0,0,0,0,0,0,0,0,0,0,0,0,0,0,0,0,0,0,0,0,0,0,0,0,0,0,0,0,0
 529,   439824,  6359,  4234,-10601,    -7,    56,    22,   -76,     3,0,0,0,0,0,0,0,0,0,0,0,0,0,0,0,0,0,0,0,0,0,0,0,0,0,0,0,0,0,0,0,0
 530,   440657,  3864,  6622,-10485,     1,    39,    45,   -80,     4,0,0,0,0,0,0,0,0,0,0,0,0,0,0,0,0,0,0,0,0,0,0,0,0,0,0,0,0,0,0,0,0
 531,   441490,   884,  8542, -9430,    -4,    19,    62,   -81,     0,0,0,0,0,0,0,0,0,0,0,0,0,0,0,0,0,0,0,0,0,0,0,0,0,0,0,0,0,0,0,0,0
 532,   442323, -1834,  9832, -7990,     7,     0,    72,   -69,     3,0,0,0,0,0,0,0,0,0,0,0,0,0,0,0,0,0,0,0,0,0,0,0,0,0,0,0,0,0,0,0,0
 533,   443156, -4273, 10587, -6294,    20,   -23,    80,   -56,     1,0,0,0,0,0,0,0,0,0,0,0,0,0,0,0,0,0,0,0,0,0,0,0,0,0,0,0,0,0,0,0,0
 534,   443989, -6652, 10506, -3828,    26,   -43,    84,   -40,     1,0,0,0,0,0,0,0,0,0,0,0,0,0,0,0,0,0,0,0,0,0,0,0,0,0,0,0,0,0,0,0,0
 535,   444822, -8522,  9427,  -885,    19,   -59,    85,   -21,     5,0,0,0,0,0,0,0,0,0,0,0,0,0,0,0,0,0,0,0,0,0,0,0,0,0,0,0,0,0,0,0,0
 536,   445655, -9792,  7957,  1841,     6,   -71,    73,     1,     2,0,0,0,0,0,0,0,0,0,0,0,0,0,0,0,0,0,0,0,0,0,0,0,0,0,0,0,0,0,0,0,0
 537,   446488,-10595,  6281,  4305,    -9,   -79,    57,    22,     0,0,0,0,0,0,0,0,0,0,0,0,0,0,0,0,0,0,0,0,0,0,0,0,0,0,0,0,0,0,0,0,0
 538,   447321,-10525,  3834,  6671,   -20,   -84,    41,    43,    -1,0,0,0,0,0,0,0,0,0,0,0,0,0,0,0,0,0,0,0,0,0,0,0,0,0,0,0,0,0,0,0,0
 539,   448154, -9485,   923,  8541,   -21,   -81,    22,    58,    -1,0,0,0,0,0,0,0,0,0,0,0,0,0,0,0,0,0,0,0,0,0,0,0,0,0,0,0,0,0,0,0,0
 540,   448987, -8044, -1795,  9830,    -9,   -69,     1,    70,     2,0,0,0,0,0,0,0,0,0,0,0,0,0,0,0,0,0,0,0,0,0,0,0,0,0,0,0,0,0,0,0,0
 541,   449820, -6358, -4242, 10605,     5,   -55,   -23,    77,    -1,0,0,0,0,0,0,0,0,0,0,0,0,0,0,0,0,0,0,0,0,0,0,0,0,0,0,0,0,0,0,0,0
 542,   450653, -3864, -6625, 10491,     2,   -40,   -45,    81,    -3,0,0,0,0,0,0,0,0,0,0,0,0,0,0,0,0,0,0,0,0,0,0,0,0,0,0,0,0,0,0,0,0
 543,   451486,  -893, -8542,  9431,    -3,   -22,   -61,    80,    -3,0,0,0,0,0,0,0,0,0,0,0,0,0,0,0,0,0,0,0,0,0,0,0,0,0,0,0,0,0,0,0,0
 544,   452319,  1831, -9830,  7991,    -8,     1,   -71,    70,     1,0,0,0,0,0,0,0,0,0,0,0,0,0,0,0,0,0,0,0,0,0,0,0,0,0,0,0,0,0,0,0,0
 545,   453152,  4268,-10585,  6300,   -17,    23,   -80,    56,    -1,0,0,0,0,0,0,0,0,0,0,0,0,0,0,0,0,0,0,0,0,0,0,0,0,0,0,0,0,0,0,0,0
 546,   453985,  6642,-10503,  3832,   -28,    44,   -83,    39,     0,0,0,0,0,0,0,0,0,0,0,0,0,0,0,0,0,0,0,0,0,0,0,0,0,0,0,0,0,0,0,0,0
 547,   454818,  8522, -9425,   887,   -17,    60,   -81,    21,     0,0,0,0,0,0,0,0,0,0,0,0,0,0,0,0,0,0,0,0,0,0,0,0,0,0,0,0,0,0,0,0,0
 548,   455651,  9792, -7957, -1838,    -3,    72,   -73,     1,     0,0,0,0,0,0,0,0,0,0,0,0,0,0,0,0,0,0,0,0,0,0,0,0,0,0,0,0,0,0,0,0,0
 549,   456484, 10591, -6276, -4306,     9,    78,   -58,   -21,     0,0,0,0,0,0,0,0,0,0,0,0,0,0,0,0,0,0,0,0,0,0,0,0,0,0,0,0,0,0,0,0,0
 550,   457317, 10528, -3829, -6678,    21,    82,   -42,   -42,    -2,0,0,0,0,0,0,0,0,0,0,0,0,0,0,0,0,0,0,0,0,0,0,0,0,0,0,0,0,0,0,0,0
 551,   458150,  9488,  -921, -8546,    21,    80,   -23,   -59,    -2,0,0,0,0,0,0,0,0,0,0,0,0,0,0,0,0,0,0,0,0,0,0,0,0,0,0,0,0,0,0,0,0
 552,   458983,  8045,  1789, -9830,     4,    71,     0,   -68,     3,0,0,0,0,0,0,0,0,0,0,0,0,0,0,0,0,0,0,0,0,0,0,0,0,0,0,0,0,0,0,0,0
 553,   459816,  6363,  4233,-10600,    -3,    56,    22,   -76,     2,0,0,0,0,0,0,0,0,0,0,0,0,0,0,0,0,0,0,0,0,0,0,0,0,0,0,0,0,0,0,0,0
 554,   460649,  3867,  6617,-10485,    -1,    39,    44,   -81,     2,0,0,0,0,0,0,0,0,0,0,0,0,0,0,0,0,0,0,0,0,0,0,0,0,0,0,0,0,0,0,0,0
 555,   461482,   890,  8541, -9432,    -1,    21,    62,   -80,     3,0,0,0,0,0,0,0,0,0,0,0,0,0,0,0,0,0,0,0,0,0,0,0,0,0,0,0,0,0,0,0,0
 556,   462315, -1833,  9831, -7990,     9,    -1,    71,   -69,     1,0,0,0,0,0,0,0,0,0,0,0,0,0,0,0,0,0,0,0,0,0,0,0,0,0,0,0,0,0,0,0,0
 557,   463148, -4273, 10589, -6295,    21,   -24,    78,   -55,    -2,0,0,0,0,0,0,0,0,0,0,0,0,0,0,0,0,0,0,0,0,0,0,0,0,0,0,0,0,0,0,0,0
 558,   463981, -6650, 10507, -3830,    26,   -43,    84,   -40,     1,0,0,0,0,0,0,0,0,0,0,0,0,0,0,0,0,0,0,0,0,0,0,0,0,0,0,0,0,0,0,0,0
 559,   464814, -8521,  9427,  -889,    16,   -59,    83,   -21,     3,0,0,0,0,0,0,0,0,0,0,0,0,0,0,0,0,0,0,0,0,0,0,0,0,0,0,0,0,0,0,0,0
 560,   465647, -9792,  7957,  1838,     4,   -71,    72,     0,     0,0,0,0,0,0,0,0,0,0,0,0,0,0,0,0,0,0,0,0,0,0,0,0,0,0,0,0,0,0,0,0,0
 561,   466480,-10592,  6283,  4303,    -6,   -78,    58,    22,     2,0,0,0,0,0,0,0,0,0,0,0,0,0,0,0,0,0,0,0,0,0,0,0,0,0,0,0,0,0,0,0,0
 562,   467313,-10523,  3832,  6670,   -21,   -84,    41,    43,     1,0,0,0,0,0,0,0,0,0,0,0,0,0,0,0,0,0,0,0,0,0,0,0,0,0,0,0,0,0,0,0,0
 563,   468146, -9488,   923,  8542,   -23,   -81,    23,    60,     2,0,0,0,0,0,0,0,0,0,0,0,0,0,0,0,0,0,0,0,0,0,0,0,0,0,0,0,0,0,0,0,0
 564,   468979, -8044, -1791,  9829,    -6,   -70,     0,    69,     0,0,0,0,0,0,0,0,0,0,0,0,0,0,0,0,0,0,0,0,0,0,0,0,0,0,0,0,0,0,0,0,0
 565,   469812, -6359, -4242, 10604,     3,   -55,   -23,    76,    -2,0,0,0,0,0,0,0,0,0,0,0,0,0,0,0,0,0,0,0,0,0,0,0,0,0,0,0,0,0,0,0,0
 566,   470645, -3864, -6628, 10490,    -2,   -41,   -45,    82,    -5,0,0,0,0,0,0,0,0,0,0,0,0,0,0,0,0,0,0,0,0,0,0,0,0,0,0,0,0,0,0,0,0
 567,   471478,  -889, -8539,  9431,     3,   -20,   -63,    80,    -3,0,0,0,0,0,0,0,0,0,0,0,0,0,0,0,0,0,0,0,0,0,0,0,0,0,0,0,0,0,0,0,0
 568,   472311,  1831, -9830,  7992,    -7,     0,   -72,    70,    -2,0,0,0,0,0,0,0,0,0,0,0,0,0,0,0,0,0,0,0,0,0,0,0,0,0,0,0,0,0,0,0,0
 569,   473144,  4265,-10588,  6302,   -21,    25,   -79,    55,     2,0,0,0,0,0,0,0,0,0,0,0,0,0,0,0,0,0,0,0,0,0,0,0,0,0,0,0,0,0,0,0,0
 570,   473977,  6645,-10503,  3831,   -26,    45,   -83,    39,     1,0,0,0,0,0,0,0,0,0,0,0,0,0,0,0,0,0,0,0,0,0,0,0,0,0,0,0,0,0,0,0,0
 571,   474810,  8523, -9426,   885,   -19,    58,   -82,    22,    -2,0,0,0,0,0,0,0,0,0,0,0,0,0,0,0,0,0,0,0,0,0,0,0,0,0,0,0,0,0,0,0,0
 572,   475643,  9790, -7956, -1842,    -7,    71,   -73,     0,    -2,0,0,0,0,0,0,0,0,0,0,0,0,0,0,0,0,0,0,0,0,0,0,0,0,0,0,0,0,0,0,0,0
 573,   476476, 10590, -6275, -4308,     7,    78,   -58,   -22,    -2,0,0,0,0,0,0,0,0,0,0,0,0,0,0,0,0,0,0,0,0,0,0,0,0,0,0,0,0,0,0,0,0
 574,   477309, 10530, -3828, -6678,    24,    84,   -40,   -43,     1,0,0,0,0,0,0,0,0,0,0,0,0,0,0,0,0,0,0,0,0,0,0,0,0,0,0,0,0,0,0,0,0
 575,   478142,  9490,  -923, -8547,    20,    81,   -23,   -59,     0,0,0,0,0,0,0,0,0,0,0,0,0,0,0,0,0,0,0,0,0,0,0,0,0,0,0,0,0,0,0,0,0
 576,   478975,  8045,  1790, -9829,     6,    71,    -1,   -70,     1,0,0,0,0,0,0,0,0,0,0,0,0,0,0,0,0,0,0,0,0,0,0,0,0,0,0,0,0,0,0,0,0
 577,   479808,  6362,  4232,-10599,    -5,    56,    23,   -74,     5,0,0,0,0,0,0,0,0,0,0,0,0,0,0,0,0,0,0,0,0,0,0,0,0,0,0,0,0,0,0,0,0
 578,   480641,  3866,  6619,-10485,     0,    39,    43,   -81,     2,0,0,0,0,0,0,0,0,0,0,0,0,0,0,0,0,0,0,0,0,0,0,0,0,0,0,0,0,0,0,0,0
 579,   481474,   889,  8542, -9433,    -2,    22,    61,   -81,     2,0,0,0,0,0,0,0,0,0,0,0,0,0,0,0,0,0,0,0,0,0,0,0,0,0,0,0,0,0,0,0,0
 580,   482307, -1833,  9831, -7992,     6,     0,    71,   -70,     0,0,0,0,0,0,0,0,0,0,0,0,0,0,0,0,0,0,0,0,0,0,0,0,0,0,0,0,0,0,0,0,0
 581,   483140, -4271, 10589, -6296,    22,   -22,    79,   -56,     2,0,0,0,0,0,0,0,0,0,0,0,0,0,0,0,0,0,0,0,0,0,0,0,0,0,0,0,0,0,0,0,0
 582,   483973, -6650, 10504, -3829,    25,   -42,    83,   -39,     3,0,0,0,0,0,0,0,0,0,0,0,0,0,0,0,0,0,0,0,0,0,0,0,0,0,0,0,0,0,0,0,0
 583,   484806, -8522,  9427,  -886,    19,   -61,    84,   -21,     2,0,0,0,0,0,0,0,0,0,0,0,0,0,0,0,0,0,0,0,0,0,0,0,0,0,0,0,0,0,0,0,0
 584,   485639, -9792,  7959,  1838,     5,   -72,    73,     0,     1,0,0,0,0,0,0,0,0,0,0,0,0,0,0,0,0,0,0,0,0,0,0,0,0,0,0,0,0,0,0,0,0
 585,   486472,-10593,  6282,  4304,    -7,   -79,    57,    21,    -1,0,0,0,0,0,0,0,0,0,0,0,0,0,0,0,0,0,0,0,0,0,0,0,0,0,0,0,0,0,0,0,0
 586,   487305,-10524,  3834,  6671,   -19,   -82,    40,    42,     0,0,0,0,0,0,0,0,0,0,0,0,0,0,0,0,0,0,0,0,0,0,0,0,0,0,0,0,0,0,0,0,0
 587,   488138, -9487,   924,  8542,   -20,   -81,    21,    58,    -2,0,0,0,0,0,0,0,0,0,0,0,0,0,0,0,0,0,0,0,0,0,0,0,0,0,0,0,0,0,0,0,0
 588,   488971, -8040, -1792,  9829,    -2,   -72,     1,    70,    -1,0,0,0,0,0,0,0,0,0,0,0,0,0,0,0,0,0,0,0,0,0,0,0,0,0,0,0,0,0,0,0,0
 589,   489804, -6358, -4243, 10607,     7,   -56,   -21,    76,    -1,0,0,0,0,0,0,0,0,0,0,0,0,0,0,0,0,0,0,0,0,0,0,0,0,0,0,0,0,0,0,0,0
 590,   490637, -3865, -6628, 10492,    -1,   -41,   -44,    82,    -3,0,0,0,0,0,0,0,0,0,0,0,0,0,0,0,0,0,0,0,0,0,0,0,0,0,0,0,0,0,0,0,0
 591,   491470,  -889, -8538,  9433,     6,   -20,   -59,    80,     1,0,0,0,0,0,0,0,0,0,0,0,0,0,0,0,0,0,0,0,0,0,0,0,0,0,0,0,0,0,0,0,0
 592,   492303,  1833, -9831,  7990,    -9,     0,   -72,    68,    -4,0,0,0,0,0,0,0,0,0,0,0,0,0,0,0,0,0,0,0,0,0,0,0,0,0,0,0,0,0,0,0,0
 593,   493136,  4269,-10586,  6299,   -17,    22,   -79,    56,    -2,0,0,0,0,0,0,0,0,0,0,0,0,0,0,0,0,0,0,0,0,0,0,0,0,0,0,0,0,0,0,0,0
 594,   493969,  6646,-10502,  3833,   -23,    44,   -84,    40,     0,0,0,0,0,0,0,0,0,0,0,0,0,0,0,0,0,0,0,0,0,0,0,0,0,0,0,0,0,0,0,0,0
 595,   494802,  8524, -9426,   886,   -17,    60,   -82,    20,    -2,0,0,0,0,0,0,0,0,0,0,0,0,0,0,0,0,0,0,0,0,0,0,0,0,0,0,0,0,0,0,0,0
 596,   495635,  9793, -7955, -1841,    -3,    71,   -73,     1,    -1,0,0,0,0,0,0,0,0,0,0,0,0,0,0,0,0,0,0,0,0,0,0,0,0,0,0,0,0,0,0,0,0
 597,   496468, 10591, -6274, -4307,    10,    78,   -56,   -23,    -1,0,0,0,0,0,0,0,0,0,0,0,0,0,0,0,0,0,0,0,0,0,0,0,0,0,0,0,0,0,0,0,0
 598,   497301, 10525, -3827, -6678,    20,    84,   -40,   -42,     1,0,0,0,0,0,0,0,0,0,0,0,0,0,0,0,0,0,0,0,0,0,0,0,0,0,0,0,0,0,0,0,0
 599,   498134,  9489,  -921, -8546,    22,    81,   -22,   -58,     0,0,0,0,0,0,0,0,0,0,0,0,0,0,0,0,0,0,0,0,0,0,0,0,0,0,0,0,0,0,0,0,0
 600,   498967,  8045,  1789, -9829,     5,    71,     0,   -68,     2,0,0,0,0,0,0,0,0,0,0,0,0,0,0,0,0,0,0,0,0,0,0,0,0,0,0,0,0,0,0,0,0
 601,   499800,  6363,  4233,-10600,    -3,    56,    23,   -76,     3,0,0,0,0,0,0,0,0,0,0,0,0,0,0,0,0,0,0,0,0,0,0,0,0,0,0,0,0,0,0,0,0
 602,   500633,  3864,  6622,-10485,     1,    39,    44,   -80,     2,0,0,0,0,0,0,0,0,0,0,0,0,0,0,0,0,0,0,0,0,0,0,0,0,0,0,0,0,0,0,0,0
 603,   501466,   889,  8542, -9432,    -1,    21,    60,   -80,     1,0,0,0,0,0,0,0,0,0,0,0,0,0,0,0,0,0,0,0,0,0,0,0,0,0,0,0,0,0,0,0,0
 604,   502299, -1834,  9831, -7989,     9,     0,    71,   -70,     2,0,0,0,0,0,0,0,0,0,0,0,0,0,0,0,0,0,0,0,0,0,0,0,0,0,0,0,0,0,0,0,0
 605,   503132, -4273, 10588, -6295,    20,   -22,    78,   -55,     2,0,0,0,0,0,0,0,0,0,0,0,0,0,0,0,0,0,0,0,0,0,0,0,0,0,0,0,0,0,0,0,0
 606,   503965, -6651, 10506, -3830,    26,   -43,    84,   -40,     1,0,0,0,0,0,0,0,0,0,0,0,0,0,0,0,0,0,0,0,0,0,0,0,0,0,0,0,0,0,0,0,0
 607,   504798, -8522,  9425,  -886,    17,   -60,    83,   -21,     2,0,0,0,0,0,0,0,0,0,0,0,0,0,0,0,0,0,0,0,0,0,0,0,0,0,0,0,0,0,0,0,0
 608,   505631, -9791,  7955,  1839,     3,   -70,    73,     0,     2,0,0,0,0,0,0,0,0,0,0,0,0,0,0,0,0,0,0,0,0,0,0,0,0,0,0,0,0,0,0,0,0
 609,   506464,-10594,  6280,  4306,    -8,   -78,    57,    21,     0,0,0,0,0,0,0,0,0,0,0,0,0,0,0,0,0,0,0,0,0,0,0,0,0,0,0,0,0,0,0,0,0
 610,   507297,-10525,  3832,  6674,   -20,   -83,    41,    42,     0,0,0,0,0,0,0,0,0,0,0,0,0,0,0,0,0,0,0,0,0,0,0,0,0,0,0,0,0,0,0,0,0
 611,   508130, -9488,   922,  8543,   -23,   -81,    22,    58,     0,0,0,0,0,0,0,0,0,0,0,0,0,0,0,0,0,0,0,0,0,0,0,0,0,0,0,0,0,0,0,0,0
 612,   508963, -8041, -1795,  9829,    -7,   -72,     0,    68,    -3,0,0,0,0,0,0,0,0,0,0,0,0,0,0,0,0,0,0,0,0,0,0,0,0,0,0,0,0,0,0,0,0
 613,   509796, -6354, -4243, 10604,     7,   -57,   -24,    76,    -5,0,0,0,0,0,0,0,0,0,0,0,0,0,0,0,0,0,0,0,0,0,0,0,0,0,0,0,0,0,0,0,0
 614,   510629, -3862, -6628, 10490,     0,   -40,   -43,    81,    -1,0,0,0,0,0,0,0,0,0,0,0,0,0,0,0,0,0,0,0,0,0,0,0,0,0,0,0,0,0,0,0,0
 615,   511462,  -889, -8545,  9433,    -1,   -21,   -61,    78,    -4,0,0,0,0,0,0,0,0,0,0,0,0,0,0,0,0,0,0,0,0,0,0,0,0,0,0,0,0,0,0,0,0
 616,   512295,  1833, -9830,  7992,    -6,     0,   -73,    69,    -4,0,0,0,0,0,0,0,0,0,0,0,0,0,0,0,0,0,0,0,0,0,0,0,0,0,0,0,0,0,0,0,0
 617,   513128,  4268,-10586,  6298,   -20,    24,   -78,    54,     0,0,0,0,0,0,0,0,0,0,0,0,0,0,0,0,0,0,0,0,0,0,0,0,0,0,0,0,0,0,0,0,0
 618,   513961,  6644,-10499,  3829,   -26,    43,   -84,    38,    -3,0,0,0,0,0,0,0,0,0,0,0,0,0,0,0,0,0,0,0,0,0,0,0,0,0,0,0,0,0,0,0,0
 619,   514794,  8523, -9425,   884,   -19,    60,   -83,    20,    -2,0,0,0,0,0,0,0,0,0,0,0,0,0,0,0,0,0,0,0,0,0,0,0,0,0,0,0,0,0,0,0,0
 620,   515627,  9794, -7955, -1843,    -5,    71,   -73,    -1,    -2,0,0,0,0,0,0,0,0,0,0,0,0,0,0,0,0,0,0,0,0,0,0,0,0,0,0,0,0,0,0,0,0
 621,   516460, 10593, -6278, -4308,     7,    79,   -58,   -22,    -1,0,0,0,0,0,0,0,0,0,0,0,0,0,0,0,0,0,0,0,0,0,0,0,0,0,0,0,0,0,0,0,0
 622,   517293, 10524, -3829, -6679,    16,    83,   -40,   -43,     0,0,0,0,0,0,0,0,0,0,0,0,0,0,0,0,0,0,0,0,0,0,0,0,0,0,0,0,0,0,0,0,0
 623,   518126,  9487,  -920, -8546,    22,    80,   -22,   -59,    -1,0,0,0,0,0,0,0,0,0,0,0,0,0,0,0,0,0,0,0,0,0,0,0,0,0,0,0,0,0,0,0,0
 624,   518959,  8041,  1790, -9828,     2,    71,    -1,   -69,     2,0,0,0,0,0,0,0,0,0,0,0,0,0,0,0,0,0,0,0,0,0,0,0,0,0,0,0,0,0,0,0,0
 625,   519792,  6361,  4235,-10603,    -6,    56,    24,   -77,     3,0,0,0,0,0,0,0,0,0,0,0,0,0,0,0,0,0,0,0,0,0,0,0,0,0,0,0,0,0,0,0,0
 626,   520625,  3866,  6623,-10485,     4,    40,    44,   -81,     3,0,0,0,0,0,0,0,0,0,0,0,0,0,0,0,0,0,0,0,0,0,0,0,0,0,0,0,0,0,0,0,0
 627,   521458,   888,  8541, -9431,    -2,    20,    63,   -80,     4,0,0,0,0,0,0,0,0,0,0,0,0,0,0,0,0,0,0,0,0,0,0,0,0,0,0,0,0,0,0,0,0
 628,   522291, -1833,  9830, -7991,     6,     0,    70,   -71,     0,0,0,0,0,0,0,0,0,0,0,0,0,0,0,0,0,0,0,0,0,0,0,0,0,0,0,0,0,0,0,0,0
 629,   523124, -4273, 10587, -6293,    21,   -22,    79,   -56,     1,0,0,0,0,0,0,0,0,0,0,0,0,0,0,0,0,0,0,0,0,0,0,0,0,0,0,0,0,0,0,0,0
 630,   523957, -6654, 10505, -3826,    26,   -44,    86,   -40,     1,0,0,0,0,0,0,0,0,0,0,0,0,0,0,0,0,0,0,0,0,0,0,0,0,0,0,0,0,0,0,0,0
 631,   524790, -8524,  9428,  -887,    17,   -59,    83,   -21,     3,0,0,0,0,0,0,0,0,0,0,0,0,0,0,0,0,0,0,0,0,0,0,0,0,0,0,0,0,0,0,0,0
 632,   525623, -9791,  7957,  1838,     5,   -71,    72,     0,     1,0,0,0,0,0,0,0,0,0,0,0,0,0,0,0,0,0,0,0,0,0,0,0,0,0,0,0,0,0,0,0,0
 633,   526456,-10590,  6278,  4304,    -8,   -79,    58,    22,     1,0,0,0,0,0,0,0,0,0,0,0,0,0,0,0,0,0,0,0,0,0,0,0,0,0,0,0,0,0,0,0,0
 634,   527289,-10523,  3830,  6673,   -20,   -83,    42,    43,     3,0,0,0,0,0,0,0,0,0,0,0,0,0,0,0,0,0,0,0,0,0,0,0,0,0,0,0,0,0,0,0,0
 635,   528122, -9485,   920,  8543,   -23,   -82,    23,    58,    -1,0,0,0,0,0,0,0,0,0,0,0,0,0,0,0,0,0,0,0,0,0,0,0,0,0,0,0,0,0,0,0,0
 636,   528955, -8042, -1796,  9831,    -7,   -71,     0,    68,    -3,0,0,0,0,0,0,0,0,0,0,0,0,0,0,0,0,0,0,0,0,0,0,0,0,0,0,0,0,0,0,0,0
 637,   529788, -6356, -4243, 10604,     4,   -55,   -23,    76,    -2,0,0,0,0,0,0,0,0,0,0,0,0,0,0,0,0,0,0,0,0,0,0,0,0,0,0,0,0,0,0,0,0
 638,   530621, -3862, -6626, 10489,     1,   -40,   -44,    82,    -2,0,0,0,0,0,0,0,0,0,0,0,0,0,0,0,0,0,0,0,0,0,0,0,0,0,0,0,0,0,0,0,0
 639,   531454,  -889, -8541,  9429,    -1,   -21,   -62,    78,    -5,0,0,0,0,0,0,0,0,0,0,0,0,0,0,0,0,0,0,0,0,0,0,0,0,0,0,0,0,0,0,0,0
 640,   532287,  1833, -9831,  7989,   -10,     0,   -70,    68,    -2,0,0,0,0,0,0,0,0,0,0,0,0,0,0,0,0,0,0,0,0,0,0,0,0,0,0,0,0,0,0,0,0
 641,   533120,  4270,-10587,  6298,   -19,    23,   -79,    54,    -1,0,0,0,0,0,0,0,0,0,0,0,0,0,0,0,0,0,0,0,0,0,0,0,0,0,0,0,0,0,0,0,0
 642,   533953,  6646,-10501,  3831,   -24,    44,   -83,    39,     0,0,0,0,0,0,0,0,0,0,0,0,0,0,0,0,0,0,0,0,0,0,0,0,0,0,0,0,0,0,0,0,0
 643,   534786,  8522, -9423,   883,   -18,    60,   -83,    21,    -2,0,0,0,0,0,0,0,0,0,0,0,0,0,0,0,0,0,0,0,0,0,0,0,0,0,0,0,0,0,0,0,0
 644,   535619,  9794, -7955, -1841,    -3,    71,   -72,    -1,    -1,0,0,0,0,0,0,0,0,0,0,0,0,0,0,0,0,0,0,0,0,0,0,0,0,0,0,0,0,0,0,0,0
 645,   536452, 10593, -6275, -4310,     8,    79,   -57,   -23,    -1,0,0,0,0,0,0,0,0,0,0,0,0,0,0,0,0,0,0,0,0,0,0,0,0,0,0,0,0,0,0,0,0
 646,   537285, 10527, -3824, -6681,    22,    85,   -40,   -43,     2,0,0,0,0,0,0,0,0,0,0,0,0,0,0,0,0,0,0,0,0,0,0,0,0,0,0,0,0,0,0,0,0
 647,   538118,  9487,  -919, -8548,    20,    82,   -22,   -59,     1,0,0,0,0,0,0,0,0,0,0,0,0,0,0,0,0,0,0,0,0,0,0,0,0,0,0,0,0,0,0,0,0
 648,   538951,  8042,  1791, -9829,     4,    71,     2,   -69,     3,0,0,0,0,0,0,0,0,0,0,0,0,0,0,0,0,0,0,0,0,0,0,0,0,0,0,0,0,0,0,0,0
 649,   539784,  6360,  4235,-10601,    -5,    55,    24,   -76,     3,0,0,0,0,0,0,0,0,0,0,0,0,0,0,0,0,0,0,0,0,0,0,0,0,0,0,0,0,0,0,0,0
 650,   540617,  3863,  6622,-10486,    -1,    40,    43,   -82,     2,0,0,0,0,0,0,0,0,0,0,0,0,0,0,0,0,0,0,0,0,0,0,0,0,0,0,0,0,0,0,0,0
 651,   541450,   887,  8544, -9429,     2,    22,    61,   -80,     2,0,0,0,0,0,0,0,0,0,0,0,0,0,0,0,0,0,0,0,0,0,0,0,0,0,0,0,0,0,0,0,0
 652,   542283, -1835,  9831, -7989,     7,    -1,    73,   -68,     4,0,0,0,0,0,0,0,0,0,0,0,0,0,0,0,0,0,0,0,0,0,0,0,0,0,0,0,0,0,0,0,0
 653,   543116, -4275, 10588, -6293,    20,   -24,    79,   -55,    -1,0,0,0,0,0,0,0,0,0,0,0,0,0,0,0,0,0,0,0,0,0,0,0,0,0,0,0,0,0,0,0,0
 654,   543949, -6653, 10504, -3826,    26,   -43,    84,   -39,     2,0,0,0,0,0,0,0,0,0,0,0,0,0,0,0,0,0,0,0,0,0,0,0,0,0,0,0,0,0,0,0,0
 655,   544782, -8523,  9427,  -884,    20,   -60,    83,   -22,     1,0,0,0,0,0,0,0,0,0,0,0,0,0,0,0,0,0,0,0,0,0,0,0,0,0,0,0,0,0,0,0,0
 656,   545615, -9793,  7956,  1841,     4,   -72,    74,     1,     3,0,0,0,0,0,0,0,0,0,0,0,0,0,0,0,0,0,0,0,0,0,0,0,0,0,0,0,0,0,0,0,0
 657,   546448,-10592,  6279,  4306,    -7,   -78,    56,    21,     0,0,0,0,0,0,0,0,0,0,0,0,0,0,0,0,0,0,0,0,0,0,0,0,0,0,0,0,0,0,0,0,0
 658,   547281,-10521,  3830,  6671,   -19,   -83,    41,    43,     1,0,0,0,0,0,0,0,0,0,0,0,0,0,0,0,0,0,0,0,0,0,0,0,0,0,0,0,0,0,0,0,0
 659,   548114, -9483,   920,  8541,   -22,   -81,    22,    58,    -1,0,0,0,0,0,0,0,0,0,0,0,0,0,0,0,0,0,0,0,0,0,0,0,0,0,0,0,0,0,0,0,0
 660,   548947, -8038, -1797,  9831,    -5,   -72,     1,    69,    -2,0,0,0,0,0,0,0,0,0,0,0,0,0,0,0,0,0,0,0,0,0,0,0,0,0,0,0,0,0,0,0,0
 661,   549780, -6356, -4246, 10606,     3,   -56,   -22,    78,    -1,0,0,0,0,0,0,0,0,0,0,0,0,0,0,0,0,0,0,0,0,0,0,0,0,0,0,0,0,0,0,0,0
 662,   550613, -3862, -6630, 10492,     0,   -39,   -43,    81,    -1,0,0,0,0,0,0,0,0,0,0,0,0,0,0,0,0,0,0,0,0,0,0,0,0,0,0,0,0,0,0,0,0
 663,   551446,  -888, -8540,  9430,     2,   -22,   -60,    80,    -2,0,0,0,0,0,0,0,0,0,0,0,0,0,0,0,0,0,0,0,0,0,0,0,0,0,0,0,0,0,0,0,0
 664,   552279,  1834, -9831,  7989,    -9,     1,   -71,    71,     0,0,0,0,0,0,0,0,0,0,0,0,0,0,0,0,0,0,0,0,0,0,0,0,0,0,0,0,0,0,0,0,0
 665,   553112,  4272,-10588,  6298,   -17,    22,   -79,    56,    -1,0,0,0,0,0,0,0,0,0,0,0,0,0,0,0,0,0,0,0,0,0,0,0,0,0,0,0,0,0,0,0,0
 666,   553945,  6648,-10503,  3830,   -25,    43,   -83,    39,    -1,0,0,0,0,0,0,0,0,0,0,0,0,0,0,0,0,0,0,0,0,0,0,0,0,0,0,0,0,0,0,0,0
 667,   554778,  8525, -9424,   880,   -19,    60,   -83,    22,    -2,0,0,0,0,0,0,0,0,0,0,0,0,0,0,0,0,0,0,0,0,0,0,0,0,0,0,0,0,0,0,0,0
 668,   555611,  9795, -7954, -1843,    -3,    72,   -73,     1,     0,0,0,0,0,0,0,0,0,0,0,0,0,0,0,0,0,0,0,0,0,0,0,0,0,0,0,0,0,0,0,0,0
 669,   556444, 10591, -6272, -4309,    10,    78,   -58,   -23,    -3,0,0,0,0,0,0,0,0,0,0,0,0,0,0,0,0,0,0,0,0,0,0,0,0,0,0,0,0,0,0,0,0
 670,   557277, 10527, -3823, -6682,    22,    82,   -40,   -43,    -1,0,0,0,0,0,0,0,0,0,0,0,0,0,0,0,0,0,0,0,0,0,0,0,0,0,0,0,0,0,0,0,0
 671,   558110,  9486,  -919, -8546,    21,    82,   -22,   -57,     3,0,0,0,0,0,0,0,0,0,0,0,0,0,0,0,0,0,0,0,0,0,0,0,0,0,0,0,0,0,0,0,0
 672,   558943,  8042,  1793, -9831,     4,    71,     0,   -70,     2,0,0,0,0,0,0,0,0,0,0,0,0,0,0,0,0,0,0,0,0,0,0,0,0,0,0,0,0,0,0,0,0
 673,   559776,  6358,  4235,-10602,    -8,    55,    23,   -76,     2,0,0,0,0,0,0,0,0,0,0,0,0,0,0,0,0,0,0,0,0,0,0,0,0,0,0,0,0,0,0,0,0
 674,   560609,  3862,  6621,-10485,    -2,    40,    44,   -81,     3,0,0,0,0,0,0,0,0,0,0,0,0,0,0,0,0,0,0,0,0,0,0,0,0,0,0,0,0,0,0,0,0
 675,   561442,   883,  8545, -9431,    -3,    20,    61,   -79,     2,0,0,0,0,0,0,0,0,0,0,0,0,0,0,0,0,0,0,0,0,0,0,0,0,0,0,0,0,0,0,0,0
 676,   562275, -1837,  9832, -7987,     8,     0,    71,   -70,     1,0,0,0,0,0,0,0,0,0,0,0,0,0,0,0,0,0,0,0,0,0,0,0,0,0,0,0,0,0,0,0,0
 677,   563108, -4276, 10589, -6291,    22,   -23,    80,   -55,     2,0,0,0,0,0,0,0,0,0,0,0,0,0,0,0,0,0,0,0,0,0,0,0,0,0,0,0,0,0,0,0,0
 678,   563941, -6654, 10505, -3826,    26,   -44,    85,   -39,     2,0,0,0,0,0,0,0,0,0,0,0,0,0,0,0,0,0,0,0,0,0,0,0,0,0,0,0,0,0,0,0,0
 679,   564774, -8521,  9426,  -886,    19,   -58,    82,   -20,     3,0,0,0,0,0,0,0,0,0,0,0,0,0,0,0,0,0,0,0,0,0,0,0,0,0,0,0,0,0,0,0,0
 680,   565607, -9792,  7954,  1841,     4,   -70,    72,    -1,     1,0,0,0,0,0,0,0,0,0,0,0,0,0,0,0,0,0,0,0,0,0,0,0,0,0,0,0,0,0,0,0,0
 681,   566440,-10594,  6276,  4310,    -8,   -80,    56,    22,    -1,0,0,0,0,0,0,0,0,0,0,0,0,0,0,0,0,0,0,0,0,0,0,0,0,0,0,0,0,0,0,0,0
 682,   567273,-10523,  3828,  6675,   -20,   -82,    41,    43,     2,0,0,0,0,0,0,0,0,0,0,0,0,0,0,0,0,0,0,0,0,0,0,0,0,0,0,0,0,0,0,0,0
 683,   568106, -9485,   919,  8545,   -21,   -82,    22,    58,    -2,0,0,0,0,0,0,0,0,0,0,0,0,0,0,0,0,0,0,0,0,0,0,0,0,0,0,0,0,0,0,0,0
 684,   568939, -8039, -1798,  9832,    -5,   -72,     0,    70,    -2,0,0,0,0,0,0,0,0,0,0,0,0,0,0,0,0,0,0,0,0,0,0,0,0,0,0,0,0,0,0,0,0
 685,   569772, -6353, -4246, 10604,     4,   -55,   -23,    76,    -3,0,0,0,0,0,0,0,0,0,0,0,0,0,0,0,0,0,0,0,0,0,0,0,0,0,0,0,0,0,0,0,0
 686,   570605, -3858, -6630, 10490,     2,   -40,   -44,    81,    -4,0,0,0,0,0,0,0,0,0,0,0,0,0,0,0,0,0,0,0,0,0,0,0,0,0,0,0,0,0,0,0,0
 687,   571438,  -886, -8543,  9429,     0,   -21,   -61,    80,    -2,0,0,0,0,0,0,0,0,0,0,0,0,0,0,0,0,0,0,0,0,0,0,0,0,0,0,0,0,0,0,0,0
 688,   572271,  1836, -9832,  7988,    -9,     0,   -71,    68,    -3,0,0,0,0,0,0,0,0,0,0,0,0,0,0,0,0,0,0,0,0,0,0,0,0,0,0,0,0,0,0,0,0
 689,   573104,  4270,-10588,  6298,   -20,    22,   -77,    54,    -2,0,0,0,0,0,0,0,0,0,0,0,0,0,0,0,0,0,0,0,0,0,0,0,0,0,0,0,0,0,0,0,0
 690,   573937,  6647,-10501,  3828,   -26,    44,   -85,    39,    -2,0,0,0,0,0,0,0,0,0,0,0,0,0,0,0,0,0,0,0,0,0,0,0,0,0,0,0,0,0,0,0,0
 691,   574770,  8526, -9425,   880,   -18,    60,   -84,    20,    -4,0,0,0,0,0,0,0,0,0,0,0,0,0,0,0,0,0,0,0,0,0,0,0,0,0,0,0,0,0,0,0,0
 692,   575603,  9794, -7952, -1846,    -4,    70,   -72,     0,    -1,0,0,0,0,0,0,0,0,0,0,0,0,0,0,0,0,0,0,0,0,0,0,0,0,0,0,0,0,0,0,0,0
 693,   576436, 10593, -6271, -4311,    11,    79,   -57,   -20,     3,0,0,0,0,0,0,0,0,0,0,0,0,0,0,0,0,0,0,0,0,0,0,0,0,0,0,0,0,0,0,0,0
 694,   577269, 10527, -3824, -6682,    21,    83,   -40,   -43,     0,0,0,0,0,0,0,0,0,0,0,0,0,0,0,0,0,0,0,0,0,0,0,0,0,0,0,0,0,0,0,0,0
 695,   578102,  9485,  -916, -8548,    21,    82,   -21,   -58,     4,0,0,0,0,0,0,0,0,0,0,0,0,0,0,0,0,0,0,0,0,0,0,0,0,0,0,0,0,0,0,0,0
 696,   578935,  8041,  1796, -9831,     6,    71,     0,   -71,    -1,0,0,0,0,0,0,0,0,0,0,0,0,0,0,0,0,0,0,0,0,0,0,0,0,0,0,0,0,0,0,0,0
 697,   579768,  6357,  4239,-10601,    -5,    56,    23,   -75,     4,0,0,0,0,0,0,0,0,0,0,0,0,0,0,0,0,0,0,0,0,0,0,0,0,0,0,0,0,0,0,0,0
 698,   580601,  3860,  6626,-10484,     2,    40,    45,   -81,     3,0,0,0,0,0,0,0,0,0,0,0,0,0,0,0,0,0,0,0,0,0,0,0,0,0,0,0,0,0,0,0,0
 699,   581434,   883,  8546, -9429,    -1,    22,    61,   -80,     3,0,0,0,0,0,0,0,0,0,0,0,0,0,0,0,0,0,0,0,0,0,0,0,0,0,0,0,0,0,0,0,0
 700,   582267, -1837,  9835, -7988,    10,    -1,    73,   -69,     3,0,0,0,0,0,0,0,0,0,0,0,0,0,0,0,0,0,0,0,0,0,0,0,0,0,0,0,0,0,0,0,0
 701,   583100, -4278, 10591, -6291,    22,   -22,    79,   -55,     3,0,0,0,0,0,0,0,0,0,0,0,0,0,0,0,0,0,0,0,0,0,0,0,0,0,0,0,0,0,0,0,0
 702,   583933, -6658, 10504, -3823,    23,   -44,    83,   -40,     0,0,0,0,0,0,0,0,0,0,0,0,0,0,0,0,0,0,0,0,0,0,0,0,0,0,0,0,0,0,0,0,0
 703,   584766, -8523,  9424,  -881,    20,   -61,    82,   -21,     0,0,0,0,0,0,0,0,0,0,0,0,0,0,0,0,0,0,0,0,0,0,0,0,0,0,0,0,0,0,0,0,0
 704,   585599, -9793,  7955,  1844,     6,   -71,    71,     1,     0,0,0,0,0,0,0,0,0,0,0,0,0,0,0,0,0,0,0,0,0,0,0,0,0,0,0,0,0,0,0,0,0
 705,   586432,-10595,  6279,  4309,    -7,   -79,    57,    23,     1,0,0,0,0,0,0,0,0,0,0,0,0,0,0,0,0,0,0,0,0,0,0,0,0,0,0,0,0,0,0,0,0
 706,   587265,-10523,  3827,  6676,   -20,   -84,    41,    43,     0,0,0,0,0,0,0,0,0,0,0,0,0,0,0,0,0,0,0,0,0,0,0,0,0,0,0,0,0,0,0,0,0
 707,   588098, -9484,   918,  8545,   -21,   -82,    23,    59,     0,0,0,0,0,0,0,0,0,0,0,0,0,0,0,0,0,0,0,0,0,0,0,0,0,0,0,0,0,0,0,0,0
 708,   588931, -8037, -1801,  9833,    -6,   -72,     1,    69,    -2,0,0,0,0,0,0,0,0,0,0,0,0,0,0,0,0,0,0,0,0,0,0,0,0,0,0,0,0,0,0,0,0
 709,   589764, -6353, -4248, 10606,     4,   -56,   -24,    76,    -4,0,0,0,0,0,0,0,0,0,0,0,0,0,0,0,0,0,0,0,0,0,0,0,0,0,0,0,0,0,0,0,0
 710,   590597, -3858, -6629, 10491,     3,   -39,   -43,    82,    -1,0,0,0,0,0,0,0,0,0,0,0,0,0,0,0,0,0,0,0,0,0,0,0,0,0,0,0,0,0,0,0,0
 711,   591430,  -883, -8544,  9428,     1,   -22,   -61,    80,    -3,0,0,0,0,0,0,0,0,0,0,0,0,0,0,0,0,0,0,0,0,0,0,0,0,0,0,0,0,0,0,0,0
 712,   592263,  1838, -9833,  7986,   -10,     0,   -72,    69,    -2,0,0,0,0,0,0,0,0,0,0,0,0,0,0,0,0,0,0,0,0,0,0,0,0,0,0,0,0,0,0,0,0
 713,   593096,  4272,-10588,  6295,   -21,    24,   -78,    53,    -1,0,0,0,0,0,0,0,0,0,0,0,0,0,0,0,0,0,0,0,0,0,0,0,0,0,0,0,0,0,0,0,0
 714,   593929,  6650,-10502,  3826,   -26,    45,   -85,    40,     0,0,0,0,0,0,0,0,0,0,0,0,0,0,0,0,0,0,0,0,0,0,0,0,0,0,0,0,0,0,0,0,0
 715,   594762,  8527, -9425,   879,   -19,    59,   -83,    21,    -4,0,0,0,0,0,0,0,0,0,0,0,0,0,0,0,0,0,0,0,0,0,0,0,0,0,0,0,0,0,0,0,0
 716,   595595,  9795, -7952, -1847,    -5,    71,   -72,     0,     0,0,0,0,0,0,0,0,0,0,0,0,0,0,0,0,0,0,0,0,0,0,0,0,0,0,0,0,0,0,0,0,0
 717,   596428, 10592, -6270, -4313,     8,    78,   -58,   -22,    -2,0,0,0,0,0,0,0,0,0,0,0,0,0,0,0,0,0,0,0,0,0,0,0,0,0,0,0,0,0,0,0,0
 718,   597261, 10525, -3824, -6681,    20,    84,   -41,   -42,     2,0,0,0,0,0,0,0,0,0,0,0,0,0,0,0,0,0,0,0,0,0,0,0,0,0,0,0,0,0,0,0,0
 719,   598094,  9485,  -916, -8549,    20,    83,   -23,   -58,     2,0,0,0,0,0,0,0,0,0,0,0,0,0,0,0,0,0,0,0,0,0,0,0,0,0,0,0,0,0,0,0,0
 720,   598927,  8042,  1793, -9835,     0,    71,     0,   -69,     2,0,0,0,0,0,0,0,0,0,0,0,0,0,0,0,0,0,0,0,0,0,0,0,0,0,0,0,0,0,0,0,0
 721,   599760,  6358,  4239,-10601,    -4,    54,    24,   -76,     2,0,0,0,0,0,0,0,0,0,0,0,0,0,0,0,0,0,0,0,0,0,0,0,0,0,0,0,0,0,0,0,0
 722,   600593,  3862,  6625,-10483,     4,    40,    45,   -83,     2,0,0,0,0,0,0,0,0,0,0,0,0,0,0,0,0,0,0,0,0,0,0,0,0,0,0,0,0,0,0,0,0
 723,   601426,   882,  8544, -9429,    -4,    20,    61,   -80,     0,0,0,0,0,0,0,0,0,0,0,0,0,0,0,0,0,0,0,0,0,0,0,0,0,0,0,0,0,0,0,0,0
 724,   602259, -1840,  9833, -7986,     7,    -2,    73,   -68,     2,0,0,0,0,0,0,0,0,0,0,0,0,0,0,0,0,0,0,0,0,0,0,0,0,0,0,0,0,0,0,0,0
 725,   603092, -4277, 10591, -6293,    21,   -23,    78,   -55,     0,0,0,0,0,0,0,0,0,0,0,0,0,0,0,0,0,0,0,0,0,0,0,0,0,0,0,0,0,0,0,0,0
 726,   603925, -6656, 10505, -3824,    25,   -43,    85,   -39,     2,0,0,0,0,0,0,0,0,0,0,0,0,0,0,0,0,0,0,0,0,0,0,0,0,0,0,0,0,0,0,0,0
 727,   604758, -8523,  9423,  -881,    18,   -61,    83,   -22,     0,0,0,0,0,0,0,0,0,0,0,0,0,0,0,0,0,0,0,0,0,0,0,0,0,0,0,0,0,0,0,0,0
 728,   605591, -9793,  7954,  1842,     3,   -72,    73,     0,     0,0,0,0,0,0,0,0,0,0,0,0,0,0,0,0,0,0,0,0,0,0,0,0,0,0,0,0,0,0,0,0,0
 729,   606424,-10594,  6277,  4309,    -8,   -79,    58,    21,     0,0,0,0,0,0,0,0,0,0,0,0,0,0,0,0,0,0,0,0,0,0,0,0,0,0,0,0,0,0,0,0,0
 730,   607257,-10524,  3829,  6675,   -20,   -83,    41,    43,     1,0,0,0,0,0,0,0,0,0,0,0,0,0,0,0,0,0,0,0,0,0,0,0,0,0,0,0,0,0,0,0,0
 731,   608090, -9488,   921,  8544,   -23,   -82,    23,    59,     0,0,0,0,0,0,0,0,0,0,0,0,0,0,0,0,0,0,0,0,0,0,0,0,0,0,0,0,0,0,0,0,0
 732,   608923, -8037, -1798,  9831,    -5,   -71,     1,    70,    -1,0,0,0,0,0,0,0,0,0,0,0,0,0,0,0,0,0,0,0,0,0,0,0,0,0,0,0,0,0,0,0,0
 733,   609756, -6352, -4249, 10603,     1,   -56,   -23,    75,    -4,0,0,0,0,0,0,0,0,0,0,0,0,0,0,0,0,0,0,0,0,0,0,0,0,0,0,0,0,0,0,0,0
 734,   610589, -3858, -6632, 10491,     1,   -40,   -44,    82,    -2,0,0,0,0,0,0,0,0,0,0,0,0,0,0,0,0,0,0,0,0,0,0,0,0,0,0,0,0,0,0,0,0
 735,   611422,  -887, -8545,  9431,    -1,   -22,   -61,    79,    -4,0,0,0,0,0,0,0,0,0,0,0,0,0,0,0,0,0,0,0,0,0,0,0,0,0,0,0,0,0,0,0,0
 736,   612255,  1836, -9832,  7990,    -6,    -1,   -71,    70,    -2,0,0,0,0,0,0,0,0,0,0,0,0,0,0,0,0,0,0,0,0,0,0,0,0,0,0,0,0,0,0,0,0
 737,   613088,  4270,-10586,  6297,   -19,    24,   -79,    55,     0,0,0,0,0,0,0,0,0,0,0,0,0,0,0,0,0,0,0,0,0,0,0,0,0,0,0,0,0,0,0,0,0
 738,   613921,  6650,-10498,  3827,   -21,    43,   -85,    41,    -1,0,0,0,0,0,0,0,0,0,0,0,0,0,0,0,0,0,0,0,0,0,0,0,0,0,0,0,0,0,0,0,0
 739,   614754,  8525, -9425,   882,   -18,    59,   -83,    21,    -4,0,0,0,0,0,0,0,0,0,0,0,0,0,0,0,0,0,0,0,0,0,0,0,0,0,0,0,0,0,0,0,0
 740,   615587,  9793, -7954, -1844,    -6,    70,   -73,     1,    -2,0,0,0,0,0,0,0,0,0,0,0,0,0,0,0,0,0,0,0,0,0,0,0,0,0,0,0,0,0,0,0,0
 741,   616420, 10592, -6275, -4310,     6,    77,   -59,   -23,    -4,0,0,0,0,0,0,0,0,0,0,0,0,0,0,0,0,0,0,0,0,0,0,0,0,0,0,0,0,0,0,0,0
 742,   617253, 10525, -3825, -6680,    20,    83,   -42,   -42,    -1,0,0,0,0,0,0,0,0,0,0,0,0,0,0,0,0,0,0,0,0,0,0,0,0,0,0,0,0,0,0,0,0
 743,   618086,  9485,  -917, -8547,    21,    80,   -22,   -57,     0,0,0,0,0,0,0,0,0,0,0,0,0,0,0,0,0,0,0,0,0,0,0,0,0,0,0,0,0,0,0,0,0
 744,   618919,  8042,  1794, -9831,     5,    72,     0,   -70,     3,0,0,0,0,0,0,0,0,0,0,0,0,0,0,0,0,0,0,0,0,0,0,0,0,0,0,0,0,0,0,0,0
 745,   619752,  6360,  4237,-10602,    -4,    56,    23,   -77,     2,0,0,0,0,0,0,0,0,0,0,0,0,0,0,0,0,0,0,0,0,0,0,0,0,0,0,0,0,0,0,0,0
 746,   620585,  3865,  6622,-10486,     1,    38,    45,   -82,     1,0,0,0,0,0,0,0,0,0,0,0,0,0,0,0,0,0,0,0,0,0,0,0,0,0,0,0,0,0,0,0,0
 747,   621418,   887,  8542, -9432,    -2,    21,    61,   -80,     3,0,0,0,0,0,0,0,0,0,0,0,0,0,0,0,0,0,0,0,0,0,0,0,0,0,0,0,0,0,0,0,0
 748,   622251, -1836,  9831, -7988,     7,     0,    72,   -70,     2,0,0,0,0,0,0,0,0,0,0,0,0,0,0,0,0,0,0,0,0,0,0,0,0,0,0,0,0,0,0,0,0
 749,   623084, -4276, 10588, -6293,    18,   -22,    80,   -55,     2,0,0,0,0,0,0,0,0,0,0,0,0,0,0,0,0,0,0,0,0,0,0,0,0,0,0,0,0,0,0,0,0
 750,   623917, -6655, 10507, -3827,    25,   -43,    85,   -40,     2,0,0,0,0,0,0,0,0,0,0,0,0,0,0,0,0,0,0,0,0,0,0,0,0,0,0,0,0,0,0,0,0
 751,   624750, -8524,  9430,  -885,    21,   -60,    83,   -22,     1,0,0,0,0,0,0,0,0,0,0,0,0,0,0,0,0,0,0,0,0,0,0,0,0,0,0,0,0,0,0,0,0
 752,   625583, -9791,  7958,  1840,     7,   -71,    71,     0,     0,0,0,0,0,0,0,0,0,0,0,0,0,0,0,0,0,0,0,0,0,0,0,0,0,0,0,0,0,0,0,0,0
 753,   626416,-10592,  6279,  4304,    -9,   -79,    56,    22,    -1,0,0,0,0,0,0,0,0,0,0,0,0,0,0,0,0,0,0,0,0,0,0,0,0,0,0,0,0,0,0,0,0
 754,   627249,-10523,  3830,  6673,   -19,   -84,    41,    43,     0,0,0,0,0,0,0,0,0,0,0,0,0,0,0,0,0,0,0,0,0,0,0,0,0,0,0,0,0,0,0,0,0
 755,   628082, -9486,   920,  8544,   -22,   -81,    22,    59,     0,0,0,0,0,0,0,0,0,0,0,0,0,0,0,0,0,0,0,0,0,0,0,0,0,0,0,0,0,0,0,0,0
 756,   628915, -8039, -1796,  9832,    -4,   -71,     0,    70,    -1,0,0,0,0,0,0,0,0,0,0,0,0,0,0,0,0,0,0,0,0,0,0,0,0,0,0,0,0,0,0,0,0
 757,   629748, -6357, -4244, 10607,     5,   -57,   -22,    77,    -2,0,0,0,0,0,0,0,0,0,0,0,0,0,0,0,0,0,0,0,0,0,0,0,0,0,0,0,0,0,0,0,0
 758,   630581, -3862, -6629, 10490,    -1,   -40,   -43,    82,    -1,0,0,0,0,0,0,0,0,0,0,0,0,0,0,0,0,0,0,0,0,0,0,0,0,0,0,0,0,0,0,0,0
 759,   631414,  -890, -8541,  9431,     0,   -21,   -62,    79,    -4,0,0,0,0,0,0,0,0,0,0,0,0,0,0,0,0,0,0,0,0,0,0,0,0,0,0,0,0,0,0,0,0
 760,   632247,  1832, -9831,  7991,    -9,     0,   -72,    69,    -3,0,0,0,0,0,0,0,0,0,0,0,0,0,0,0,0,0,0,0,0,0,0,0,0,0,0,0,0,0,0,0,0
 761,   633080,  4270,-10588,  6301,   -17,    23,   -79,    56,    -1,0,0,0,0,0,0,0,0,0,0,0,0,0,0,0,0,0,0,0,0,0,0,0,0,0,0,0,0,0,0,0,0
 762,   633913,  6645,-10503,  3833,   -26,    43,   -85,    39,    -3,0,0,0,0,0,0,0,0,0,0,0,0,0,0,0,0,0,0,0,0,0,0,0,0,0,0,0,0,0,0,0,0
 763,   634746,  8521, -9425,   884,   -20,    61,   -83,    20,    -3,0,0,0,0,0,0,0,0,0,0,0,0,0,0,0,0,0,0,0,0,0,0,0,0,0,0,0,0,0,0,0,0
 764,   635579,  9791, -7956, -1840,    -5,    70,   -72,     1,    -1,0,0,0,0,0,0,0,0,0,0,0,0,0,0,0,0,0,0,0,0,0,0,0,0,0,0,0,0,0,0,0,0
 765,   636412, 10595, -6278, -4308,     9,    78,   -59,   -23,    -4,0,0,0,0,0,0,0,0,0,0,0,0,0,0,0,0,0,0,0,0,0,0,0,0,0,0,0,0,0,0,0,0
 766,   637245, 10530, -3829, -6679,    22,    83,   -41,   -42,     0,0,0,0,0,0,0,0,0,0,0,0,0,0,0,0,0,0,0,0,0,0,0,0,0,0,0,0,0,0,0,0,0
 767,   638078,  9488,  -921, -8545,    22,    82,   -21,   -58,     3,0,0,0,0,0,0,0,0,0,0,0,0,0,0,0,0,0,0,0,0,0,0,0,0,0,0,0,0,0,0,0,0
 768,   638911,  8044,  1788, -9828,     4,    72,     0,   -69,     3,0,0,0,0,0,0,0,0,0,0,0,0,0,0,0,0,0,0,0,0,0,0,0,0,0,0,0,0,0,0,0,0
 769,   639744,  6360,  4235,-10600,    -5,    55,    23,   -77,     2,0,0,0,0,0,0,0,0,0,0,0,0,0,0,0,0,0,0,0,0,0,0,0,0,0,0,0,0,0,0,0,0
 770,   640577,  3867,  6622,-10487,     2,    38,    44,   -82,     0,0,0,0,0,0,0,0,0,0,0,0,0,0,0,0,0,0,0,0,0,0,0,0,0,0,0,0,0,0,0,0,0
 771,   641410,   891,  8542, -9436,    -3,    19,    61,   -79,     1,0,0,0,0,0,0,0,0,0,0,0,0,0,0,0,0,0,0,0,0,0,0,0,0,0,0,0,0,0,0,0,0
 772,   642243, -1833,  9831, -7990,     8,    -1,    72,   -70,     2,0,0,0,0,0,0,0,0,0,0,0,0,0,0,0,0,0,0,0,0,0,0,0,0,0,0,0,0,0,0,0,0
 773,   643076, -4272, 10587, -6294,    22,   -22,    78,   -55,     0,0,0,0,0,0,0,0,0,0,0,0,0,0,0,0,0,0,0,0,0,0,0,0,0,0,0,0,0,0,0,0,0
 774,   643909, -6648, 10505, -3830,    27,   -43,    85,   -39,     3,0,0,0,0,0,0,0,0,0,0,0,0,0,0,0,0,0,0,0,0,0,0,0,0,0,0,0,0,0,0,0,0
 775,   644742, -8521,  9430,  -888,    21,   -60,    83,   -22,     1,0,0,0,0,0,0,0,0,0,0,0,0,0,0,0,0,0,0,0,0,0,0,0,0,0,0,0,0,0,0,0,0
 776,   645575, -9792,  7959,  1836,     4,   -71,    72,     0,     1,0,0,0,0,0,0,0,0,0,0,0,0,0,0,0,0,0,0,0,0,0,0,0,0,0,0,0,0,0,0,0,0
 777,   646408,-10593,  6282,  4302,   -10,   -78,    57,    23,     1,0,0,0,0,0,0,0,0,0,0,0,0,0,0,0,0,0,0,0,0,0,0,0,0,0,0,0,0,0,0,0,0
 778,   647241,-10525,  3834,  6669,   -21,   -84,    42,    43,     1,0,0,0,0,0,0,0,0,0,0,0,0,0,0,0,0,0,0,0,0,0,0,0,0,0,0,0,0,0,0,0,0
 779,   648074, -9486,   925,  8539,   -22,   -81,    22,    58,    -1,0,0,0,0,0,0,0,0,0,0,0,0,0,0,0,0,0,0,0,0,0,0,0,0,0,0,0,0,0,0,0,0
 780,   648907, -8041, -1793,  9831,    -4,   -72,     0,    69,    -4,0,0,0,0,0,0,0,0,0,0,0,0,0,0,0,0,0,0,0,0,0,0,0,0,0,0,0,0,0,0,0,0
 781,   649740, -6359, -4243, 10607,     4,   -56,   -22,    76,    -2,0,0,0,0,0,0,0,0,0,0,0,0,0,0,0,0,0,0,0,0,0,0,0,0,0,0,0,0,0,0,0,0
 782,   650573, -3865, -6626, 10493,     2,   -41,   -44,    82,    -4,0,0,0,0,0,0,0,0,0,0,0,0,0,0,0,0,0,0,0,0,0,0,0,0,0,0,0,0,0,0,0,0
 783,   651406,  -895, -8538,  9433,     0,   -21,   -60,    81,     0,0,0,0,0,0,0,0,0,0,0,0,0,0,0,0,0,0,0,0,0,0,0,0,0,0,0,0,0,0,0,0,0
 784,   652239,  1830, -9828,  7990,    -9,     2,   -72,    70,     0,0,0,0,0,0,0,0,0,0,0,0,0,0,0,0,0,0,0,0,0,0,0,0,0,0,0,0,0,0,0,0,0
 785,   653072,  4268,-10587,  6302,   -17,    23,   -79,    55,    -1,0,0,0,0,0,0,0,0,0,0,0,0,0,0,0,0,0,0,0,0,0,0,0,0,0,0,0,0,0,0,0,0
 786,   653905,  6644,-10503,  3835,   -24,    43,   -83,    39,    -1,0,0,0,0,0,0,0,0,0,0,0,0,0,0,0,0,0,0,0,0,0,0,0,0,0,0,0,0,0,0,0,0
 787,   654738,  8520, -9429,   888,   -21,    60,   -82,    21,     0,0,0,0,0,0,0,0,0,0,0,0,0,0,0,0,0,0,0,0,0,0,0,0,0,0,0,0,0,0,0,0,0
 788,   655571,  9792, -7956, -1838,    -2,    71,   -72,     1,     0,0,0,0,0,0,0,0,0,0,0,0,0,0,0,0,0,0,0,0,0,0,0,0,0,0,0,0,0,0,0,0,0
 789,   656404, 10590, -6276, -4306,     8,    79,   -57,   -22,     1,0,0,0,0,0,0,0,0,0,0,0,0,0,0,0,0,0,0,0,0,0,0,0,0,0,0,0,0,0,0,0,0
 790,   657237, 10528, -3828, -6678,    22,    85,   -42,   -42,     0,0,0,0,0,0,0,0,0,0,0,0,0,0,0,0,0,0,0,0,0,0,0,0,0,0,0,0,0,0,0,0,0
 791,   658070,  9490,  -925, -8543,    22,    81,   -21,   -59,     0,0,0,0,0,0,0,0,0,0,0,0,0,0,0,0,0,0,0,0,0,0,0,0,0,0,0,0,0,0,0,0,0
 792,   658903,  8047,  1785, -9828,     4,    70,    -1,   -70,     0,0,0,0,0,0,0,0,0,0,0,0,0,0,0,0,0,0,0,0,0,0,0,0,0,0,0,0,0,0,0,0,0
 793,   659736,  6364,  4230,-10600,    -5,    54,    21,   -77,    -2,0,0,0,0,0,0,0,0,0,0,0,0,0,0,0,0,0,0,0,0,0,0,0,0,0,0,0,0,0,0,0,0
 794,   660569,  3867,  6618,-10485,     0,    39,    44,   -81,     2,0,0,0,0,0,0,0,0,0,0,0,0,0,0,0,0,0,0,0,0,0,0,0,0,0,0,0,0,0,0,0,0
 795,   661402,   890,  8540, -9433,    -2,    21,    60,   -81,     1,0,0,0,0,0,0,0,0,0,0,0,0,0,0,0,0,0,0,0,0,0,0,0,0,0,0,0,0,0,0,0,0
 796,   662235, -1831,  9831, -7991,     9,     0,    71,   -68,     3,0,0,0,0,0,0,0,0,0,0,0,0,0,0,0,0,0,0,0,0,0,0,0,0,0,0,0,0,0,0,0,0
 797,   663068, -4271, 10588, -6297,    21,   -22,    80,   -56,     2,0,0,0,0,0,0,0,0,0,0,0,0,0,0,0,0,0,0,0,0,0,0,0,0,0,0,0,0,0,0,0,0
 798,   663901, -6648, 10506, -3831,    27,   -43,    84,   -40,     1,0,0,0,0,0,0,0,0,0,0,0,0,0,0,0,0,0,0,0,0,0,0,0,0,0,0,0,0,0,0,0,0
 799,   664734, -8519,  9426,  -890,    18,   -60,    83,   -22,     1,0,0,0,0,0,0,0,0,0,0,0,0,0,0,0,0,0,0,0,0,0,0,0,0,0,0,0,0,0,0,0,0
 800,   665567, -9791,  7958,  1837,     4,   -72,    72,     0,     0,0,0,0,0,0,0,0,0,0,0,0,0,0,0,0,0,0,0,0,0,0,0,0,0,0,0,0,0,0,0,0,0
 801,   666400,-10595,  6282,  4304,   -10,   -78,    57,    24,     2,0,0,0,0,0,0,0,0,0,0,0,0,0,0,0,0,0,0,0,0,0,0,0,0,0,0,0,0,0,0,0,0
 802,   667233,-10526,  3834,  6668,   -23,   -83,    41,    44,     2,0,0,0,0,0,0,0,0,0,0,0,0,0,0,0,0,0,0,0,0,0,0,0,0,0,0,0,0,0,0,0,0
 803,   668066, -9488,   925,  8539,   -24,   -82,    21,    59,    -2,0,0,0,0,0,0,0,0,0,0,0,0,0,0,0,0,0,0,0,0,0,0,0,0,0,0,0,0,0,0,0,0
 804,   668899, -8043, -1792,  9829,    -5,   -73,     0,    68,    -4,0,0,0,0,0,0,0,0,0,0,0,0,0,0,0,0,0,0,0,0,0,0,0,0,0,0,0,0,0,0,0,0
 805,   669732, -6358, -4241, 10604,     4,   -56,   -22,    76,    -3,0,0,0,0,0,0,0,0,0,0,0,0,0,0,0,0,0,0,0,0,0,0,0,0,0,0,0,0,0,0,0,0
 806,   670565, -3863, -6627, 10490,     0,   -40,   -44,    82,    -2,0,0,0,0,0,0,0,0,0,0,0,0,0,0,0,0,0,0,0,0,0,0,0,0,0,0,0,0,0,0,0,0
 807,   671398,  -892, -8541,  9433,     0,   -21,   -60,    79,    -1,0,0,0,0,0,0,0,0,0,0,0,0,0,0,0,0,0,0,0,0,0,0,0,0,0,0,0,0,0,0,0,0
 808,   672231,  1830, -9830,  7991,   -10,     1,   -71,    69,    -1,0,0,0,0,0,0,0,0,0,0,0,0,0,0,0,0,0,0,0,0,0,0,0,0,0,0,0,0,0,0,0,0
 809,   673064,  4265,-10585,  6300,   -20,    23,   -79,    54,    -2,0,0,0,0,0,0,0,0,0,0,0,0,0,0,0,0,0,0,0,0,0,0,0,0,0,0,0,0,0,0,0,0
 810,   673897,  6644,-10500,  3834,   -22,    43,   -84,    40,     0,0,0,0,0,0,0,0,0,0,0,0,0,0,0,0,0,0,0,0,0,0,0,0,0,0,0,0,0,0,0,0,0
 811,   674730,  8520, -9428,   887,   -21,    59,   -83,    21,    -3,0,0,0,0,0,0,0,0,0,0,0,0,0,0,0,0,0,0,0,0,0,0,0,0,0,0,0,0,0,0,0,0
 812,   675563,  9792, -7957, -1840,    -5,    70,   -73,     1,    -1,0,0,0,0,0,0,0,0,0,0,0,0,0,0,0,0,0,0,0,0,0,0,0,0,0,0,0,0,0,0,0,0
 813,   676396, 10590, -6276, -4306,     8,    79,   -58,   -22,    -1,0,0,0,0,0,0,0,0,0,0,0,0,0,0,0,0,0,0,0,0,0,0,0,0,0,0,0,0,0,0,0,0
 814,   677229, 10528, -3829, -6677,    22,    82,   -41,   -42,     0,0,0,0,0,0,0,0,0,0,0,0,0,0,0,0,0,0,0,0,0,0,0,0,0,0,0,0,0,0,0,0,0
 815,   678062,  9488,  -924, -8544,    20,    81,   -22,   -58,     1,0,0,0,0,0,0,0,0,0,0,0,0,0,0,0,0,0,0,0,0,0,0,0,0,0,0,0,0,0,0,0,0
 816,   678895,  8043,  1789, -9829,     4,    71,    -1,   -69,     2,0,0,0,0,0,0,0,0,0,0,0,0,0,0,0,0,0,0,0,0,0,0,0,0,0,0,0,0,0,0,0,0
 817,   679728,  6362,  4234,-10601,    -4,    56,    22,   -76,     2,0,0,0,0,0,0,0,0,0,0,0,0,0,0,0,0,0,0,0,0,0,0,0,0,0,0,0,0,0,0,0,0
 818,   680561,  3865,  6619,-10486,    -2,    38,    44,   -81,     1,0,0,0,0,0,0,0,0,0,0,0,0,0,0,0,0,0,0,0,0,0,0,0,0,0,0,0,0,0,0,0,0
 819,   681394,   890,  8539, -9433,    -4,    19,    62,   -79,     2,0,0,0,0,0,0,0,0,0,0,0,0,0,0,0,0,0,0,0,0,0,0,0,0,0,0,0,0,0,0,0,0
 820,   682227, -1832,  9829, -7990,     7,     0,    71,   -69,     2,0,0,0,0,0,0,0,0,0,0,0,0,0,0,0,0,0,0,0,0,0,0,0,0,0,0,0,0,0,0,0,0
 821,   683060, -4271, 10586, -6294,    21,   -23,    79,   -55,     1,0,0,0,0,0,0,0,0,0,0,0,0,0,0,0,0,0,0,0,0,0,0,0,0,0,0,0,0,0,0,0,0
 822,   683893, -6651, 10507, -3830,    26,   -42,    84,   -39,     2,0,0,0,0,0,0,0,0,0,0,0,0,0,0,0,0,0,0,0,0,0,0,0,0,0,0,0,0,0,0,0,0
 823,   684726, -8522,  9428,  -889,    17,   -61,    83,   -22,     0,0,0,0,0,0,0,0,0,0,0,0,0,0,0,0,0,0,0,0,0,0,0,0,0,0,0,0,0,0,0,0,0
 824,   685559, -9788,  7956,  1838,     7,   -72,    73,     0,     1,0,0,0,0,0,0,0,0,0,0,0,0,0,0,0,0,0,0,0,0,0,0,0,0,0,0,0,0,0,0,0,0
 825,   686392,-10592,  6282,  4304,    -7,   -79,    57,    21,    -1,0,0,0,0,0,0,0,0,0,0,0,0,0,0,0,0,0,0,0,0,0,0,0,0,0,0,0,0,0,0,0,0
 826,   687225,-10524,  3834,  6670,   -19,   -83,    42,    43,     2,0,0,0,0,0,0,0,0,0,0,0,0,0,0,0,0,0,0,0,0,0,0,0,0,0,0,0,0,0,0,0,0
 827,   688058, -9487,   925,  8541,   -21,   -82,    20,    58,    -4,0,0,0,0,0,0,0,0,0,0,0,0,0,0,0,0,0,0,0,0,0,0,0,0,0,0,0,0,0,0,0,0
 828,   688891, -8040, -1795,  9830,    -4,   -71,     1,    70,     0,0,0,0,0,0,0,0,0,0,0,0,0,0,0,0,0,0,0,0,0,0,0,0,0,0,0,0,0,0,0,0,0
 829,   689724, -6356, -4243, 10604,     4,   -56,   -22,    76,    -1,0,0,0,0,0,0,0,0,0,0,0,0,0,0,0,0,0,0,0,0,0,0,0,0,0,0,0,0,0,0,0,0
 830,   690557, -3862, -6627, 10489,     0,   -39,   -45,    81,    -3,0,0,0,0,0,0,0,0,0,0,0,0,0,0,0,0,0,0,0,0,0,0,0,0,0,0,0,0,0,0,0,0
 831,   691390,  -889, -8540,  9431,     2,   -20,   -61,    79,    -2,0,0,0,0,0,0,0,0,0,0,0,0,0,0,0,0,0,0,0,0,0,0,0,0,0,0,0,0,0,0,0,0
 832,   692223,  1834, -9830,  7991,    -6,     1,   -71,    69,    -1,0,0,0,0,0,0,0,0,0,0,0,0,0,0,0,0,0,0,0,0,0,0,0,0,0,0,0,0,0,0,0,0
 833,   693056,  4267,-10586,  6300,   -19,    24,   -79,    55,    -1,0,0,0,0,0,0,0,0,0,0,0,0,0,0,0,0,0,0,0,0,0,0,0,0,0,0,0,0,0,0,0,0
 834,   693889,  6645,-10500,  3832,   -24,    43,   -83,    39,    -1,0,0,0,0,0,0,0,0,0,0,0,0,0,0,0,0,0,0,0,0,0,0,0,0,0,0,0,0,0,0,0,0
 835,   694722,  8521, -9428,   885,   -21,    61,   -83,    22,     0,0,0,0,0,0,0,0,0,0,0,0,0,0,0,0,0,0,0,0,0,0,0,0,0,0,0,0,0,0,0,0,0
 836,   695555,  9792, -7956, -1842,    -6,    71,   -72,     1,     1,0,0,0,0,0,0,0,0,0,0,0,0,0,0,0,0,0,0,0,0,0,0,0,0,0,0,0,0,0,0,0,0
 837,   696388, 10591, -6275, -4309,     7,    80,   -58,   -20,     1,0,0,0,0,0,0,0,0,0,0,0,0,0,0,0,0,0,0,0,0,0,0,0,0,0,0,0,0,0,0,0,0
 838,   697221, 10526, -3829, -6677,    20,    84,   -40,   -43,     1,0,0,0,0,0,0,0,0,0,0,0,0,0,0,0,0,0,0,0,0,0,0,0,0,0,0,0,0,0,0,0,0
 839,   698054,  9487,  -920, -8546,    21,    81,   -22,   -59,     0,0,0,0,0,0,0,0,0,0,0,0,0,0,0,0,0,0,0,0,0,0,0,0,0,0,0,0,0,0,0,0,0
 840,   698887,  8044,  1790, -9832,     2,    71,    -2,   -68,     2,0,0,0,0,0,0,0,0,0,0,0,0,0,0,0,0,0,0,0,0,0,0,0,0,0,0,0,0,0,0,0,0
 841,   699720,  6360,  4235,-10601,    -6,    56,    22,   -77,     1,0,0,0,0,0,0,0,0,0,0,0,0,0,0,0,0,0,0,0,0,0,0,0,0,0,0,0,0,0,0,0,0
 842,   700553,  3862,  6619,-10484,    -3,    39,    44,   -82,     1,0,0,0,0,0,0,0,0,0,0,0,0,0,0,0,0,0,0,0,0,0,0,0,0,0,0,0,0,0,0,0,0
 843,   701386,   892,  8540, -9432,     0,    21,    61,   -80,     2,0,0,0,0,0,0,0,0,0,0,0,0,0,0,0,0,0,0,0,0,0,0,0,0,0,0,0,0,0,0,0,0
 844,   702219, -1833,  9830, -7991,     7,    -1,    71,   -69,     2,0,0,0,0,0,0,0,0,0,0,0,0,0,0,0,0,0,0,0,0,0,0,0,0,0,0,0,0,0,0,0,0
 845,   703052, -4273, 10588, -6294,    22,   -23,    80,   -55,     1,0,0,0,0,0,0,0,0,0,0,0,0,0,0,0,0,0,0,0,0,0,0,0,0,0,0,0,0,0,0,0,0
 846,   703885, -6650, 10507, -3829,    29,   -45,    85,   -40,    -1,0,0,0,0,0,0,0,0,0,0,0,0,0,0,0,0,0,0,0,0,0,0,0,0,0,0,0,0,0,0,0,0
 847,   704718, -8519,  9425,  -887,    19,   -60,    82,   -23,     0,0,0,0,0,0,0,0,0,0,0,0,0,0,0,0,0,0,0,0,0,0,0,0,0,0,0,0,0,0,0,0,0
 848,   705551, -9791,  7956,  1837,     2,   -71,    73,     0,     2,0,0,0,0,0,0,0,0,0,0,0,0,0,0,0,0,0,0,0,0,0,0,0,0,0,0,0,0,0,0,0,0
 849,   706384,-10592,  6282,  4304,    -6,   -78,    57,    22,     1,0,0,0,0,0,0,0,0,0,0,0,0,0,0,0,0,0,0,0,0,0,0,0,0,0,0,0,0,0,0,0,0
 850,   707217,-10526,  3833,  6672,   -21,   -83,    41,    43,     1,0,0,0,0,0,0,0,0,0,0,0,0,0,0,0,0,0,0,0,0,0,0,0,0,0,0,0,0,0,0,0,0
 851,   708050, -9488,   924,  8541,   -23,   -81,    22,    58,    -2,0,0,0,0,0,0,0,0,0,0,0,0,0,0,0,0,0,0,0,0,0,0,0,0,0,0,0,0,0,0,0,0
 852,   708883, -8041, -1794,  9830,    -5,   -70,     0,    68,    -3,0,0,0,0,0,0,0,0,0,0,0,0,0,0,0,0,0,0,0,0,0,0,0,0,0,0,0,0,0,0,0,0
 853,   709716, -6355, -4246, 10604,     2,   -55,   -24,    75,    -4,0,0,0,0,0,0,0,0,0,0,0,0,0,0,0,0,0,0,0,0,0,0,0,0,0,0,0,0,0,0,0,0
 854,   710549, -3860, -6629, 10492,     2,   -41,   -44,    82,    -3,0,0,0,0,0,0,0,0,0,0,0,0,0,0,0,0,0,0,0,0,0,0,0,0,0,0,0,0,0,0,0,0
 855,   711382,  -890, -8541,  9434,     3,   -21,   -60,    80,    -2,0,0,0,0,0,0,0,0,0,0,0,0,0,0,0,0,0,0,0,0,0,0,0,0,0,0,0,0,0,0,0,0
 856,   712215,  1834, -9832,  7991,    -7,     1,   -71,    69,    -1,0,0,0,0,0,0,0,0,0,0,0,0,0,0,0,0,0,0,0,0,0,0,0,0,0,0,0,0,0,0,0,0
 857,   713048,  4270,-10586,  6297,   -19,    22,   -81,    54,    -4,0,0,0,0,0,0,0,0,0,0,0,0,0,0,0,0,0,0,0,0,0,0,0,0,0,0,0,0,0,0,0,0
 858,   713881,  6646,-10500,  3829,   -26,    43,   -84,    41,     0,0,0,0,0,0,0,0,0,0,0,0,0,0,0,0,0,0,0,0,0,0,0,0,0,0,0,0,0,0,0,0,0
 859,   714714,  8523, -9426,   883,   -20,    60,   -81,    21,     0,0,0,0,0,0,0,0,0,0,0,0,0,0,0,0,0,0,0,0,0,0,0,0,0,0,0,0,0,0,0,0,0
 860,   715547,  9794, -7957, -1841,    -5,    71,   -74,     0,    -4,0,0,0,0,0,0,0,0,0,0,0,0,0,0,0,0,0,0,0,0,0,0,0,0,0,0,0,0,0,0,0,0
 861,   716380, 10593, -6276, -4309,     7,    79,   -56,   -22,     1,0,0,0,0,0,0,0,0,0,0,0,0,0,0,0,0,0,0,0,0,0,0,0,0,0,0,0,0,0,0,0,0
 862,   717213, 10526, -3825, -6678,    23,    83,   -41,   -43,    -1,0,0,0,0,0,0,0,0,0,0,0,0,0,0,0,0,0,0,0,0,0,0,0,0,0,0,0,0,0,0,0,0
 863,   718046,  9484,  -918, -8548,    18,    80,   -23,   -58,    -1,0,0,0,0,0,0,0,0,0,0,0,0,0,0,0,0,0,0,0,0,0,0,0,0,0,0,0,0,0,0,0,0
 864,   718879,  8038,  1792, -9830,     1,    71,     0,   -70,     1,0,0,0,0,0,0,0,0,0,0,0,0,0,0,0,0,0,0,0,0,0,0,0,0,0,0,0,0,0,0,0,0
 865,   719712,  6360,  4236,-10602,    -6,    56,    23,   -74,     6,0,0,0,0,0,0,0,0,0,0,0,0,0,0,0,0,0,0,0,0,0,0,0,0,0,0,0,0,0,0,0,0
 866,   720545,  3865,  6623,-10486,     1,    39,    44,   -82,     1,0,0,0,0,0,0,0,0,0,0,0,0,0,0,0,0,0,0,0,0,0,0,0,0,0,0,0,0,0,0,0,0
 867,   721378,   889,  8542, -9433,    -2,    21,    62,   -80,     2,0,0,0,0,0,0,0,0,0,0,0,0,0,0,0,0,0,0,0,0,0,0,0,0,0,0,0,0,0,0,0,0
 868,   722211, -1835,  9832, -7989,     8,    -1,    71,   -69,     1,0,0,0,0,0,0,0,0,0,0,0,0,0,0,0,0,0,0,0,0,0,0,0,0,0,0,0,0,0,0,0,0
 869,   723044, -4273, 10587, -6291,    22,   -24,    79,   -54,     2,0,0,0,0,0,0,0,0,0,0,0,0,0,0,0,0,0,0,0,0,0,0,0,0,0,0,0,0,0,0,0,0
 870,   723877, -6652, 10506, -3825,    30,   -44,    84,   -39,     1,0,0,0,0,0,0,0,0,0,0,0,0,0,0,0,0,0,0,0,0,0,0,0,0,0,0,0,0,0,0,0,0
 871,   724710, -8524,  9429,  -886,    19,   -59,    83,   -23,     2,0,0,0,0,0,0,0,0,0,0,0,0,0,0,0,0,0,0,0,0,0,0,0,0,0,0,0,0,0,0,0,0
 872,   725543, -9792,  7955,  1840,     3,   -71,    73,     0,     2,0,0,0,0,0,0,0,0,0,0,0,0,0,0,0,0,0,0,0,0,0,0,0,0,0,0,0,0,0,0,0,0
 873,   726376,-10591,  6278,  4306,    -8,   -78,    57,    21,     0,0,0,0,0,0,0,0,0,0,0,0,0,0,0,0,0,0,0,0,0,0,0,0,0,0,0,0,0,0,0,0,0
 874,   727209,-10524,  3832,  6672,   -20,   -84,    42,    43,     1,0,0,0,0,0,0,0,0,0,0,0,0,0,0,0,0,0,0,0,0,0,0,0,0,0,0,0,0,0,0,0,0
 875,   728042, -9485,   922,  8542,   -21,   -81,    24,    59,     2,0,0,0,0,0,0,0,0,0,0,0,0,0,0,0,0,0,0,0,0,0,0,0,0,0,0,0,0,0,0,0,0
 876,   728875, -8041, -1798,  9831,    -7,   -72,     2,    70,     0,0,0,0,0,0,0,0,0,0,0,0,0,0,0,0,0,0,0,0,0,0,0,0,0,0,0,0,0,0,0,0,0
 877,   729708, -6353, -4246, 10604,     6,   -55,   -23,    75,    -3,0,0,0,0,0,0,0,0,0,0,0,0,0,0,0,0,0,0,0,0,0,0,0,0,0,0,0,0,0,0,0,0
 878,   730541, -3859, -6629, 10489,     0,   -39,   -44,    81,    -2,0,0,0,0,0,0,0,0,0,0,0,0,0,0,0,0,0,0,0,0,0,0,0,0,0,0,0,0,0,0,0,0
 879,   731374,  -886, -8544,  9431,     1,   -21,   -61,    78,    -4,0,0,0,0,0,0,0,0,0,0,0,0,0,0,0,0,0,0,0,0,0,0,0,0,0,0,0,0,0,0,0,0
 880,   732207,  1836, -9833,  7989,    -8,     0,   -71,    69,    -2,0,0,0,0,0,0,0,0,0,0,0,0,0,0,0,0,0,0,0,0,0,0,0,0,0,0,0,0,0,0,0,0
 881,   733040,  4273,-10587,  6299,   -15,    24,   -78,    54,     1,0,0,0,0,0,0,0,0,0,0,0,0,0,0,0,0,0,0,0,0,0,0,0,0,0,0,0,0,0,0,0,0
 882,   733873,  6645,-10500,  3828,   -28,    45,   -84,    41,     1,0,0,0,0,0,0,0,0,0,0,0,0,0,0,0,0,0,0,0,0,0,0,0,0,0,0,0,0,0,0,0,0
 883,   734706,  8520, -9426,   883,   -23,    59,   -84,    21,    -4,0,0,0,0,0,0,0,0,0,0,0,0,0,0,0,0,0,0,0,0,0,0,0,0,0,0,0,0,0,0,0,0
 884,   735539,  9793, -7954, -1843,    -5,    71,   -73,     0,    -2,0,0,0,0,0,0,0,0,0,0,0,0,0,0,0,0,0,0,0,0,0,0,0,0,0,0,0,0,0,0,0,0
 885,   736372, 10593, -6274, -4311,     7,    78,   -56,   -22,    -1,0,0,0,0,0,0,0,0,0,0,0,0,0,0,0,0,0,0,0,0,0,0,0,0,0,0,0,0,0,0,0,0
 886,   737205, 10527, -3824, -6681,    22,    84,   -41,   -42,     0,0,0,0,0,0,0,0,0,0,0,0,0,0,0,0,0,0,0,0,0,0,0,0,0,0,0,0,0,0,0,0,0
 887,   738038,  9487,  -919, -8548,    20,    83,   -24,   -58,     0,0,0,0,0,0,0,0,0,0,0,0,0,0,0,0,0,0,0,0,0,0,0,0,0,0,0,0,0,0,0,0,0
 888,   738871,  8040,  1792, -9829,     4,    71,    -1,   -69,     2,0,0,0,0,0,0,0,0,0,0,0,0,0,0,0,0,0,0,0,0,0,0,0,0,0,0,0,0,0,0,0,0
 889,   739704,  6358,  4237,-10601,    -6,    55,    22,   -77,     0,0,0,0,0,0,0,0,0,0,0,0,0,0,0,0,0,0,0,0,0,0,0,0,0,0,0,0,0,0,0,0,0
 890,   740537,  3861,  6625,-10486,     0,    40,    45,   -82,     3,0,0,0,0,0,0,0,0,0,0,0,0,0,0,0,0,0,0,0,0,0,0,0,0,0,0,0,0,0,0,0,0
 891,   741370,   886,  8545, -9432,    -1,    22,    60,   -79,     4,0,0,0,0,0,0,0,0,0,0,0,0,0,0,0,0,0,0,0,0,0,0,0,0,0,0,0,0,0,0,0,0
 892,   742203, -1838,  9832, -7988,     6,    -1,    72,   -70,     2,0,0,0,0,0,0,0,0,0,0,0,0,0,0,0,0,0,0,0,0,0,0,0,0,0,0,0,0,0,0,0,0
 893,   743036, -4275, 10586, -6291,    21,   -24,    79,   -56,    -1,0,0,0,0,0,0,0,0,0,0,0,0,0,0,0,0,0,0,0,0,0,0,0,0,0,0,0,0,0,0,0,0
 894,   743869, -6653, 10502, -3823,    27,   -44,    84,   -40,     0,0,0,0,0,0,0,0,0,0,0,0,0,0,0,0,0,0,0,0,0,0,0,0,0,0,0,0,0,0,0,0,0
 895,   744702, -8523,  9426,  -884,    19,   -60,    82,   -22,     0,0,0,0,0,0,0,0,0,0,0,0,0,0,0,0,0,0,0,0,0,0,0,0,0,0,0,0,0,0,0,0,0
 896,   745535, -9795,  7959,  1842,     6,   -71,    73,     0,     2,0,0,0,0,0,0,0,0,0,0,0,0,0,0,0,0,0,0,0,0,0,0,0,0,0,0,0,0,0,0,0,0
 897,   746368,-10594,  6278,  4308,    -8,   -78,    56,    23,     1,0,0,0,0,0,0,0,0,0,0,0,0,0,0,0,0,0,0,0,0,0,0,0,0,0,0,0,0,0,0,0,0
 898,   747201,-10521,  3826,  6675,   -20,   -83,    41,    43,     1,0,0,0,0,0,0,0,0,0,0,0,0,0,0,0,0,0,0,0,0,0,0,0,0,0,0,0,0,0,0,0,0
 899,   748034, -9484,   920,  8544,   -20,   -83,    23,    59,    -1,0,0,0,0,0,0,0,0,0,0,0,0,0,0,0,0,0,0,0,0,0,0,0,0,0,0,0,0,0,0,0,0
 900,   748867, -8040, -1798,  9831,    -6,   -73,     1,    69,    -3,0,0,0,0,0,0,0,0,0,0,0,0,0,0,0,0,0,0,0,0,0,0,0,0,0,0,0,0,0,0,0,0
 901,   749700, -6354, -4247, 10608,     7,   -55,   -23,    77,    -1,0,0,0,0,0,0,0,0,0,0,0,0,0,0,0,0,0,0,0,0,0,0,0,0,0,0,0,0,0,0,0,0
 902,   750533, -3861, -6630, 10491,     0,   -40,   -45,    82,    -3,0,0,0,0,0,0,0,0,0,0,0,0,0,0,0,0,0,0,0,0,0,0,0,0,0,0,0,0,0,0,0,0
 903,   751366,  -888, -8542,  9428,    -2,   -20,   -61,    79,    -3,0,0,0,0,0,0,0,0,0,0,0,0,0,0,0,0,0,0,0,0,0,0,0,0,0,0,0,0,0,0,0,0
 904,   752199,  1835, -9832,  7988,    -9,     0,   -71,    70,    -2,0,0,0,0,0,0,0,0,0,0,0,0,0,0,0,0,0,0,0,0,0,0,0,0,0,0,0,0,0,0,0,0
 905,   753032,  4274,-10587,  6296,   -17,    24,   -79,    55,     0,0,0,0,0,0,0,0,0,0,0,0,0,0,0,0,0,0,0,0,0,0,0,0,0,0,0,0,0,0,0,0,0
 906,   753865,  6649,-10502,  3828,   -26,    44,   -85,    39,    -1,0,0,0,0,0,0,0,0,0,0,0,0,0,0,0,0,0,0,0,0,0,0,0,0,0,0,0,0,0,0,0,0
 907,   754698,  8523, -9427,   883,   -21,    61,   -84,    22,    -1,0,0,0,0,0,0,0,0,0,0,0,0,0,0,0,0,0,0,0,0,0,0,0,0,0,0,0,0,0,0,0,0
 908,   755531,  9792, -7955, -1844,    -7,    70,   -72,     0,    -2,0,0,0,0,0,0,0,0,0,0,0,0,0,0,0,0,0,0,0,0,0,0,0,0,0,0,0,0,0,0,0,0
 909,   756364, 10589, -6270, -4311,     7,    78,   -57,   -22,    -2,0,0,0,0,0,0,0,0,0,0,0,0,0,0,0,0,0,0,0,0,0,0,0,0,0,0,0,0,0,0,0,0
 910,   757197, 10526, -3821, -6682,    23,    84,   -42,   -44,    -2,0,0,0,0,0,0,0,0,0,0,0,0,0,0,0,0,0,0,0,0,0,0,0,0,0,0,0,0,0,0,0,0
 911,   758030,  9489,  -918, -8548,    23,    82,   -22,   -60,     0,0,0,0,0,0,0,0,0,0,0,0,0,0,0,0,0,0,0,0,0,0,0,0,0,0,0,0,0,0,0,0,0
 912,   758863,  8042,  1793, -9832,     3,    71,    -2,   -69,     0,0,0,0,0,0,0,0,0,0,0,0,0,0,0,0,0,0,0,0,0,0,0,0,0,0,0,0,0,0,0,0,0
 913,   759696,  6357,  4237,-10599,    -5,    56,    23,   -77,     2,0,0,0,0,0,0,0,0,0,0,0,0,0,0,0,0,0,0,0,0,0,0,0,0,0,0,0,0,0,0,0,0
 914,   760529,  3860,  6623,-10482,     0,    39,    44,   -83,     0,0,0,0,0,0,0,0,0,0,0,0,0,0,0,0,0,0,0,0,0,0,0,0,0,0,0,0,0,0,0,0,0
 915,   761362,   884,  8542, -9428,    -2,    21,    60,   -80,     1,0,0,0,0,0,0,0,0,0,0,0,0,0,0,0,0,0,0,0,0,0,0,0,0,0,0,0,0,0,0,0,0
 916,   762195, -1837,  9833, -7989,     7,    -1,    71,   -70,     0,0,0,0,0,0,0,0,0,0,0,0,0,0,0,0,0,0,0,0,0,0,0,0,0,0,0,0,0,0,0,0,0
 917,   763028, -4274, 10589, -6293,    22,   -23,    79,   -55,     1,0,0,0,0,0,0,0,0,0,0,0,0,0,0,0,0,0,0,0,0,0,0,0,0,0,0,0,0,0,0,0,0
 918,   763861, -6650, 10504, -3826,    29,   -43,    84,   -39,     2,0,0,0,0,0,0,0,0,0,0,0,0,0,0,0,0,0,0,0,0,0,0,0,0,0,0,0,0,0,0,0,0
 919,   764694, -8521,  9424,  -885,    18,   -59,    82,   -21,     2,0,0,0,0,0,0,0,0,0,0,0,0,0,0,0,0,0,0,0,0,0,0,0,0,0,0,0,0,0,0,0,0
 920,   765527, -9792,  7955,  1839,     3,   -72,    72,    -1,     0,0,0,0,0,0,0,0,0,0,0,0,0,0,0,0,0,0,0,0,0,0,0,0,0,0,0,0,0,0,0,0,0
 921,   766360,-10592,  6278,  4307,    -7,   -77,    58,    22,     3,0,0,0,0,0,0,0,0,0,0,0,0,0,0,0,0,0,0,0,0,0,0,0,0,0,0,0,0,0,0,0,0
 922,   767193,-10524,  3830,  6673,   -20,   -82,    42,    43,     2,0,0,0,0,0,0,0,0,0,0,0,0,0,0,0,0,0,0,0,0,0,0,0,0,0,0,0,0,0,0,0,0
 923,   768026, -9486,   922,  8542,   -22,   -81,    22,    59,    -1,0,0,0,0,0,0,0,0,0,0,0,0,0,0,0,0,0,0,0,0,0,0,0,0,0,0,0,0,0,0,0,0
 924,   768859, -8038, -1795,  9830,    -3,   -71,     0,    71,     0,0,0,0,0,0,0,0,0,0,0,0,0,0,0,0,0,0,0,0,0,0,0,0,0,0,0,0,0,0,0,0,0
 925,   769692, -6354, -4244, 10603,     5,   -56,   -23,    76,    -4,0,0,0,0,0,0,0,0,0,0,0,0,0,0,0,0,0,0,0,0,0,0,0,0,0,0,0,0,0,0,0,0
 926,   770525, -3857, -6632, 10490,     1,   -39,   -44,    82,    -1,0,0,0,0,0,0,0,0,0,0,0,0,0,0,0,0,0,0,0,0,0,0,0,0,0,0,0,0,0,0,0,0
 927,   771358,  -889, -8541,  9431,     1,   -21,   -61,    79,    -3,0,0,0,0,0,0,0,0,0,0,0,0,0,0,0,0,0,0,0,0,0,0,0,0,0,0,0,0,0,0,0,0
 928,   772191,  1834, -9833,  7989,   -10,     1,   -73,    72,     1,0,0,0,0,0,0,0,0,0,0,0,0,0,0,0,0,0,0,0,0,0,0,0,0,0,0,0,0,0,0,0,0
 929,   773024,  4269,-10585,  6296,   -20,    23,   -80,    55,    -2,0,0,0,0,0,0,0,0,0,0,0,0,0,0,0,0,0,0,0,0,0,0,0,0,0,0,0,0,0,0,0,0
 930,   773857,  6646,-10499,  3829,   -25,    44,   -86,    40,    -2,0,0,0,0,0,0,0,0,0,0,0,0,0,0,0,0,0,0,0,0,0,0,0,0,0,0,0,0,0,0,0,0
 931,   774690,  8526, -9426,   883,   -17,    61,   -84,    22,    -1,0,0,0,0,0,0,0,0,0,0,0,0,0,0,0,0,0,0,0,0,0,0,0,0,0,0,0,0,0,0,0,0
 932,   775523,  9793, -7955, -1842,    -5,    72,   -73,     0,    -1,0,0,0,0,0,0,0,0,0,0,0,0,0,0,0,0,0,0,0,0,0,0,0,0,0,0,0,0,0,0,0,0
 933,   776356, 10591, -6272, -4307,    11,    79,   -56,   -22,     0,0,0,0,0,0,0,0,0,0,0,0,0,0,0,0,0,0,0,0,0,0,0,0,0,0,0,0,0,0,0,0,0
 934,   777189, 10524, -3826, -6678,    20,    83,   -41,   -44,    -1,0,0,0,0,0,0,0,0,0,0,0,0,0,0,0,0,0,0,0,0,0,0,0,0,0,0,0,0,0,0,0,0
 935,   778022,  9486,  -920, -8546,    20,    81,   -22,   -58,     1,0,0,0,0,0,0,0,0,0,0,0,0,0,0,0,0,0,0,0,0,0,0,0,0,0,0,0,0,0,0,0,0
 936,   778855,  8045,  1790, -9830,     5,    72,     1,   -69,     3,0,0,0,0,0,0,0,0,0,0,0,0,0,0,0,0,0,0,0,0,0,0,0,0,0,0,0,0,0,0,0,0
 937,   779688,  6363,  4238,-10600,     0,    55,    23,   -75,     3,0,0,0,0,0,0,0,0,0,0,0,0,0,0,0,0,0,0,0,0,0,0,0,0,0,0,0,0,0,0,0,0
 938,   780521,  3864,  6619,-10484,    -1,    39,    45,   -82,     2,0,0,0,0,0,0,0,0,0,0,0,0,0,0,0,0,0,0,0,0,0,0,0,0,0,0,0,0,0,0,0,0
 939,   781354,   890,  8542, -9430,     2,    21,    61,   -80,     2,0,0,0,0,0,0,0,0,0,0,0,0,0,0,0,0,0,0,0,0,0,0,0,0,0,0,0,0,0,0,0,0
 940,   782187, -1833,  9831, -7990,     8,    -2,    71,   -69,     0,0,0,0,0,0,0,0,0,0,0,0,0,0,0,0,0,0,0,0,0,0,0,0,0,0,0,0,0,0,0,0,0
 941,   783020, -4272, 10587, -6292,    23,   -25,    79,   -55,    -1,0,0,0,0,0,0,0,0,0,0,0,0,0,0,0,0,0,0,0,0,0,0,0,0,0,0,0,0,0,0,0,0
 942,   783853, -6651, 10505, -3828,    26,   -46,    84,   -39,    -1,0,0,0,0,0,0,0,0,0,0,0,0,0,0,0,0,0,0,0,0,0,0,0,0,0,0,0,0,0,0,0,0
 943,   784686, -8521,  9426,  -887,    18,   -59,    83,   -21,     2,0,0,0,0,0,0,0,0,0,0,0,0,0,0,0,0,0,0,0,0,0,0,0,0,0,0,0,0,0,0,0,0
 944,   785519, -9790,  7955,  1840,     5,   -71,    71,    -1,     0,0,0,0,0,0,0,0,0,0,0,0,0,0,0,0,0,0,0,0,0,0,0,0,0,0,0,0,0,0,0,0,0
 945,   786352,-10591,  6280,  4305,    -7,   -78,    58,    23,     2,0,0,0,0,0,0,0,0,0,0,0,0,0,0,0,0,0,0,0,0,0,0,0,0,0,0,0,0,0,0,0,0
 946,   787185,-10523,  3832,  6672,   -19,   -83,    41,    41,    -1,0,0,0,0,0,0,0,0,0,0,0,0,0,0,0,0,0,0,0,0,0,0,0,0,0,0,0,0,0,0,0,0
 947,   788018, -9487,   923,  8542,   -22,   -82,    21,    59,    -2,0,0,0,0,0,0,0,0,0,0,0,0,0,0,0,0,0,0,0,0,0,0,0,0,0,0,0,0,0,0,0,0
 948,   788851, -8041, -1794,  9830,    -5,   -72,     1,    69,    -2,0,0,0,0,0,0,0,0,0,0,0,0,0,0,0,0,0,0,0,0,0,0,0,0,0,0,0,0,0,0,0,0
 949,   789684, -6355, -4243, 10603,     5,   -55,   -23,    76,    -1,0,0,0,0,0,0,0,0,0,0,0,0,0,0,0,0,0,0,0,0,0,0,0,0,0,0,0,0,0,0,0,0
 950,   790517, -3863, -6626, 10488,    -1,   -39,   -43,    82,     0,0,0,0,0,0,0,0,0,0,0,0,0,0,0,0,0,0,0,0,0,0,0,0,0,0,0,0,0,0,0,0,0
 951,   791350,  -892, -8541,  9432,    -1,   -22,   -61,    79,    -4,0,0,0,0,0,0,0,0,0,0,0,0,0,0,0,0,0,0,0,0,0,0,0,0,0,0,0,0,0,0,0,0
 952,   792183,  1832, -9829,  7993,    -4,     1,   -72,    69,    -3,0,0,0,0,0,0,0,0,0,0,0,0,0,0,0,0,0,0,0,0,0,0,0,0,0,0,0,0,0,0,0,0
 953,   793016,  4266,-10583,  6299,   -18,    24,   -80,    55,    -1,0,0,0,0,0,0,0,0,0,0,0,0,0,0,0,0,0,0,0,0,0,0,0,0,0,0,0,0,0,0,0,0
 954,   793849,  6641,-10498,  3833,   -25,    43,   -85,    39,    -2,0,0,0,0,0,0,0,0,0,0,0,0,0,0,0,0,0,0,0,0,0,0,0,0,0,0,0,0,0,0,0,0
 955,   794682,  8519, -9427,   887,   -20,    60,   -82,    22,    -1,0,0,0,0,0,0,0,0,0,0,0,0,0,0,0,0,0,0,0,0,0,0,0,0,0,0,0,0,0,0,0,0
 956,   795515,  9790, -7955, -1838,    -4,    72,   -73,     0,     0,0,0,0,0,0,0,0,0,0,0,0,0,0,0,0,0,0,0,0,0,0,0,0,0,0,0,0,0,0,0,0,0
 957,   796348, 10590, -6272, -4307,    10,    79,   -57,   -22,    -1,0,0,0,0,0,0,0,0,0,0,0,0,0,0,0,0,0,0,0,0,0,0,0,0,0,0,0,0,0,0,0,0
 958,   797181, 10526, -3827, -6678,    21,    84,   -41,   -42,     1,0,0,0,0,0,0,0,0,0,0,0,0,0,0,0,0,0,0,0,0,0,0,0,0,0,0,0,0,0,0,0,0
 959,   798014,  9489,  -923, -8544,    22,    83,   -23,   -59,     1,0,0,0,0,0,0,0,0,0,0,0,0,0,0,0,0,0,0,0,0,0,0,0,0,0,0,0,0,0,0,0,0
 960,   798847,  8047,  1787, -9829,     5,    71,    -1,   -69,     2,0,0,0,0,0,0,0,0,0,0,0,0,0,0,0,0,0,0,0,0,0,0,0,0,0,0,0,0,0,0,0,0
 961,   799680,  6360,  4233,-10600,    -6,    55,    22,   -77,    -1,0,0,0,0,0,0,0,0,0,0,0,0,0,0,0,0,0,0,0,0,0,0,0,0,0,0,0,0,0,0,0,0
 962,   800513,  3865,  6618,-10484,    -1,    40,    43,   -81,     3,0,0,0,0,0,0,0,0,0,0,0,0,0,0,0,0,0,0,0,0,0,0,0,0,0,0,0,0,0,0,0,0
 963,   801346,   891,  8539, -9432,    -2,    20,    62,   -80,     2,0,0,0,0,0,0,0,0,0,0,0,0,0,0,0,0,0,0,0,0,0,0,0,0,0,0,0,0,0,0,0,0
 964,   802179, -1830,  9828, -7992,     6,    -1,    72,   -68,     4,0,0,0,0,0,0,0,0,0,0,0,0,0,0,0,0,0,0,0,0,0,0,0,0,0,0,0,0,0,0,0,0
 965,   803012, -4270, 10585, -6295,    21,   -23,    78,   -55,     1,0,0,0,0,0,0,0,0,0,0,0,0,0,0,0,0,0,0,0,0,0,0,0,0,0,0,0,0,0,0,0,0
 966,   803845, -6649, 10504, -3830,    25,   -44,    85,   -40,     1,0,0,0,0,0,0,0,0,0,0,0,0,0,0,0,0,0,0,0,0,0,0,0,0,0,0,0,0,0,0,0,0
 967,   804678, -8519,  9425,  -886,    20,   -60,    84,   -22,     1,0,0,0,0,0,0,0,0,0,0,0,0,0,0,0,0,0,0,0,0,0,0,0,0,0,0,0,0,0,0,0,0
 968,   805511, -9792,  7957,  1837,     2,   -71,    73,     0,     2,0,0,0,0,0,0,0,0,0,0,0,0,0,0,0,0,0,0,0,0,0,0,0,0,0,0,0,0,0,0,0,0
 969,   806344,-10593,  6281,  4303,   -10,   -79,    57,    20,    -2,0,0,0,0,0,0,0,0,0,0,0,0,0,0,0,0,0,0,0,0,0,0,0,0,0,0,0,0,0,0,0,0
 970,   807177,-10523,  3832,  6670,   -20,   -84,    41,    42,    -1,0,0,0,0,0,0,0,0,0,0,0,0,0,0,0,0,0,0,0,0,0,0,0,0,0,0,0,0,0,0,0,0
 971,   808010, -9488,   925,  8541,   -22,   -82,    23,    58,    -1,0,0,0,0,0,0,0,0,0,0,0,0,0,0,0,0,0,0,0,0,0,0,0,0,0,0,0,0,0,0,0,0
 972,   808843, -8039, -1794,  9830,    -4,   -70,     1,    68,    -1,0,0,0,0,0,0,0,0,0,0,0,0,0,0,0,0,0,0,0,0,0,0,0,0,0,0,0,0,0,0,0,0
 973,   809676, -6355, -4243, 10603,     5,   -56,   -23,    77,    -2,0,0,0,0,0,0,0,0,0,0,0,0,0,0,0,0,0,0,0,0,0,0,0,0,0,0,0,0,0,0,0,0
 974,   810509, -3863, -6627, 10491,     1,   -38,   -45,    82,    -1,0,0,0,0,0,0,0,0,0,0,0,0,0,0,0,0,0,0,0,0,0,0,0,0,0,0,0,0,0,0,0,0
 975,   811342,  -889, -8536,  9431,     6,   -21,   -60,    79,    -2,0,0,0,0,0,0,0,0,0,0,0,0,0,0,0,0,0,0,0,0,0,0,0,0,0,0,0,0,0,0,0,0
 976,   812175,  1834, -9830,  7989,    -7,     1,   -72,    68,    -4,0,0,0,0,0,0,0,0,0,0,0,0,0,0,0,0,0,0,0,0,0,0,0,0,0,0,0,0,0,0,0,0
 977,   813008,  4268,-10585,  6298,   -19,    23,   -79,    55,    -2,0,0,0,0,0,0,0,0,0,0,0,0,0,0,0,0,0,0,0,0,0,0,0,0,0,0,0,0,0,0,0,0
 978,   813841,  6644,-10499,  3830,   -26,    43,   -83,    39,    -1,0,0,0,0,0,0,0,0,0,0,0,0,0,0,0,0,0,0,0,0,0,0,0,0,0,0,0,0,0,0,0,0
 979,   814674,  8522, -9425,   888,   -15,    59,   -83,    22,    -2,0,0,0,0,0,0,0,0,0,0,0,0,0,0,0,0,0,0,0,0,0,0,0,0,0,0,0,0,0,0,0,0
 980,   815507,  9791, -7957, -1839,    -6,    73,   -73,     0,     0,0,0,0,0,0,0,0,0,0,0,0,0,0,0,0,0,0,0,0,0,0,0,0,0,0,0,0,0,0,0,0,0
 981,   816340, 10589, -6275, -4308,     6,    79,   -57,   -23,     0,0,0,0,0,0,0,0,0,0,0,0,0,0,0,0,0,0,0,0,0,0,0,0,0,0,0,0,0,0,0,0,0
 982,   817173, 10526, -3826, -6676,    24,    84,   -41,   -42,     1,0,0,0,0,0,0,0,0,0,0,0,0,0,0,0,0,0,0,0,0,0,0,0,0,0,0,0,0,0,0,0,0
 983,   818006,  9486,  -918, -8546,    22,    82,   -23,   -58,     1,0,0,0,0,0,0,0,0,0,0,0,0,0,0,0,0,0,0,0,0,0,0,0,0,0,0,0,0,0,0,0,0
 984,   818839,  8044,  1792, -9830,     6,    71,    -1,   -69,     1,0,0,0,0,0,0,0,0,0,0,0,0,0,0,0,0,0,0,0,0,0,0,0,0,0,0,0,0,0,0,0,0
 985,   819672,  6362,  4232,-10600,    -5,    55,    24,   -77,     1,0,0,0,0,0,0,0,0,0,0,0,0,0,0,0,0,0,0,0,0,0,0,0,0,0,0,0,0,0,0,0,0
 986,   820505,  3865,  6621,-10483,     2,    40,    46,   -81,     5,0,0,0,0,0,0,0,0,0,0,0,0,0,0,0,0,0,0,0,0,0,0,0,0,0,0,0,0,0,0,0,0
 987,   821338,   889,  8540, -9432,    -3,    21,    61,   -79,     3,0,0,0,0,0,0,0,0,0,0,0,0,0,0,0,0,0,0,0,0,0,0,0,0,0,0,0,0,0,0,0,0
 988,   822171, -1833,  9829, -7989,     7,    -1,    72,   -70,     1,0,0,0,0,0,0,0,0,0,0,0,0,0,0,0,0,0,0,0,0,0,0,0,0,0,0,0,0,0,0,0,0
 989,   823004, -4273, 10587, -6293,    22,   -22,    80,   -54,     4,0,0,0,0,0,0,0,0,0,0,0,0,0,0,0,0,0,0,0,0,0,0,0,0,0,0,0,0,0,0,0,0
 990,   823837, -6650, 10505, -3828,    28,   -43,    85,   -40,     1,0,0,0,0,0,0,0,0,0,0,0,0,0,0,0,0,0,0,0,0,0,0,0,0,0,0,0,0,0,0,0,0
 991,   824670, -8521,  9425,  -889,    15,   -61,    83,   -22,     0,0,0,0,0,0,0,0,0,0,0,0,0,0,0,0,0,0,0,0,0,0,0,0,0,0,0,0,0,0,0,0,0
 992,   825503, -9790,  7955,  1838,     3,   -71,    72,     0,     1,0,0,0,0,0,0,0,0,0,0,0,0,0,0,0,0,0,0,0,0,0,0,0,0,0,0,0,0,0,0,0,0
 993,   826336,-10591,  6278,  4303,   -10,   -79,    57,    21,    -1,0,0,0,0,0,0,0,0,0,0,0,0,0,0,0,0,0,0,0,0,0,0,0,0,0,0,0,0,0,0,0,0
 994,   827169,-10521,  3830,  6673,   -18,   -81,    40,    42,     1,0,0,0,0,0,0,0,0,0,0,0,0,0,0,0,0,0,0,0,0,0,0,0,0,0,0,0,0,0,0,0,0
 995,   828002, -9485,   923,  8542,   -20,   -81,    22,    58,    -1,0,0,0,0,0,0,0,0,0,0,0,0,0,0,0,0,0,0,0,0,0,0,0,0,0,0,0,0,0,0,0,0
 996,   828835, -8038, -1797,  9831,    -4,   -71,     0,    69,    -2,0,0,0,0,0,0,0,0,0,0,0,0,0,0,0,0,0,0,0,0,0,0,0,0,0,0,0,0,0,0,0,0
 997,   829668, -6355, -4245, 10602,     1,   -56,   -23,    76,    -3,0,0,0,0,0,0,0,0,0,0,0,0,0,0,0,0,0,0,0,0,0,0,0,0,0,0,0,0,0,0,0,0
 998,   830501, -3861, -6625, 10487,     0,   -39,   -44,    79,    -4,0,0,0,0,0,0,0,0,0,0,0,0,0,0,0,0,0,0,0,0,0,0,0,0,0,0,0,0,0,0,0,0
 999,   831334,  -888, -8540,  9430,     2,   -21,   -60,    80,    -1,0,0,0,0,0,0,0,0,0,0,0,0,0,0,0,0,0,0,0,0,0,0,0,0,0,0,0,0,0,0,0,0
1000,   832167,  1833, -9831,  7992,    -6,     0,   -72,    70,    -2,0,0,0,0,0,0,0,0,0,0,0,0,0,0,0,0,0,0,0,0,0,0,0,0,0,0,0,0,0,0,0,0
1001,   833000,  4269,-10585,  6298,   -18,    24,   -80,    55,     0,0,0,0,0,0,0,0,0,0,0,0,0,0,0,0,0,0,0,0,0,0,0,0,0,0,0,0,0,0,0,0,0
1002,   833833,  6646,-10499,  3830,   -24,    45,   -85,    40,     0,0,0,0,0,0,0,0,0,0,0,0,0,0,0,0,0,0,0,0,0,0,0,0,0,0,0,0,0,0,0,0,0
1003,   834666,  8522, -9425,   886,   -17,    60,   -83,    21,    -2,0,0,0,0,0,0,0,0,0,0,0,0,0,0,0,0,0,0,0,0,0,0,0,0,0,0,0,0,0,0,0,0
1004,   835499,  9793, -7954, -1842,    -4,    70,   -71,     0,    -1,0,0,0,0,0,0,0,0,0,0,0,0,0,0,0,0,0,0,0,0,0,0,0,0,0,0,0,0,0,0,0,0
1005,   836332, 10589, -6274, -4307,     7,    79,   -56,   -21,     1,0,0,0,0,0,0,0,0,0,0,0,0,0,0,0,0,0,0,0,0,0,0,0,0,0,0,0,0,0,0,0,0
1006,   837165, 10527, -3826, -6677,    24,    84,   -41,   -42,     1,0,0,0,0,0,0,0,0,0,0,0,0,0,0,0,0,0,0,0,0,0,0,0,0,0,0,0,0,0,0,0,0
1007,   837998,  9484,  -918, -8545,    21,    82,   -23,   -59,     0,0,0,0,0,0,0,0,0,0,0,0,0,0,0,0,0,0,0,0,0,0,0,0,0,0,0,0,0,0,0,0,0
1008,   838831,  8042,  1794, -9832,     4,    73,    -1,   -69,     2,0,0,0,0,0,0,0,0,0,0,0,0,0,0,0,0,0,0,0,0,0,0,0,0,0,0,0,0,0,0,0,0
1009,   839664,  6359,  4236,-10598,    -3,    56,    23,   -76,     3,0,0,0,0,0,0,0,0,0,0,0,0,0,0,0,0,0,0,0,0,0,0,0,0,0,0,0,0,0,0,0,0
1010,   840497,  3863,  6620,-10484,    -1,    39,    43,   -80,     2,0,0,0,0,0,0,0,0,0,0,0,0,0,0,0,0,0,0,0,0,0,0,0,0,0,0,0,0,0,0,0,0
1011,   841330,   888,  8541, -9433,    -3,    22,    62,   -80,     3,0,0,0,0,0,0,0,0,0,0,0,0,0,0,0,0,0,0,0,0,0,0,0,0,0,0,0,0,0,0,0,0
1012,   842163, -1834,  9829, -7988,     7,     0,    71,   -70,     1,0,0,0,0,0,0,0,0,0,0,0,0,0,0,0,0,0,0,0,0,0,0,0,0,0,0,0,0,0,0,0,0
1013,   842996, -4272, 10584, -6292,    19,   -25,    79,   -55,    -1,0,0,0,0,0,0,0,0,0,0,0,0,0,0,0,0,0,0,0,0,0,0,0,0,0,0,0,0,0,0,0,0
1014,   843829, -6648, 10502, -3825,    28,   -43,    85,   -39,     2,0,0,0,0,0,0,0,0,0,0,0,0,0,0,0,0,0,0,0,0,0,0,0,0,0,0,0,0,0,0,0,0
1015,   844662, -8523,  9425,  -884,    18,   -60,    83,   -21,     1,0,0,0,0,0,0,0,0,0,0,0,0,0,0,0,0,0,0,0,0,0,0,0,0,0,0,0,0,0,0,0,0
1016,   845495, -9791,  7958,  1840,     7,   -71,    73,     0,     2,0,0,0,0,0,0,0,0,0,0,0,0,0,0,0,0,0,0,0,0,0,0,0,0,0,0,0,0,0,0,0,0
1017,   846328,-10590,  6279,  4305,    -6,   -79,    57,    22,     0,0,0,0,0,0,0,0,0,0,0,0,0,0,0,0,0,0,0,0,0,0,0,0,0,0,0,0,0,0,0,0,0
1018,   847161,-10519,  3828,  6671,   -19,   -84,    40,    42,    -2,0,0,0,0,0,0,0,0,0,0,0,0,0,0,0,0,0,0,0,0,0,0,0,0,0,0,0,0,0,0,0,0
1019,   847994, -9483,   922,  8541,   -20,   -82,    22,    59,    -1,0,0,0,0,0,0,0,0,0,0,0,0,0,0,0,0,0,0,0,0,0,0,0,0,0,0,0,0,0,0,0,0
1020,   848827, -8040, -1797,  9831,    -6,   -73,    -1,    69,    -6,0,0,0,0,0,0,0,0,0,0,0,0,0,0,0,0,0,0,0,0,0,0,0,0,0,0,0,0,0,0,0,0
1021,   849660, -6356, -4244, 10605,     6,   -56,   -23,    77,    -3,0,0,0,0,0,0,0,0,0,0,0,0,0,0,0,0,0,0,0,0,0,0,0,0,0,0,0,0,0,0,0,0
1022,   850493, -3861, -6628, 10488,    -1,   -40,   -44,    81,    -3,0,0,0,0,0,0,0,0,0,0,0,0,0,0,0,0,0,0,0,0,0,0,0,0,0,0,0,0,0,0,0,0
1023,   851326,  -886, -8541,  9429,     2,   -22,   -61,    80,    -3,0,0,0,0,0,0,0,0,0,0,0,0,0,0,0,0,0,0,0,0,0,0,0,0,0,0,0,0,0,0,0,0
1024,   852159,  1834, -9829,  7988,    -8,     1,   -72,    70,    -1,0,0,0,0,0,0,0,0,0,0,0,0,0,0,0,0,0,0,0,0,0,0,0,0,0,0,0,0,0,0,0,0
1025,   852992,  4269,-10586,  6297,   -20,    23,   -80,    55,    -1,0,0,0,0,0,0,0,0,0,0,0,0,0,0,0,0,0,0,0,0,0,0,0,0,0,0,0,0,0,0,0,0
1026,   853825,  6648,-10501,  3831,   -22,    43,   -84,    41,    -1,0,0,0,0,0,0,0,0,0,0,0,0,0,0,0,0,0,0,0,0,0,0,0,0,0,0,0,0,0,0,0,0
1027,   854658,  8522, -9426,   885,   -19,    59,   -82,    21,    -2,0,0,0,0,0,0,0,0,0,0,0,0,0,0,0,0,0,0,0,0,0,0,0,0,0,0,0,0,0,0,0,0
1028,   855491,  9791, -7952, -1843,    -4,    71,   -72,     0,    -1,0,0,0,0,0,0,0,0,0,0,0,0,0,0,0,0,0,0,0,0,0,0,0,0,0,0,0,0,0,0,0,0
1029,   856324, 10590, -6271, -4309,     9,    78,   -58,   -21,    -1,0,0,0,0,0,0,0,0,0,0,0,0,0,0,0,0,0,0,0,0,0,0,0,0,0,0,0,0,0,0,0,0
1030,   857157, 10525, -3824, -6681,    20,    83,   -42,   -42,     0,0,0,0,0,0,0,0,0,0,0,0,0,0,0,0,0,0,0,0,0,0,0,0,0,0,0,0,0,0,0,0,0
1031,   857990,  9487,  -919, -8548,    20,    80,   -24,   -58,    -2,0,0,0,0,0,0,0,0,0,0,0,0,0,0,0,0,0,0,0,0,0,0,0,0,0,0,0,0,0,0,0,0
1032,   858823,  8042,  1792, -9830,     5,    71,    -1,   -69,     1,0,0,0,0,0,0,0,0,0,0,0,0,0,0,0,0,0,0,0,0,0,0,0,0,0,0,0,0,0,0,0,0
1033,   859656,  6358,  4236,-10597,    -3,    55,    22,   -77,     1,0,0,0,0,0,0,0,0,0,0,0,0,0,0,0,0,0,0,0,0,0,0,0,0,0,0,0,0,0,0,0,0
1034,   860489,  3860,  6620,-10481,    -1,    39,    46,   -81,     3,0,0,0,0,0,0,0,0,0,0,0,0,0,0,0,0,0,0,0,0,0,0,0,0,0,0,0,0,0,0,0,0
1035,   861322,   886,  8540, -9429,    -4,    21,    61,   -79,     2,0,0,0,0,0,0,0,0,0,0,0,0,0,0,0,0,0,0,0,0,0,0,0,0,0,0,0,0,0,0,0,0
1036,   862155, -1837,  9831, -7989,     6,     0,    72,   -69,     4,0,0,0,0,0,0,0,0,0,0,0,0,0,0,0,0,0,0,0,0,0,0,0,0,0,0,0,0,0,0,0,0
1037,   862988, -4275, 10587, -6293,    19,   -23,    78,   -55,     0,0,0,0,0,0,0,0,0,0,0,0,0,0,0,0,0,0,0,0,0,0,0,0,0,0,0,0,0,0,0,0,0
1038,   863821, -6652, 10502, -3825,    26,   -44,    84,   -40,     0,0,0,0,0,0,0,0,0,0,0,0,0,0,0,0,0,0,0,0,0,0,0,0,0,0,0,0,0,0,0,0,0
1039,   864654, -8520,  9423,  -886,    17,   -60,    84,   -21,     2,0,0,0,0,0,0,0,0,0,0,0,0,0,0,0,0,0,0,0,0,0,0,0,0,0,0,0,0,0,0,0,0
1040,   865487, -9792,  7953,  1841,     2,   -72,    73,     1,     2,0,0,0,0,0,0,0,0,0,0,0,0,0,0,0,0,0,0,0,0,0,0,0,0,0,0,0,0,0,0,0,0
1041,   866320,-10591,  6277,  4311,    -3,   -79,    59,    21,     1,0,0,0,0,0,0,0,0,0,0,0,0,0,0,0,0,0,0,0,0,0,0,0,0,0,0,0,0,0,0,0,0
1042,   867153,-10520,  3829,  6675,   -16,   -85,    40,    43,    -2,0,0,0,0,0,0,0,0,0,0,0,0,0,0,0,0,0,0,0,0,0,0,0,0,0,0,0,0,0,0,0,0
1043,   867986, -9482,   919,  8543,   -21,   -82,    22,    59,    -2,0,0,0,0,0,0,0,0,0,0,0,0,0,0,0,0,0,0,0,0,0,0,0,0,0,0,0,0,0,0,0,0
1044,   868819, -8037, -1798,  9830,    -5,   -71,     1,    68,    -1,0,0,0,0,0,0,0,0,0,0,0,0,0,0,0,0,0,0,0,0,0,0,0,0,0,0,0,0,0,0,0,0
1045,   869652, -6354, -4247, 10604,     3,   -55,   -23,    76,    -1,0,0,0,0,0,0,0,0,0,0,0,0,0,0,0,0,0,0,0,0,0,0,0,0,0,0,0,0,0,0,0,0
1046,   870485, -3856, -6629, 10489,     3,   -38,   -44,    82,     0,0,0,0,0,0,0,0,0,0,0,0,0,0,0,0,0,0,0,0,0,0,0,0,0,0,0,0,0,0,0,0,0
1047,   871318,  -887, -8542,  9430,     1,   -22,   -61,    78,    -4,0,0,0,0,0,0,0,0,0,0,0,0,0,0,0,0,0,0,0,0,0,0,0,0,0,0,0,0,0,0,0,0
1048,   872151,  1835, -9830,  7989,    -7,     2,   -72,    70,    -1,0,0,0,0,0,0,0,0,0,0,0,0,0,0,0,0,0,0,0,0,0,0,0,0,0,0,0,0,0,0,0,0
1049,   872984,  4269,-10584,  6295,   -20,    23,   -80,    56,     0,0,0,0,0,0,0,0,0,0,0,0,0,0,0,0,0,0,0,0,0,0,0,0,0,0,0,0,0,0,0,0,0
1050,   873817,  6647,-10499,  3826,   -26,    44,   -85,    40,     0,0,0,0,0,0,0,0,0,0,0,0,0,0,0,0,0,0,0,0,0,0,0,0,0,0,0,0,0,0,0,0,0
1051,   874650,  8524, -9424,   880,   -20,    59,   -83,    22,    -2,0,0,0,0,0,0,0,0,0,0,0,0,0,0,0,0,0,0,0,0,0,0,0,0,0,0,0,0,0,0,0,0
1052,   875483,  9794, -7951, -1845,    -3,    71,   -73,    -1,    -3,0,0,0,0,0,0,0,0,0,0,0,0,0,0,0,0,0,0,0,0,0,0,0,0,0,0,0,0,0,0,0,0
1053,   876316, 10590, -6271, -4314,     5,    78,   -56,   -21,     1,0,0,0,0,0,0,0,0,0,0,0,0,0,0,0,0,0,0,0,0,0,0,0,0,0,0,0,0,0,0,0,0
1054,   877149, 10522, -3821, -6680,    21,    84,   -40,   -43,     1,0,0,0,0,0,0,0,0,0,0,0,0,0,0,0,0,0,0,0,0,0,0,0,0,0,0,0,0,0,0,0,0
1055,   877982,  9484,  -915, -8547,    22,    80,   -22,   -59,    -1,0,0,0,0,0,0,0,0,0,0,0,0,0,0,0,0,0,0,0,0,0,0,0,0,0,0,0,0,0,0,0,0
1056,   878815,  8042,  1794, -9832,     5,    71,     0,   -68,     3,0,0,0,0,0,0,0,0,0,0,0,0,0,0,0,0,0,0,0,0,0,0,0,0,0,0,0,0,0,0,0,0
1057,   879648,  6359,  4238,-10600,    -3,    57,    24,   -76,     5,0,0,0,0,0,0,0,0,0,0,0,0,0,0,0,0,0,0,0,0,0,0,0,0,0,0,0,0,0,0,0,0
1058,   880481,  3860,  6623,-10481,     1,    40,    44,   -83,     1,0,0,0,0,0,0,0,0,0,0,0,0,0,0,0,0,0,0,0,0,0,0,0,0,0,0,0,0,0,0,0,0
1059,   881314,   885,  8539, -9427,    -3,    21,    61,   -81,     1,0,0,0,0,0,0,0,0,0,0,0,0,0,0,0,0,0,0,0,0,0,0,0,0,0,0,0,0,0,0,0,0
1060,   882147, -1836,  9831, -7987,     8,     0,    71,   -69,     2,0,0,0,0,0,0,0,0,0,0,0,0,0,0,0,0,0,0,0,0,0,0,0,0,0,0,0,0,0,0,0,0
1061,   882980, -4276, 10586, -6291,    19,   -24,    80,   -55,     1,0,0,0,0,0,0,0,0,0,0,0,0,0,0,0,0,0,0,0,0,0,0,0,0,0,0,0,0,0,0,0,0
1062,   883813, -6654, 10504, -3823,    27,   -42,    84,   -39,     3,0,0,0,0,0,0,0,0,0,0,0,0,0,0,0,0,0,0,0,0,0,0,0,0,0,0,0,0,0,0,0,0
1063,   884646, -8523,  9423,  -883,    18,   -61,    83,   -21,     1,0,0,0,0,0,0,0,0,0,0,0,0,0,0,0,0,0,0,0,0,0,0,0,0,0,0,0,0,0,0,0,0
1064,   885479, -9792,  7952,  1844,     4,   -70,    72,     1,     2,0,0,0,0,0,0,0,0,0,0,0,0,0,0,0,0,0,0,0,0,0,0,0,0,0,0,0,0,0,0,0,0
1065,   886312,-10594,  6275,  4310,    -9,   -78,    57,    21,    -1,0,0,0,0,0,0,0,0,0,0,0,0,0,0,0,0,0,0,0,0,0,0,0,0,0,0,0,0,0,0,0,0
1066,   887145,-10522,  3827,  6675,   -19,   -83,    40,    43,     0,0,0,0,0,0,0,0,0,0,0,0,0,0,0,0,0,0,0,0,0,0,0,0,0,0,0,0,0,0,0,0,0
1067,   887978, -9485,   918,  8544,   -23,   -81,    22,    58,    -2,0,0,0,0,0,0,0,0,0,0,0,0,0,0,0,0,0,0,0,0,0,0,0,0,0,0,0,0,0,0,0,0
1068,   888811, -8038, -1798,  9832,    -4,   -72,     1,    70,    -1,0,0,0,0,0,0,0,0,0,0,0,0,0,0,0,0,0,0,0,0,0,0,0,0,0,0,0,0,0,0,0,0
1069,   889644, -6353, -4246, 10599,     0,   -56,   -23,    76,    -2,0,0,0,0,0,0,0,0,0,0,0,0,0,0,0,0,0,0,0,0,0,0,0,0,0,0,0,0,0,0,0,0
1070,   890477, -3854, -6628, 10486,     4,   -41,   -45,    81,    -4,0,0,0,0,0,0,0,0,0,0,0,0,0,0,0,0,0,0,0,0,0,0,0,0,0,0,0,0,0,0,0,0
1071,   891310,  -885, -8543,  9429,     1,   -22,   -63,    79,    -6,0,0,0,0,0,0,0,0,0,0,0,0,0,0,0,0,0,0,0,0,0,0,0,0,0,0,0,0,0,0,0,0
1072,   892143,  1836, -9831,  7989,    -6,     0,   -73,    69,    -3,0,0,0,0,0,0,0,0,0,0,0,0,0,0,0,0,0,0,0,0,0,0,0,0,0,0,0,0,0,0,0,0
1073,   892976,  4273,-10587,  6294,   -20,    23,   -79,    55,    -1,0,0,0,0,0,0,0,0,0,0,0,0,0,0,0,0,0,0,0,0,0,0,0,0,0,0,0,0,0,0,0,0
1074,   893809,  6645,-10497,  3826,   -25,    46,   -84,    39,     2,0,0,0,0,0,0,0,0,0,0,0,0,0,0,0,0,0,0,0,0,0,0,0,0,0,0,0,0,0,0,0,0
1075,   894642,  8523, -9419,   878,   -19,    60,   -83,    22,    -1,0,0,0,0,0,0,0,0,0,0,0,0,0,0,0,0,0,0,0,0,0,0,0,0,0,0,0,0,0,0,0,0
1076,   895475,  9793, -7953, -1848,    -7,    72,   -72,     0,     0,0,0,0,0,0,0,0,0,0,0,0,0,0,0,0,0,0,0,0,0,0,0,0,0,0,0,0,0,0,0,0,0
1077,   896308, 10594, -6270, -4314,    10,    78,   -58,   -21,    -1,0,0,0,0,0,0,0,0,0,0,0,0,0,0,0,0,0,0,0,0,0,0,0,0,0,0,0,0,0,0,0,0
1078,   897141, 10524, -3822, -6682,    20,    84,   -42,   -43,    -1,0,0,0,0,0,0,0,0,0,0,0,0,0,0,0,0,0,0,0,0,0,0,0,0,0,0,0,0,0,0,0,0
1079,   897974,  9485,  -917, -8546,    22,    82,   -24,   -59,    -1,0,0,0,0,0,0,0,0,0,0,0,0,0,0,0,0,0,0,0,0,0,0,0,0,0,0,0,0,0,0,0,0
1080,   898807,  8039,  1796, -9829,     7,    72,    -2,   -70,     0,0,0,0,0,0,0,0,0,0,0,0,0,0,0,0,0,0,0,0,0,0,0,0,0,0,0,0,0,0,0,0,0
1081,   899640,  6354,  4240,-10598,    -4,    56,    24,   -76,     3,0,0,0,0,0,0,0,0,0,0,0,0,0,0,0,0,0,0,0,0,0,0,0,0,0,0,0,0,0,0,0,0
1082,   900473,  3858,  6624,-10483,    -1,    39,    44,   -81,     1,0,0,0,0,0,0,0,0,0,0,0,0,0,0,0,0,0,0,0,0,0,0,0,0,0,0,0,0,0,0,0,0
1083,   901306,   885,  8543, -9429,    -1,    21,    60,   -79,     1,0,0,0,0,0,0,0,0,0,0,0,0,0,0,0,0,0,0,0,0,0,0,0,0,0,0,0,0,0,0,0,0
1084,   902139, -1838,  9833, -7988,     7,    -1,    70,   -69,     0,0,0,0,0,0,0,0,0,0,0,0,0,0,0,0,0,0,0,0,0,0,0,0,0,0,0,0,0,0,0,0,0
1085,   902972, -4277, 10587, -6289,    21,   -22,    78,   -56,     0,0,0,0,0,0,0,0,0,0,0,0,0,0,0,0,0,0,0,0,0,0,0,0,0,0,0,0,0,0,0,0,0
1086,   903805, -6656, 10502, -3822,    24,   -44,    85,   -40,     2,0,0,0,0,0,0,0,0,0,0,0,0,0,0,0,0,0,0,0,0,0,0,0,0,0,0,0,0,0,0,0,0
1087,   904638, -8523,  9422,  -883,    16,   -60,    83,   -22,     1,0,0,0,0,0,0,0,0,0,0,0,0,0,0,0,0,0,0,0,0,0,0,0,0,0,0,0,0,0,0,0,0
1088,   905471, -9793,  7955,  1842,     5,   -70,    71,     0,     0,0,0,0,0,0,0,0,0,0,0,0,0,0,0,0,0,0,0,0,0,0,0,0,0,0,0,0,0,0,0,0,0
1089,   906304,-10591,  6277,  4310,    -4,   -79,    56,    22,    -1,0,0,0,0,0,0,0,0,0,0,0,0,0,0,0,0,0,0,0,0,0,0,0,0,0,0,0,0,0,0,0,0
1090,   907137,-10522,  3827,  6674,   -22,   -83,    40,    43,     0,0,0,0,0,0,0,0,0,0,0,0,0,0,0,0,0,0,0,0,0,0,0,0,0,0,0,0,0,0,0,0,0
1091,   907970, -9484,   919,  8543,   -22,   -81,    22,    59,     0,0,0,0,0,0,0,0,0,0,0,0,0,0,0,0,0,0,0,0,0,0,0,0,0,0,0,0,0,0,0,0,0
1092,   908803, -8039, -1798,  9830,    -6,   -70,     1,    68,    -1,0,0,0,0,0,0,0,0,0,0,0,0,0,0,0,0,0,0,0,0,0,0,0,0,0,0,0,0,0,0,0,0
1093,   909636, -6354, -4246, 10603,     3,   -56,   -23,    76,    -3,0,0,0,0,0,0,0,0,0,0,0,0,0,0,0,0,0,0,0,0,0,0,0,0,0,0,0,0,0,0,0,0
1094,   910469, -3858, -6629, 10488,     0,   -40,   -44,    81,    -3,0,0,0,0,0,0,0,0,0,0,0,0,0,0,0,0,0,0,0,0,0,0,0,0,0,0,0,0,0,0,0,0
1095,   911302,  -888, -8543,  9428,    -3,   -20,   -61,    79,    -2,0,0,0,0,0,0,0,0,0,0,0,0,0,0,0,0,0,0,0,0,0,0,0,0,0,0,0,0,0,0,0,0
1096,   912135,  1835, -9831,  7988,    -8,     1,   -73,    69,    -3,0,0,0,0,0,0,0,0,0,0,0,0,0,0,0,0,0,0,0,0,0,0,0,0,0,0,0,0,0,0,0,0
1097,   912968,  4273,-10587,  6293,   -21,    22,   -81,    55,    -3,0,0,0,0,0,0,0,0,0,0,0,0,0,0,0,0,0,0,0,0,0,0,0,0,0,0,0,0,0,0,0,0
1098,   913801,  6649,-10497,  3825,   -22,    45,   -85,    39,    -2,0,0,0,0,0,0,0,0,0,0,0,0,0,0,0,0,0,0,0,0,0,0,0,0,0,0,0,0,0,0,0,0
1099,   914634,  8524, -9423,   880,   -20,    60,   -83,    22,    -1,0,0,0,0,0,0,0,0,0,0,0,0,0,0,0,0,0,0,0,0,0,0,0,0,0,0,0,0,0,0,0,0
1100,   915467,  9792, -7956, -1843,    -6,    71,   -73,     0,    -2,0,0,0,0,0,0,0,0,0,0,0,0,0,0,0,0,0,0,0,0,0,0,0,0,0,0,0,0,0,0,0,0
1101,   916300, 10591, -6272, -4310,     8,    78,   -57,   -22,    -1,0,0,0,0,0,0,0,0,0,0,0,0,0,0,0,0,0,0,0,0,0,0,0,0,0,0,0,0,0,0,0,0
1102,   917133, 10525, -3822, -6682,    21,    84,   -41,   -42,     1,0,0,0,0,0,0,0,0,0,0,0,0,0,0,0,0,0,0,0,0,0,0,0,0,0,0,0,0,0,0,0,0
1103,   917966,  9484,  -917, -8546,    21,    82,   -22,   -60,    -1,0,0,0,0,0,0,0,0,0,0,0,0,0,0,0,0,0,0,0,0,0,0,0,0,0,0,0,0,0,0,0,0
1104,   918799,  8041,  1794, -9829,     6,    72,     0,   -69,     3,0,0,0,0,0,0,0,0,0,0,0,0,0,0,0,0,0,0,0,0,0,0,0,0,0,0,0,0,0,0,0,0
1105,   919632,  6359,  4237,-10599,    -3,    55,    23,   -76,     2,0,0,0,0,0,0,0,0,0,0,0,0,0,0,0,0,0,0,0,0,0,0,0,0,0,0,0,0,0,0,0,0
1106,   920465,  3862,  6620,-10482,     0,    39,    44,   -81,     2,0,0,0,0,0,0,0,0,0,0,0,0,0,0,0,0,0,0,0,0,0,0,0,0,0,0,0,0,0,0,0,0
1107,   921298,   886,  8544, -9431,    -1,    22,    60,   -79,     3,0,0,0,0,0,0,0,0,0,0,0,0,0,0,0,0,0,0,0,0,0,0,0,0,0,0,0,0,0,0,0,0
1108,   922131, -1837,  9832, -7985,    10,     0,    72,   -70,     3,0,0,0,0,0,0,0,0,0,0,0,0,0,0,0,0,0,0,0,0,0,0,0,0,0,0,0,0,0,0,0,0
1109,   922964, -4276, 10586, -6291,    19,   -22,    80,   -55,     3,0,0,0,0,0,0,0,0,0,0,0,0,0,0,0,0,0,0,0,0,0,0,0,0,0,0,0,0,0,0,0,0
1110,   923797, -6652, 10503, -3824,    27,   -45,    83,   -40,    -1,0,0,0,0,0,0,0,0,0,0,0,0,0,0,0,0,0,0,0,0,0,0,0,0,0,0,0,0,0,0,0,0
1111,   924630, -8521,  9424,  -883,    20,   -60,    82,   -22,     1,0,0,0,0,0,0,0,0,0,0,0,0,0,0,0,0,0,0,0,0,0,0,0,0,0,0,0,0,0,0,0,0
1112,   925463, -9792,  7956,  1840,     4,   -70,    73,     0,     3,0,0,0,0,0,0,0,0,0,0,0,0,0,0,0,0,0,0,0,0,0,0,0,0,0,0,0,0,0,0,0,0
1113,   926296,-10590,  6277,  4307,    -6,   -77,    58,    22,     3,0,0,0,0,0,0,0,0,0,0,0,0,0,0,0,0,0,0,0,0,0,0,0,0,0,0,0,0,0,0,0,0
1114,   927129,-10520,  3829,  6672,   -19,   -83,    41,    43,     2,0,0,0,0,0,0,0,0,0,0,0,0,0,0,0,0,0,0,0,0,0,0,0,0,0,0,0,0,0,0,0,0
1115,   927962, -9486,   921,  8543,   -22,   -81,    23,    58,     0,0,0,0,0,0,0,0,0,0,0,0,0,0,0,0,0,0,0,0,0,0,0,0,0,0,0,0,0,0,0,0,0
1116,   928795, -8040, -1796,  9830,    -6,   -69,     1,    69,     0,0,0,0,0,0,0,0,0,0,0,0,0,0,0,0,0,0,0,0,0,0,0,0,0,0,0,0,0,0,0,0,0
1117,   929628, -6355, -4245, 10601,     1,   -56,   -23,    75,    -4,0,0,0,0,0,0,0,0,0,0,0,0,0,0,0,0,0,0,0,0,0,0,0,0,0,0,0,0,0,0,0,0
1118,   930461, -3859, -6628, 10486,    -1,   -40,   -43,    82,    -2,0,0,0,0,0,0,0,0,0,0,0,0,0,0,0,0,0,0,0,0,0,0,0,0,0,0,0,0,0,0,0,0
1119,   931294,  -886, -8541,  9430,     3,   -21,   -61,    80,    -2,0,0,0,0,0,0,0,0,0,0,0,0,0,0,0,0,0,0,0,0,0,0,0,0,0,0,0,0,0,0,0,0
1120,   932127,  1834, -9832,  7989,    -9,     1,   -73,    70,    -2,0,0,0,0,0,0,0,0,0,0,0,0,0,0,0,0,0,0,0,0,0,0,0,0,0,0,0,0,0,0,0,0
1121,   932960,  4270,-10586,  6298,   -19,    22,   -79,    55,    -3,0,0,0,0,0,0,0,0,0,0,0,0,0,0,0,0,0,0,0,0,0,0,0,0,0,0,0,0,0,0,0,0
1122,   933793,  6645,-10496,  3828,   -23,    44,   -86,    40,    -2,0,0,0,0,0,0,0,0,0,0,0,0,0,0,0,0,0,0,0,0,0,0,0,0,0,0,0,0,0,0,0,0
1123,   934626,  8519, -9422,   884,   -19,    59,   -83,    22,    -2,0,0,0,0,0,0,0,0,0,0,0,0,0,0,0,0,0,0,0,0,0,0,0,0,0,0,0,0,0,0,0,0
1124,   935459,  9792, -7954, -1840,    -2,    71,   -72,     1,     1,0,0,0,0,0,0,0,0,0,0,0,0,0,0,0,0,0,0,0,0,0,0,0,0,0,0,0,0,0,0,0,0
1125,   936292, 10589, -6275, -4306,     7,    79,   -58,   -23,    -2,0,0,0,0,0,0,0,0,0,0,0,0,0,0,0,0,0,0,0,0,0,0,0,0,0,0,0,0,0,0,0,0
1126,   937125, 10525, -3826, -6679,    20,    83,   -41,   -41,     1,0,0,0,0,0,0,0,0,0,0,0,0,0,0,0,0,0,0,0,0,0,0,0,0,0,0,0,0,0,0,0,0
1127,   937958,  9485,  -918, -8544,    23,    81,   -23,   -59,    -1,0,0,0,0,0,0,0,0,0,0,0,0,0,0,0,0,0,0,0,0,0,0,0,0,0,0,0,0,0,0,0,0
1128,   938791,  8039,  1794, -9830,     3,    70,     0,   -70,     0,0,0,0,0,0,0,0,0,0,0,0,0,0,0,0,0,0,0,0,0,0,0,0,0,0,0,0,0,0,0,0,0
1129,   939624,  6361,  4233,-10599,    -4,    56,    24,   -77,     2,0,0,0,0,0,0,0,0,0,0,0,0,0,0,0,0,0,0,0,0,0,0,0,0,0,0,0,0,0,0,0,0
1130,   940457,  3863,  6622,-10482,     3,    39,    44,   -82,     1,0,0,0,0,0,0,0,0,0,0,0,0,0,0,0,0,0,0,0,0,0,0,0,0,0,0,0,0,0,0,0,0
1131,   941290,   890,  8540, -9429,     0,    21,    61,   -80,     2,0,0,0,0,0,0,0,0,0,0,0,0,0,0,0,0,0,0,0,0,0,0,0,0,0,0,0,0,0,0,0,0
1132,   942123, -1833,  9828, -7988,     7,    -1,    73,   -69,     2,0,0,0,0,0,0,0,0,0,0,0,0,0,0,0,0,0,0,0,0,0,0,0,0,0,0,0,0,0,0,0,0
1133,   942956, -4270, 10584, -6291,    22,   -23,    79,   -55,     0,0,0,0,0,0,0,0,0,0,0,0,0,0,0,0,0,0,0,0,0,0,0,0,0,0,0,0,0,0,0,0,0
1134,   943789, -6650, 10503, -3827,    27,   -44,    84,   -39,     0,0,0,0,0,0,0,0,0,0,0,0,0,0,0,0,0,0,0,0,0,0,0,0,0,0,0,0,0,0,0,0,0
1135,   944622, -8520,  9425,  -887,    18,   -61,    82,   -22,     0,0,0,0,0,0,0,0,0,0,0,0,0,0,0,0,0,0,0,0,0,0,0,0,0,0,0,0,0,0,0,0,0
1136,   945455, -9793,  7957,  1837,     1,   -71,    71,     0,     0,0,0,0,0,0,0,0,0,0,0,0,0,0,0,0,0,0,0,0,0,0,0,0,0,0,0,0,0,0,0,0,0
1137,   946288,-10591,  6278,  4304,   -10,   -78,    56,    22,     0,0,0,0,0,0,0,0,0,0,0,0,0,0,0,0,0,0,0,0,0,0,0,0,0,0,0,0,0,0,0,0,0
1138,   947121,-10518,  3829,  6670,   -19,   -83,    42,    42,     1,0,0,0,0,0,0,0,0,0,0,0,0,0,0,0,0,0,0,0,0,0,0,0,0,0,0,0,0,0,0,0,0
1139,   947954, -9485,   924,  8538,   -22,   -81,    21,    59,    -1,0,0,0,0,0,0,0,0,0,0,0,0,0,0,0,0,0,0,0,0,0,0,0,0,0,0,0,0,0,0,0,0
1140,   948787, -8040, -1792,  9828,    -4,   -72,     1,    71,     0,0,0,0,0,0,0,0,0,0,0,0,0,0,0,0,0,0,0,0,0,0,0,0,0,0,0,0,0,0,0,0,0
1141,   949620, -6358, -4241, 10603,     4,   -56,   -23,    77,    -2,0,0,0,0,0,0,0,0,0,0,0,0,0,0,0,0,0,0,0,0,0,0,0,0,0,0,0,0,0,0,0,0
1142,   950453, -3864, -6625, 10488,    -1,   -40,   -43,    81,    -2,0,0,0,0,0,0,0,0,0,0,0,0,0,0,0,0,0,0,0,0,0,0,0,0,0,0,0,0,0,0,0,0
1143,   951286,  -888, -8539,  9430,     3,   -21,   -61,    81,    -1,0,0,0,0,0,0,0,0,0,0,0,0,0,0,0,0,0,0,0,0,0,0,0,0,0,0,0,0,0,0,0,0
1144,   952119,  1830, -9829,  7991,    -8,     1,   -73,    69,    -3,0,0,0,0,0,0,0,0,0,0,0,0,0,0,0,0,0,0,0,0,0,0,0,0,0,0,0,0,0,0,0,0
1145,   952952,  4266,-10584,  6298,   -20,    23,   -79,    54,    -2,0,0,0,0,0,0,0,0,0,0,0,0,0,0,0,0,0,0,0,0,0,0,0,0,0,0,0,0,0,0,0,0
1146,   953785,  6641,-10501,  3833,   -26,    44,   -86,    40,    -2,0,0,0,0,0,0,0,0,0,0,0,0,0,0,0,0,0,0,0,0,0,0,0,0,0,0,0,0,0,0,0,0
1147,   954618,  8518, -9427,   888,   -22,    60,   -83,    22,     0,0,0,0,0,0,0,0,0,0,0,0,0,0,0,0,0,0,0,0,0,0,0,0,0,0,0,0,0,0,0,0,0
1148,   955451,  9788, -7955, -1838,    -5,    72,   -72,     1,     0,0,0,0,0,0,0,0,0,0,0,0,0,0,0,0,0,0,0,0,0,0,0,0,0,0,0,0,0,0,0,0,0
1149,   956284, 10589, -6271, -4307,    11,    79,   -57,   -23,    -1,0,0,0,0,0,0,0,0,0,0,0,0,0,0,0,0,0,0,0,0,0,0,0,0,0,0,0,0,0,0,0,0
1150,   957117, 10525, -3827, -6677,    21,    84,   -42,   -43,    -1,0,0,0,0,0,0,0,0,0,0,0,0,0,0,0,0,0,0,0,0,0,0,0,0,0,0,0,0,0,0,0,0
1151,   957950,  9488,  -922, -8546,    20,    82,   -23,   -57,     2,0,0,0,0,0,0,0,0,0,0,0,0,0,0,0,0,0,0,0,0,0,0,0,0,0,0,0,0,0,0,0,0
1152,   958783,  8043,  1788, -9828,     4,    71,     1,   -69,     3,0,0,0,0,0,0,0,0,0,0,0,0,0,0,0,0,0,0,0,0,0,0,0,0,0,0,0,0,0,0,0,0
1153,   959616,  6360,  4230,-10597,    -7,    56,    24,   -78,     2,0,0,0,0,0,0,0,0,0,0,0,0,0,0,0,0,0,0,0,0,0,0,0,0,0,0,0,0,0,0,0,0
1154,   960449,  3864,  6617,-10482,    -1,    39,    44,   -81,     1,0,0,0,0,0,0,0,0,0,0,0,0,0,0,0,0,0,0,0,0,0,0,0,0,0,0,0,0,0,0,0,0
1155,   961282,   891,  8539, -9432,    -2,    21,    62,   -80,     3,0,0,0,0,0,0,0,0,0,0,0,0,0,0,0,0,0,0,0,0,0,0,0,0,0,0,0,0,0,0,0,0
1156,   962115, -1832,  9829, -7990,     7,     1,    72,   -70,     3,0,0,0,0,0,0,0,0,0,0,0,0,0,0,0,0,0,0,0,0,0,0,0,0,0,0,0,0,0,0,0,0
1157,   962948, -4269, 10585, -6296,    20,   -22,    79,   -56,     1,0,0,0,0,0,0,0,0,0,0,0,0,0,0,0,0,0,0,0,0,0,0,0,0,0,0,0,0,0,0,0,0
1158,   963781, -6647, 10501, -3829,    25,   -45,    85,   -39,     1,0,0,0,0,0,0,0,0,0,0,0,0,0,0,0,0,0,0,0,0,0,0,0,0,0,0,0,0,0,0,0,0
1159,   964614, -8517,  9423,  -889,    17,   -59,    83,   -22,     2,0,0,0,0,0,0,0,0,0,0,0,0,0,0,0,0,0,0,0,0,0,0,0,0,0,0,0,0,0,0,0,0
1160,   965447, -9789,  7957,  1838,     6,   -71,    73,     1,     3,0,0,0,0,0,0,0,0,0,0,0,0,0,0,0,0,0,0,0,0,0,0,0,0,0,0,0,0,0,0,0,0
1161,   966280,-10591,  6280,  4305,    -7,   -78,    58,    22,     2,0,0,0,0,0,0,0,0,0,0,0,0,0,0,0,0,0,0,0,0,0,0,0,0,0,0,0,0,0,0,0,0
1162,   967113,-10523,  3832,  6669,   -22,   -84,    41,    44,     1,0,0,0,0,0,0,0,0,0,0,0,0,0,0,0,0,0,0,0,0,0,0,0,0,0,0,0,0,0,0,0,0
1163,   967946, -9485,   925,  8539,   -21,   -82,    22,    59,    -1,0,0,0,0,0,0,0,0,0,0,0,0,0,0,0,0,0,0,0,0,0,0,0,0,0,0,0,0,0,0,0,0
1164,   968779, -8039, -1793,  9828,    -4,   -71,     1,    70,    -1,0,0,0,0,0,0,0,0,0,0,0,0,0,0,0,0,0,0,0,0,0,0,0,0,0,0,0,0,0,0,0,0
1165,   969612, -6359, -4243, 10603,     1,   -56,   -23,    77,    -2,0,0,0,0,0,0,0,0,0,0,0,0,0,0,0,0,0,0,0,0,0,0,0,0,0,0,0,0,0,0,0,0
1166,   970445, -3862, -6624, 10488,     2,   -39,   -45,    82,    -2,0,0,0,0,0,0,0,0,0,0,0,0,0,0,0,0,0,0,0,0,0,0,0,0,0,0,0,0,0,0,0,0
1167,   971278,  -890, -8539,  9431,     2,   -21,   -61,    81,    -2,0,0,0,0,0,0,0,0,0,0,0,0,0,0,0,0,0,0,0,0,0,0,0,0,0,0,0,0,0,0,0,0
1168,   972111,  1828, -9827,  7989,   -10,     2,   -72,    71,     0,0,0,0,0,0,0,0,0,0,0,0,0,0,0,0,0,0,0,0,0,0,0,0,0,0,0,0,0,0,0,0,0
1169,   972944,  4266,-10585,  6298,   -21,    23,   -78,    55,    -1,0,0,0,0,0,0,0,0,0,0,0,0,0,0,0,0,0,0,0,0,0,0,0,0,0,0,0,0,0,0,0,0
1170,   973777,  6643,-10501,  3831,   -26,    43,   -85,    39,    -3,0,0,0,0,0,0,0,0,0,0,0,0,0,0,0,0,0,0,0,0,0,0,0,0,0,0,0,0,0,0,0,0
1171,   974610,  8522, -9425,   885,   -19,    59,   -83,    21,    -3,0,0,0,0,0,0,0,0,0,0,0,0,0,0,0,0,0,0,0,0,0,0,0,0,0,0,0,0,0,0,0,0
1172,   975443,  9790, -7955, -1841,    -5,    71,   -73,     0,    -3,0,0,0,0,0,0,0,0,0,0,0,0,0,0,0,0,0,0,0,0,0,0,0,0,0,0,0,0,0,0,0,0
1173,   976276, 10588, -6276, -4307,     5,    79,   -57,   -22,    -1,0,0,0,0,0,0,0,0,0,0,0,0,0,0,0,0,0,0,0,0,0,0,0,0,0,0,0,0,0,0,0,0
1174,   977109, 10522, -3826, -6677,    19,    83,   -41,   -43,    -1,0,0,0,0,0,0,0,0,0,0,0,0,0,0,0,0,0,0,0,0,0,0,0,0,0,0,0,0,0,0,0,0
1175,   977942,  9485,  -921, -8546,    18,    83,   -21,   -56,     5,0,0,0,0,0,0,0,0,0,0,0,0,0,0,0,0,0,0,0,0,0,0,0,0,0,0,0,0,0,0,0,0
1176,   978775,  8043,  1790, -9830,     4,    71,    -1,   -70,     0,0,0,0,0,0,0,0,0,0,0,0,0,0,0,0,0,0,0,0,0,0,0,0,0,0,0,0,0,0,0,0,0
1177,   979608,  6360,  4234,-10599,    -5,    54,    22,   -75,     1,0,0,0,0,0,0,0,0,0,0,0,0,0,0,0,0,0,0,0,0,0,0,0,0,0,0,0,0,0,0,0,0
1178,   980441,  3863,  6619,-10482,     0,    41,    43,   -81,     3,0,0,0,0,0,0,0,0,0,0,0,0,0,0,0,0,0,0,0,0,0,0,0,0,0,0,0,0,0,0,0,0
1179,   981274,   889,  8538, -9429,    -2,    20,    61,   -80,     1,0,0,0,0,0,0,0,0,0,0,0,0,0,0,0,0,0,0,0,0,0,0,0,0,0,0,0,0,0,0,0,0
1180,   982107, -1835,  9831, -7988,     8,     0,    72,   -68,     4,0,0,0,0,0,0,0,0,0,0,0,0,0,0,0,0,0,0,0,0,0,0,0,0,0,0,0,0,0,0,0,0
1181,   982940, -4273, 10588, -6293,    21,   -23,    79,   -54,     1,0,0,0,0,0,0,0,0,0,0,0,0,0,0,0,0,0,0,0,0,0,0,0,0,0,0,0,0,0,0,0,0
1182,   983773, -6649, 10504, -3827,    28,   -43,    84,   -39,     2,0,0,0,0,0,0,0,0,0,0,0,0,0,0,0,0,0,0,0,0,0,0,0,0,0,0,0,0,0,0,0,0
1183,   984606, -8517,  9425,  -886,    22,   -60,    83,   -21,     2,0,0,0,0,0,0,0,0,0,0,0,0,0,0,0,0,0,0,0,0,0,0,0,0,0,0,0,0,0,0,0,0
1184,   985439, -9789,  7954,  1839,     4,   -73,    72,     0,    -1,0,0,0,0,0,0,0,0,0,0,0,0,0,0,0,0,0,0,0,0,0,0,0,0,0,0,0,0,0,0,0,0
1185,   986272,-10590,  6277,  4305,    -9,   -78,    59,    22,     4,0,0,0,0,0,0,0,0,0,0,0,0,0,0,0,0,0,0,0,0,0,0,0,0,0,0,0,0,0,0,0,0
1186,   987105,-10521,  3829,  6671,   -21,   -84,    41,    43,     1,0,0,0,0,0,0,0,0,0,0,0,0,0,0,0,0,0,0,0,0,0,0,0,0,0,0,0,0,0,0,0,0
1187,   987938, -9486,   923,  8543,   -20,   -81,    22,    59,     0,0,0,0,0,0,0,0,0,0,0,0,0,0,0,0,0,0,0,0,0,0,0,0,0,0,0,0,0,0,0,0,0
1188,   988771, -8041, -1796,  9829,    -8,   -72,    -1,    70,    -2,0,0,0,0,0,0,0,0,0,0,0,0,0,0,0,0,0,0,0,0,0,0,0,0,0,0,0,0,0,0,0,0
1189,   989604, -6354, -4243, 10601,     5,   -56,   -24,    77,    -2,0,0,0,0,0,0,0,0,0,0,0,0,0,0,0,0,0,0,0,0,0,0,0,0,0,0,0,0,0,0,0,0
1190,   990437, -3859, -6626, 10486,     1,   -40,   -45,    83,    -2,0,0,0,0,0,0,0,0,0,0,0,0,0,0,0,0,0,0,0,0,0,0,0,0,0,0,0,0,0,0,0,0
1191,   991270,  -888, -8541,  9430,     1,   -21,   -62,    79,    -4,0,0,0,0,0,0,0,0,0,0,0,0,0,0,0,0,0,0,0,0,0,0,0,0,0,0,0,0,0,0,0,0
1192,   992103,  1832, -9831,  7990,    -9,     1,   -71,    70,    -1,0,0,0,0,0,0,0,0,0,0,0,0,0,0,0,0,0,0,0,0,0,0,0,0,0,0,0,0,0,0,0,0
1193,   992936,  4269,-10586,  6297,   -21,    23,   -79,    53,    -3,0,0,0,0,0,0,0,0,0,0,0,0,0,0,0,0,0,0,0,0,0,0,0,0,0,0,0,0,0,0,0,0
1194,   993769,  6642,-10497,  3828,   -27,    44,   -84,    40,    -1,0,0,0,0,0,0,0,0,0,0,0,0,0,0,0,0,0,0,0,0,0,0,0,0,0,0,0,0,0,0,0,0
1195,   994602,  8520, -9421,   882,   -19,    59,   -85,    22,    -3,0,0,0,0,0,0,0,0,0,0,0,0,0,0,0,0,0,0,0,0,0,0,0,0,0,0,0,0,0,0,0,0
1196,   995435,  9794, -7954, -1843,    -3,    71,   -72,     0,    -1,0,0,0,0,0,0,0,0,0,0,0,0,0,0,0,0,0,0,0,0,0,0,0,0,0,0,0,0,0,0,0,0
1197,   996268, 10592, -6275, -4309,     7,    79,   -57,   -22,     0,0,0,0,0,0,0,0,0,0,0,0,0,0,0,0,0,0,0,0,0,0,0,0,0,0,0,0,0,0,0,0,0
1198,   997101, 10524, -3824, -6679,    21,    83,   -41,   -43,    -1,0,0,0,0,0,0,0,0,0,0,0,0,0,0,0,0,0,0,0,0,0,0,0,0,0,0,0,0,0,0,0,0
1199,   997934,  9485,  -920, -8544,    21,    81,   -22,   -59,     0,0,0,0,0,0,0,0,0,0,0,0,0,0,0,0,0,0,0,0,0,0,0,0,0,0,0,0,0,0,0,0,0
1200,   998767,  8039,  1793, -9828,     5,    71,     0,   -69,     3,0,0,0,0,0,0,0,0,0,0,0,0,0,0,0,0,0,0,0,0,0,0,0,0,0,0,0,0,0,0,0,0
1201,   999600,  6358,  4238,-10599,    -3,    55,    22,   -78,    -1,0,0,0,0,0,0,0,0,0,0,0,0,0,0,0,0,0,0,0,0,0,0,0,0,0,0,0,0,0,0,0,0
1202,  1000433,  3862,  6619,-10482,    -1,    40,    45,   -82,     4,0,0,0,0,0,0,0,0,0,0,0,0,0,0,0,0,0,0,0,0,0,0,0,0,0,0,0,0,0,0,0,0
1203,  1001266,   887,  8540, -9431,    -4,    20,    60,   -80,     1,0,0,0,0,0,0,0,0,0,0,0,0,0,0,0,0,0,0,0,0,0,0,0,0,0,0,0,0,0,0,0,0
1204,  1002099, -1834,  9830, -7987,     9,     0,    73,   -69,     4,0,0,0,0,0,0,0,0,0,0,0,0,0,0,0,0,0,0,0,0,0,0,0,0,0,0,0,0,0,0,0,0
1205,  1002932, -4274, 10584, -6289,    20,   -22,    80,   -56,     2,0,0,0,0,0,0,0,0,0,0,0,0,0,0,0,0,0,0,0,0,0,0,0,0,0,0,0,0,0,0,0,0
1206,  1003765, -6653, 10501, -3822,    26,   -44,    84,   -38,     2,0,0,0,0,0,0,0,0,0,0,0,0,0,0,0,0,0,0,0,0,0,0,0,0,0,0,0,0,0,0,0,0
1207,  1004598, -8521,  9424,  -885,    18,   -60,    83,   -21,     1,0,0,0,0,0,0,0,0,0,0,0,0,0,0,0,0,0,0,0,0,0,0,0,0,0,0,0,0,0,0,0,0
1208,  1005431, -9792,  7955,  1840,     3,   -71,    72,     1,     1,0,0,0,0,0,0,0,0,0,0,0,0,0,0,0,0,0,0,0,0,0,0,0,0,0,0,0,0,0,0,0,0
1209,  1006264,-10589,  6278,  4307,    -5,   -80,    57,    21,    -2,0,0,0,0,0,0,0,0,0,0,0,0,0,0,0,0,0,0,0,0,0,0,0,0,0,0,0,0,0,0,0,0
1210,  1007097,-10520,  3827,  6672,   -21,   -84,    40,    44,     0,0,0,0,0,0,0,0,0,0,0,0,0,0,0,0,0,0,0,0,0,0,0,0,0,0,0,0,0,0,0,0,0
1211,  1007930, -9485,   917,  8545,   -23,   -82,    24,    58,     0,0,0,0,0,0,0,0,0,0,0,0,0,0,0,0,0,0,0,0,0,0,0,0,0,0,0,0,0,0,0,0,0
1212,  1008763, -8040, -1798,  9830,    -8,   -71,     2,    69,     0,0,0,0,0,0,0,0,0,0,0,0,0,0,0,0,0,0,0,0,0,0,0,0,0,0,0,0,0,0,0,0,0
1213,  1009596, -6354, -4246, 10603,     3,   -56,   -23,    76,    -3,0,0,0,0,0,0,0,0,0,0,0,0,0,0,0,0,0,0,0,0,0,0,0,0,0,0,0,0,0,0,0,0
1214,  1010429, -3856, -6627, 10486,     3,   -41,   -44,    82,    -4,0,0,0,0,0,0,0,0,0,0,0,0,0,0,0,0,0,0,0,0,0,0,0,0,0,0,0,0,0,0,0,0
1215,  1011262,  -888, -8541,  9427,    -2,   -21,   -59,    79,    -1,0,0,0,0,0,0,0,0,0,0,0,0,0,0,0,0,0,0,0,0,0,0,0,0,0,0,0,0,0,0,0,0
1216,  1012095,  1834, -9829,  7986,    -9,     0,   -72,    68,    -4,0,0,0,0,0,0,0,0,0,0,0,0,0,0,0,0,0,0,0,0,0,0,0,0,0,0,0,0,0,0,0,0
1217,  1012928,  4270,-10586,  6296,   -20,    23,   -79,    54,    -3,0,0,0,0,0,0,0,0,0,0,0,0,0,0,0,0,0,0,0,0,0,0,0,0,0,0,0,0,0,0,0,0
1218,  1013761,  6644,-10496,  3827,   -25,    42,   -84,    41,    -1,0,0,0,0,0,0,0,0,0,0,0,0,0,0,0,0,0,0,0,0,0,0,0,0,0,0,0,0,0,0,0,0
1219,  1014594,  8521, -9421,   881,   -19,    59,   -82,    21,    -2,0,0,0,0,0,0,0,0,0,0,0,0,0,0,0,0,0,0,0,0,0,0,0,0,0,0,0,0,0,0,0,0
1220,  1015427,  9790, -7953, -1841,    -4,    70,   -73,     0,    -3,0,0,0,0,0,0,0,0,0,0,0,0,0,0,0,0,0,0,0,0,0,0,0,0,0,0,0,0,0,0,0,0
1221,  1016260, 10589, -6272, -4309,     8,    78,   -57,   -23,    -2,0,0,0,0,0,0,0,0,0,0,0,0,0,0,0,0,0,0,0,0,0,0,0,0,0,0,0,0,0,0,0,0
1222,  1017093, 10524, -3823, -6682,    19,    83,   -39,   -42,     2,0,0,0,0,0,0,0,0,0,0,0,0,0,0,0,0,0,0,0,0,0,0,0,0,0,0,0,0,0,0,0,0
1223,  1017926,  9484,  -917, -8547,    20,    81,   -22,   -58,     1,0,0,0,0,0,0,0,0,0,0,0,0,0,0,0,0,0,0,0,0,0,0,0,0,0,0,0,0,0,0,0,0
1224,  1018759,  8038,  1795, -9830,     4,    70,     1,   -71,     0,0,0,0,0,0,0,0,0,0,0,0,0,0,0,0,0,0,0,0,0,0,0,0,0,0,0,0,0,0,0,0,0
1225,  1019592,  6356,  4236,-10597,    -5,    57,    23,   -77,     3,0,0,0,0,0,0,0,0,0,0,0,0,0,0,0,0,0,0,0,0,0,0,0,0,0,0,0,0,0,0,0,0
1226,  1020425,  3859,  6622,-10481,    -1,    41,    44,   -82,     3,0,0,0,0,0,0,0,0,0,0,0,0,0,0,0,0,0,0,0,0,0,0,0,0,0,0,0,0,0,0,0,0
1227,  1021258,   885,  8543, -9430,    -2,    21,    61,   -80,     2,0,0,0,0,0,0,0,0,0,0,0,0,0,0,0,0,0,0,0,0,0,0,0,0,0,0,0,0,0,0,0,0
1228,  1022091, -1838,  9831, -7987,     6,    -1,    72,   -68,     3,0,0,0,0,0,0,0,0,0,0,0,0,0,0,0,0,0,0,0,0,0,0,0,0,0,0,0,0,0,0,0,0
1229,  1022924, -4276, 10587, -6290,    21,   -23,    79,   -56,     0,0,0,0,0,0,0,0,0,0,0,0,0,0,0,0,0,0,0,0,0,0,0,0,0,0,0,0,0,0,0,0,0
1230,  1023757, -6652, 10501, -3822,    28,   -44,    84,   -39,     1,0,0,0,0,0,0,0,0,0,0,0,0,0,0,0,0,0,0,0,0,0,0,0,0,0,0,0,0,0,0,0,0
1231,  1024590, -8522,  9421,  -884,    15,   -60,    82,   -22,     0,0,0,0,0,0,0,0,0,0,0,0,0,0,0,0,0,0,0,0,0,0,0,0,0,0,0,0,0,0,0,0,0
1232,  1025423, -9792,  7954,  1843,     6,   -70,    71,     0,     1,0,0,0,0,0,0,0,0,0,0,0,0,0,0,0,0,0,0,0,0,0,0,0,0,0,0,0,0,0,0,0,0
1233,  1026256,-10591,  6276,  4307,    -8,   -78,    57,    22,     1,0,0,0,0,0,0,0,0,0,0,0,0,0,0,0,0,0,0,0,0,0,0,0,0,0,0,0,0,0,0,0,0
1234,  1027089,-10518,  3826,  6673,   -19,   -83,    42,    43,     2,0,0,0,0,0,0,0,0,0,0,0,0,0,0,0,0,0,0,0,0,0,0,0,0,0,0,0,0,0,0,0,0
1235,  1027922, -9482,   917,  8543,   -22,   -82,    22,    59,    -1,0,0,0,0,0,0,0,0,0,0,0,0,0,0,0,0,0,0,0,0,0,0,0,0,0,0,0,0,0,0,0,0
1236,  1028755, -8040, -1800,  9829,   -10,   -72,     1,    69,    -3,0,0,0,0,0,0,0,0,0,0,0,0,0,0,0,0,0,0,0,0,0,0,0,0,0,0,0,0,0,0,0,0
1237,  1029588, -6353, -4247, 10604,     4,   -55,   -22,    77,    -1,0,0,0,0,0,0,0,0,0,0,0,0,0,0,0,0,0,0,0,0,0,0,0,0,0,0,0,0,0,0,0,0
1238,  1030421, -3857, -6630, 10487,     0,   -41,   -45,    81,    -5,0,0,0,0,0,0,0,0,0,0,0,0,0,0,0,0,0,0,0,0,0,0,0,0,0,0,0,0,0,0,0,0
1239,  1031254,  -887, -8540,  9427,     0,   -20,   -62,    81,     0,0,0,0,0,0,0,0,0,0,0,0,0,0,0,0,0,0,0,0,0,0,0,0,0,0,0,0,0,0,0,0,0
1240,  1032087,  1835, -9831,  7987,    -9,    -1,   -72,    70,    -3,0,0,0,0,0,0,0,0,0,0,0,0,0,0,0,0,0,0,0,0,0,0,0,0,0,0,0,0,0,0,0,0
1241,  1032920,  4272,-10586,  6294,   -20,    22,   -79,    54,    -3,0,0,0,0,0,0,0,0,0,0,0,0,0,0,0,0,0,0,0,0,0,0,0,0,0,0,0,0,0,0,0,0
1242,  1033753,  6647,-10495,  3825,   -23,    44,   -84,    40,     0,0,0,0,0,0,0,0,0,0,0,0,0,0,0,0,0,0,0,0,0,0,0,0,0,0,0,0,0,0,0,0,0
1243,  1034586,  8523, -9420,   879,   -19,    59,   -83,    20,    -4,0,0,0,0,0,0,0,0,0,0,0,0,0,0,0,0,0,0,0,0,0,0,0,0,0,0,0,0,0,0,0,0
1244,  1035419,  9792, -7951, -1844,    -3,    71,   -73,     0,    -1,0,0,0,0,0,0,0,0,0,0,0,0,0,0,0,0,0,0,0,0,0,0,0,0,0,0,0,0,0,0,0,0
1245,  1036252, 10591, -6271, -4311,     9,    78,   -57,   -21,     0,0,0,0,0,0,0,0,0,0,0,0,0,0,0,0,0,0,0,0,0,0,0,0,0,0,0,0,0,0,0,0,0
1246,  1037085, 10523, -3821, -6681,    21,    83,   -41,   -43,    -1,0,0,0,0,0,0,0,0,0,0,0,0,0,0,0,0,0,0,0,0,0,0,0,0,0,0,0,0,0,0,0,0
1247,  1037918,  9481,  -915, -8544,    22,    83,   -21,   -60,     2,0,0,0,0,0,0,0,0,0,0,0,0,0,0,0,0,0,0,0,0,0,0,0,0,0,0,0,0,0,0,0,0
1248,  1038751,  8040,  1796, -9830,     6,    70,     1,   -71,     0,0,0,0,0,0,0,0,0,0,0,0,0,0,0,0,0,0,0,0,0,0,0,0,0,0,0,0,0,0,0,0,0
1249,  1039584,  6356,  4235,-10598,    -7,    57,    22,   -76,     3,0,0,0,0,0,0,0,0,0,0,0,0,0,0,0,0,0,0,0,0,0,0,0,0,0,0,0,0,0,0,0,0
1250,  1040417,  3860,  6621,-10479,     1,    41,    44,   -81,     4,0,0,0,0,0,0,0,0,0,0,0,0,0,0,0,0,0,0,0,0,0,0,0,0,0,0,0,0,0,0,0,0
1251,  1041250,   883,  8541, -9428,    -3,    20,    61,   -81,     1,0,0,0,0,0,0,0,0,0,0,0,0,0,0,0,0,0,0,0,0,0,0,0,0,0,0,0,0,0,0,0,0
1252,  1042083, -1838,  9831, -7986,     7,     0,    71,   -71,     0,0,0,0,0,0,0,0,0,0,0,0,0,0,0,0,0,0,0,0,0,0,0,0,0,0,0,0,0,0,0,0,0
1253,  1042916, -4276, 10585, -6287,    22,   -23,    79,   -55,     1,0,0,0,0,0,0,0,0,0,0,0,0,0,0,0,0,0,0,0,0,0,0,0,0,0,0,0,0,0,0,0,0
1254,  1043749, -6655, 10502, -3821,    26,   -44,    85,   -40,     1,0,0,0,0,0,0,0,0,0,0,0,0,0,0,0,0,0,0,0,0,0,0,0,0,0,0,0,0,0,0,0,0
1255,  1044582, -8520,  9424,  -885,    19,   -59,    83,   -22,     2,0,0,0,0,0,0,0,0,0,0,0,0,0,0,0,0,0,0,0,0,0,0,0,0,0,0,0,0,0,0,0,0
1256,  1045415, -9794,  7953,  1842,     2,   -71,    73,     1,     3,0,0,0,0,0,0,0,0,0,0,0,0,0,0,0,0,0,0,0,0,0,0,0,0,0,0,0,0,0,0,0,0
1257,  1046248,-10591,  6275,  4308,    -8,   -79,    58,    22,     1,0,0,0,0,0,0,0,0,0,0,0,0,0,0,0,0,0,0,0,0,0,0,0,0,0,0,0,0,0,0,0,0
1258,  1047081,-10519,  3823,  6675,   -20,   -83,    40,    43,     0,0,0,0,0,0,0,0,0,0,0,0,0,0,0,0,0,0,0,0,0,0,0,0,0,0,0,0,0,0,0,0,0
1259,  1047914, -9483,   918,  8543,   -23,   -82,    22,    59,    -1,0,0,0,0,0,0,0,0,0,0,0,0,0,0,0,0,0,0,0,0,0,0,0,0,0,0,0,0,0,0,0,0
1260,  1048747, -8039, -1800,  9831,    -7,   -70,     0,    70,     0,0,0,0,0,0,0,0,0,0,0,0,0,0,0,0,0,0,0,0,0,0,0,0,0,0,0,0,0,0,0,0,0
1261,  1049580, -6354, -4245, 10603,     5,   -56,   -23,    77,    -2,0,0,0,0,0,0,0,0,0,0,0,0,0,0,0,0,0,0,0,0,0,0,0,0,0,0,0,0,0,0,0,0
1262,  1050413, -3858, -6629, 10485,    -2,   -40,   -43,    81,    -2,0,0,0,0,0,0,0,0,0,0,0,0,0,0,0,0,0,0,0,0,0,0,0,0,0,0,0,0,0,0,0,0
1263,  1051246,  -885, -8540,  9426,     1,   -22,   -60,    79,    -3,0,0,0,0,0,0,0,0,0,0,0,0,0,0,0,0,0,0,0,0,0,0,0,0,0,0,0,0,0,0,0,0
1264,  1052079,  1836, -9831,  7988,    -7,     1,   -71,    71,     0,0,0,0,0,0,0,0,0,0,0,0,0,0,0,0,0,0,0,0,0,0,0,0,0,0,0,0,0,0,0,0,0
1265,  1052912,  4269,-10584,  6297,   -18,    23,   -78,    55,     0,0,0,0,0,0,0,0,0,0,0,0,0,0,0,0,0,0,0,0,0,0,0,0,0,0,0,0,0,0,0,0,0
1266,  1053745,  6647,-10497,  3828,   -23,    44,   -85,    40,    -1,0,0,0,0,0,0,0,0,0,0,0,0,0,0,0,0,0,0,0,0,0,0,0,0,0,0,0,0,0,0,0,0
1267,  1054578,  8522, -9424,   883,   -20,    59,   -83,    21,    -2,0,0,0,0,0,0,0,0,0,0,0,0,0,0,0,0,0,0,0,0,0,0,0,0,0,0,0,0,0,0,0,0
1268,  1055411,  9791, -7952, -1842,    -4,    69,   -74,     0,    -4,0,0,0,0,0,0,0,0,0,0,0,0,0,0,0,0,0,0,0,0,0,0,0,0,0,0,0,0,0,0,0,0
1269,  1056244, 10589, -6269, -4311,     9,    79,   -58,   -21,    -1,0,0,0,0,0,0,0,0,0,0,0,0,0,0,0,0,0,0,0,0,0,0,0,0,0,0,0,0,0,0,0,0
1270,  1057077, 10523, -3823, -6682,    18,    83,   -41,   -42,     0,0,0,0,0,0,0,0,0,0,0,0,0,0,0,0,0,0,0,0,0,0,0,0,0,0,0,0,0,0,0,0,0
1271,  1057910,  9485,  -918, -8547,    20,    81,   -22,   -59,     0,0,0,0,0,0,0,0,0,0,0,0,0,0,0,0,0,0,0,0,0,0,0,0,0,0,0,0,0,0,0,0,0
1272,  1058743,  8041,  1794, -9830,     6,    71,     0,   -69,     2,0,0,0,0,0,0,0,0,0,0,0,0,0,0,0,0,0,0,0,0,0,0,0,0,0,0,0,0,0,0,0,0
1273,  1059576,  6356,  4236,-10597,    -5,    56,    22,   -76,     2,0,0,0,0,0,0,0,0,0,0,0,0,0,0,0,0,0,0,0,0,0,0,0,0,0,0,0,0,0,0,0,0
1274,  1060409,  3859,  6620,-10480,    -1,    38,    46,   -82,     3,0,0,0,0,0,0,0,0,0,0,0,0,0,0,0,0,0,0,0,0,0,0,0,0,0,0,0,0,0,0,0,0
1275,  1061242,   886,  8541, -9428,     0,    21,    62,   -79,     4,0,0,0,0,0,0,0,0,0,0,0,0,0,0,0,0,0,0,0,0,0,0,0,0,0,0,0,0,0,0,0,0
1276,  1062075, -1836,  9832, -7988,     8,     0,    73,   -71,     2,0,0,0,0,0,0,0,0,0,0,0,0,0,0,0,0,0,0,0,0,0,0,0,0,0,0,0,0,0,0,0,0
1277,  1062908, -4273, 10587, -6291,    23,   -22,    79,   -55,     1,0,0,0,0,0,0,0,0,0,0,0,0,0,0,0,0,0,0,0,0,0,0,0,0,0,0,0,0,0,0,0,0
1278,  1063741, -6650, 10502, -3822,    30,   -43,    85,   -40,     2,0,0,0,0,0,0,0,0,0,0,0,0,0,0,0,0,0,0,0,0,0,0,0,0,0,0,0,0,0,0,0,0
1279,  1064574, -8519,  9422,  -884,    19,   -60,    84,   -22,     2,0,0,0,0,0,0,0,0,0,0,0,0,0,0,0,0,0,0,0,0,0,0,0,0,0,0,0,0,0,0,0,0
1280,  1065407, -9793,  7954,  1840,     1,   -72,    71,     0,     0,0,0,0,0,0,0,0,0,0,0,0,0,0,0,0,0,0,0,0,0,0,0,0,0,0,0,0,0,0,0,0,0
1281,  1066240,-10591,  6277,  4307,    -7,   -79,    58,    21,     0,0,0,0,0,0,0,0,0,0,0,0,0,0,0,0,0,0,0,0,0,0,0,0,0,0,0,0,0,0,0,0,0
1282,  1067073,-10521,  3827,  6673,   -21,   -84,    41,    42,    -1,0,0,0,0,0,0,0,0,0,0,0,0,0,0,0,0,0,0,0,0,0,0,0,0,0,0,0,0,0,0,0,0
1283,  1067906, -9482,   920,  8542,   -20,   -82,    22,    60,     0,0,0,0,0,0,0,0,0,0,0,0,0,0,0,0,0,0,0,0,0,0,0,0,0,0,0,0,0,0,0,0,0
1284,  1068739, -8037, -1799,  9830,    -5,   -71,     1,    70,     0,0,0,0,0,0,0,0,0,0,0,0,0,0,0,0,0,0,0,0,0,0,0,0,0,0,0,0,0,0,0,0,0
1285,  1069572, -6354, -4246, 10604,     4,   -55,   -23,    78,     0,0,0,0,0,0,0,0,0,0,0,0,0,0,0,0,0,0,0,0,0,0,0,0,0,0,0,0,0,0,0,0,0
1286,  1070405, -3858, -6627, 10486,     1,   -39,   -45,    80,    -4,0,0,0,0,0,0,0,0,0,0,0,0,0,0,0,0,0,0,0,0,0,0,0,0,0,0,0,0,0,0,0,0
1287,  1071238,  -887, -8541,  9428,     0,   -21,   -61,    78,    -4,0,0,0,0,0,0,0,0,0,0,0,0,0,0,0,0,0,0,0,0,0,0,0,0,0,0,0,0,0,0,0,0
1288,  1072071,  1835, -9830,  7989,    -7,     1,   -71,    69,    -2,0,0,0,0,0,0,0,0,0,0,0,0,0,0,0,0,0,0,0,0,0,0,0,0,0,0,0,0,0,0,0,0
1289,  1072904,  4271,-10582,  6295,   -16,    23,   -79,    55,    -1,0,0,0,0,0,0,0,0,0,0,0,0,0,0,0,0,0,0,0,0,0,0,0,0,0,0,0,0,0,0,0,0
1290,  1073737,  6699, -4810,  3875,  5764,    81, -2984,    70, -2833,0,0,0,0,0,0,0,0,0,0,0,0,0,0,0,0,0,0,0,0,0,0,0,0,0,0,0,0,0,0,0,0
1291,  1074570,  5828,   207, -1892,  4144,   203, -9749,   154, -9391,0,0,0,0,0,0,0,0,0,0,0,0,0,0,0,0,0,0,0,0,0,0,0,0,0,0,0,0,0,0,0,0
1292,  1075403,  7975,    24, -4031,  3968,   294,-14240,   223,-13724,0,0,0,0,0,0,0,0,0,0,0,0,0,0,0,0,0,0,0,0,0,0,0,0,0,0,0,0,0,0,0,0
1293,  1076236,  9092,  -334, -6075,  2683,   372,-18391,   277,-17742,0,0,0,0,0,0,0,0,0,0,0,0,0,0,0,0,0,0,0,0,0,0,0,0,0,0,0,0,0,0,0,0
1294,  1077069,  9455,  -305, -7800,  1351,   413,-20223,   308,-19503,0,0,0,0,0,0,0,0,0,0,0,0,0,0,0,0,0,0,0,0,0,0,0,0,0,0,0,0,0,0,0,0
1295,  1077902,  8878,  -233, -8977,  -332,   419,-20496,   302,-19775,0,0,0,0,0,0,0,0,0,0,0,0,0,0,0,0,0,0,0,0,0,0,0,0,0,0,0,0,0,0,0,0
1296,  1078735,  8308,  -189, -9102,  -984,   390,-18909,   273,-18246,0,0,0,0,0,0,0,0,0,0,0,0,0,0,0,0,0,0,0,0,0,0,0,0,0,0,0,0,0,0,0,0
1297,  1079568,  6848,  -117, -9574, -2843,   330,-16172,   218,-15623,0,0,0,0,0,0,0,0,0,0,0,0,0,0,0,0,0,0,0,0,0,0,0,0,0,0,0,0,0,0,0,0
1298,  1080401,  5330,   -50, -8886, -3606,   233,-11526,   136,-11157,0,0,0,0,0,0,0,0,0,0,0,0,0,0,0,0,0,0,0,0,0,0,0,0,0,0,0,0,0,0,0,0
1299,  1081234,  2866,    19, -7761, -4876,   119, -6048,    44, -5885,0,0,0,0,0,0,0,0,0,0,0,0,0,0,0,0,0,0,0,0,0,0,0,0,0,0,0,0,0,0,0,0
1300,  1082067,   524,   191, -5899, -5185,   -13,   421,   -62,   346,0,0,0,0,0,0,0,0,0,0,0,0,0,0,0,0,0,0,0,0,0,0,0,0,0,0,0,0,0,0,0,0
1301,  1082900, -1967,   305, -3914, -5576,  -146,  6937,  -165,  6626,0,0,0,0,0,0,0,0,0,0,0,0,0,0,0,0,0,0,0,0,0,0,0,0,0,0,0,0,0,0,0,0
1302,  1083733, -4262,   346, -1355, -5271,  -281, 13578,  -264, 13033,0,0,0,0,0,0,0,0,0,0,0,0,0,0,0,0,0,0,0,0,0,0,0,0,0,0,0,0,0,0,0,0
1303,  1084566, -6301,   376,  1292, -4633,  -402, 19272,  -359, 18510,0,0,0,0,0,0,0,0,0,0,0,0,0,0,0,0,0,0,0,0,0,0,0,0,0,0,0,0,0,0,0,0
1304,  1085399, -7781,   385,  3682, -3715,  -503, 24066,  -436, 23126,0,0,0,0,0,0,0,0,0,0,0,0,0,0,0,0,0,0,0,0,0,0,0,0,0,0,0,0,0,0,0,0
1305,  1086232, -8818,   374,  5770, -2674,  -578, 27260,  -485, 26197,0,0,0,0,0,0,0,0,0,0,0,0,0,0,0,0,0,0,0,0,0,0,0,0,0,0,0,0,0,0,0,0
1306,  1087065, -9192,   350,  7436, -1406,  -625, 29201,  -508, 28069,0,0,0,0,0,0,0,0,0,0,0,0,0,0,0,0,0,0,0,0,0,0,0,0,0,0,0,0,0,0,0,0
1307,  1087898, -8657,   310,  8393,    47,  -632, 29098,  -497, 27970,0,0,0,0,0,0,0,0,0,0,0,0,0,0,0,0,0,0,0,0,0,0,0,0,0,0,0,0,0,0,0,0
1308,  1088731, -7978,   266,  8899,  1186,  -605, 27616,  -462, 26549,0,0,0,0,0,0,0,0,0,0,0,0,0,0,0,0,0,0,0,0,0,0,0,0,0,0,0,0,0,0,0,0
1309,  1089564, -6956,   197,  9234,  2475,  -539, 24456,  -400, 23517,0,0,0,0,0,0,0,0,0,0,0,0,0,0,0,0,0,0,0,0,0,0,0,0,0,0,0,0,0,0,0,0
1310,  1090397, -5429,   135,  8671,  3377,  -445, 20239,  -323, 19471,0,0,0,0,0,0,0,0,0,0,0,0,0,0,0,0,0,0,0,0,0,0,0,0,0,0,0,0,0,0,0,0
1311,  1091230, -3112,    63,  7678,  4628,  -320, 14655,  -227, 14108,0,0,0,0,0,0,0,0,0,0,0,0,0,1,0,0,0,0,0,0,0,0,0,0,0,0,0,0,0,0,0,0
1312,  1092063,  -978,    19,  6018,  5059,  -179,  8359,  -120,  8060,0,0,0,0,0,0,0,0,0,0,0,0,0,1,0,0,0,0,0,0,0,0,0,0,0,0,0,0,0,0,0,0
1313,  1092896,  1420,   -75,  4189,  5535,   -32,  1619,    -6,  1581,0,0,0,0,0,0,0,0,0,0,0,0,0,1,0,0,0,0,0,0,0,0,0,0,0,0,0,0,0,0,0,0
1314,  1093729,  3689,  -219,  1643,  5113,   109, -4847,   100, -4639,0,0,0,0,0,0,0,0,0,0,0,0,0,1,0,0,0,0,0,0,0,0,0,0,0,0,0,0,0,0,0,0
1315,  1094562,  5870,  -244,  -909,  4717,   236,-10725,   196,-10293,0,0,0,1,1,1,0,0,0,0,0,0,0,1,0,0,0,0,0,0,0,0,0,0,0,0,0,0,0,0,0,0
1316,  1095395,  7389,  -252, -3482,  3655,   343,-15470,   267,-14860,0,0,0,1,1,1,0,0,0,0,0,0,0,1,0,0,0,0,0,0,0,0,0,0,0,0,0,0,0,0,0,0
1317,  1096228,  8728,  -262, -5523,  2944,   429,-19040,   317,-18294,0,0,0,1,1,1,0,0,0,0,0,0,0,1,0,0,0,0,0,0,0,0,0,0,0,0,0,0,0,0,0,0
1318,  1097061,  8988,  -242, -7247,  1499,   484,-21165,   343,-20337,0,0,0,1,1,1,0,0,0,0,0,0,0,1,0,0,0,0,0,0,0,0,0,0,0,0,0,0,0,0,0,0
1319,  1097894,  8595,  -208, -8052,   334,   503,-21564,   338,-20723,0,0,0,1,1,1,0,0,0,0,0,0,0,1,0,0,0,0,0,0,0,0,0,0,0,0,0,0,0,0,0,0
1320,  1098727,  7828,  -156, -8765, -1092,   486,-20356,   306,-19564,0,0,0,1,1,1,0,0,0,0,0,0,0,1,0,0,0,0,0,0,0,0,0,0,0,0,0,0,0,0,0,0
1321,  1099560,  7072,  -124, -8986, -2038,   430,-17683,   252,-17001,0,0,0,1,1,1,0,0,0,0,0,0,0,1,0,0,0,0,0,0,0,0,0,0,0,0,0,0,0,0,0,0
1322,  1100393,  5535,   -57, -8624, -3145,   341,-13882,   180,-13361,0,0,0,1,1,1,0,0,0,0,0,0,0,1,0,0,0,0,0,0,0,0,0,0,0,0,0,0,0,0,0,0
1323,  1101226,  3419,     6, -7544, -4120,   228, -8876,    92, -8555,0,0,0,1,1,1,0,0,0,0,0,0,0,1,0,0,0,0,0,0,0,0,0,0,0,0,0,0,0,0,0,0
1324,  1102059,  1045,    78, -6064, -4940,    94, -2970,    -7, -2884,0,0,0,1,1,1,0,0,0,0,0,0,0,1,0,0,0,0,0,0,0,0,0,0,0,0,0,0,0,0,0,0
1325,  1102892, -1229,   227, -4167, -5170,   -47,  3382,  -112,  3224,0,0,0,1,1,1,0,0,0,0,0,0,0,1,0,0,0,0,0,0,0,0,0,0,0,0,0,0,0,0,0,0
1326,  1103725, -3535,   283, -1826, -5078,  -188,  9631,  -210,  9233,0,0,0,1,1,1,0,0,0,0,0,0,0,1,0,0,0,0,0,0,0,0,0,0,0,0,0,0,0,0,0,0
1327,  1104558, -5541,   307,   851, -4384,  -318, 15264,  -298, 14648,0,0,0,1,1,1,0,0,0,0,0,0,0,1,0,0,0,0,0,0,0,0,0,0,0,0,0,0,0,0,0,0
1328,  1105391, -7204,   327,  3293, -3584,  -427, 19763,  -367, 18968,0,0,0,1,1,1,0,0,0,0,0,0,0,1,0,0,0,0,0,0,0,0,0,0,0,0,0,0,0,0,0,0
1329,  1106224, -8412,   316,  5478, -2617,  -509, 23095,  -414, 22171,0,0,0,1,1,1,0,0,0,0,0,0,0,1,0,0,0,0,0,0,0,0,0,0,0,0,0,0,0,0,0,0
1330,  1107057, -8904,   290,  7158, -1456,  -563, 24963,  -434, 23966,0,0,0,1,1,1,0,0,0,0,0,0,0,1,0,0,0,0,0,0,0,0,0,0,0,0,0,0,0,0,0,0
1331,  1107890, -8492,   258,  8007,  -227,  -583, 25321,  -425, 24313,0,0,0,1,1,1,0,0,0,0,0,0,0,1,0,0,0,0,0,0,0,0,0,0,0,0,0,0,0,0,0,0
1332,  1108723, -7765,   225,  8571,  1030,  -565, 24078,  -388, 23124,0,0,0,1,1,1,0,0,0,0,0,0,0,1,0,0,0,0,0,0,0,0,0,0,0,0,0,0,0,0,0,0
1333,  1109556, -6961,   177,  8892,  2108,  -509, 21450,  -329, 20612,0,0,0,1,1,1,0,0,0,0,0,0,0,1,0,0,0,0,0,0,0,0,0,0,0,0,0,0,0,0,0,0
1334,  1110389, -5510,   119,  8517,  3126,  -421, 17595,  -250, 16924,0,0,0,1,1,1,0,0,0,0,0,0,0,1,0,0,0,0,0,0,0,0,0,0,0,0,0,0,0,0,0,0
1335,  1111222, -3414,    59,  7482,  4128,  -307, 12643,  -161, 12176,0,0,0,1,1,1,0,0,0,0,0,0,0,1,0,0,0,0,0,0,0,0,0,0,0,0,0,0,0,0,0,0
1336,  1112055, -1081,    -9,  6006,  4915,  -170,  6720,   -56,  6495,0,0,0,1,1,1,0,0,0,0,0,0,0,1,0,0,0,0,0,0,0,0,0,0,0,0,0,0,0,0,0,0
1337,  1112888,  1150,  -102,  4092,  5141,   -25,   400,    52,   427,0,0,0,1,1,1,0,0,0,0,0,0,0,1,0,0,0,0,0,0,0,0,0,0,0,0,0,0,0,0,0,0
1338,  1113721,  3451,  -206,  1776,  5021,   120, -5811,   156, -5535,0,0,0,1,1,1,0,0,0,0,0,0,0,1,0,0,0,0,0,0,0,0,0,0,0,0,0,0,0,0,0,0
1339,  1114554,  5460,  -223,  -863,  4374,   250,-11388,   244,-10894,0,0,0,1,1,1,0,0,0,0,0,0,0,1,0,0,0,0,0,0,0,0,0,0,0,0,0,0,0,0,0,0
1340,  1115387,  7090,  -239, -3277,  3574,   359,-15906,   306,-15241,0,0,0,1,1,1,0,0,0,0,0,0,0,1,0,0,0,0,0,0,0,0,0,0,0,0,0,0,0,0,0,0
1341,  1116220,  8286,  -259, -5424,  2603,   445,-19206,   353,-18407,0,0,0,1,1,1,0,0,0,0,0,0,0,1,0,0,0,0,0,0,0,0,0,0,0,0,0,0,0,0,0,0
1342,  1117053,  8803,  -236, -7076,  1491,   499,-21121,   370,-20253,0,0,0,1,1,1,0,0,0,0,0,0,0,1,0,0,0,0,0,0,0,0,0,0,0,0,0,0,0,0,0,0
1343,  1117886,  8393,  -196, -7974,   222,   513,-21486,   354,-20619,0,0,0,1,1,1,0,0,0,0,0,0,0,1,0,0,0,0,0,0,0,0,0,0,0,0,0,0,0,0,0,0
1344,  1118719,  7677,  -156, -8503,  -982,   477,-20302,   298,-19527,0,0,0,1,1,1,0,0,0,0,0,0,0,1,0,0,0,0,0,0,0,0,0,0,0,0,0,0,0,0,0,0
1345,  1119552,  6817,  -111, -8850, -2144,   377,-17701,   205,-17119,0,0,0,1,1,1,0,0,0,0,0,0,0,1,0,0,0,0,0,0,0,0,0,0,0,0,0,0,0,0,0,0
1346,  1120385,  5418,   -56, -8465, -3103,   230,-13908,    63,-13614,0,0,0,1,1,1,0,0,0,0,0,0,0,1,0,0,0,0,0,0,0,0,0,0,0,0,0,0,0,0,0,0
1347,  1121218,  3357,     2, -7359, -4001,    50, -9032,   -11, -8993,0,0,0,1,1,1,0,0,0,0,0,0,0,1,0,0,0,0,0,0,0,0,0,0,0,0,0,0,0,0,0,0
1348,  1122051,  1179,    65, -5821, -4576,   -15, -3270,    -6, -3291,0,0,0,1,1,1,0,0,0,0,0,0,0,1,0,0,0,0,0,0,0,0,0,0,0,0,0,0,0,0,0,0
1349,  1122884, -1073,   214, -3997, -4856,    -6,  2788,    -1,  2782,0,0,0,1,1,1,0,0,0,0,0,0,0,1,0,0,0,0,0,0,0,0,0,0,0,0,0,0,0,0,0,0
1350,  1123717, -3348,   258, -1707, -4797,    -1,  8782,     0,  8781,0,0,0,1,1,1,0,0,0,0,0,0,0,1,0,0,0,0,0,0,0,0,0,0,0,0,0,0,0,0,0,0
1351,  1124550, -5348,   264,   925, -4159,    -2, 14154,     0, 14152,0,0,0,1,1,1,0,0,0,0,0,0,0,1,0,0,0,0,0,0,0,0,0,0,0,0,0,0,0,0,0,0
1352,  1125383, -7001,   285,  3339, -3376,    -1, 18483,     1, 18483,0,0,0,1,1,1,0,0,0,0,0,0,0,1,0,0,0,0,0,0,0,0,0,0,0,0,0,0,0,0,0,0
1353,  1126216, -8100,   287,  5160, -2652,     0, 21598,    -1, 21597,0,0,0,1,1,1,0,0,0,0,0,0,0,1,0,0,0,0,0,0,0,0,0,0,0,0,0,0,0,0,0,0
1354,  1127049, -8259,   269,  5473, -2516,    -1, 23348,     0, 23347,0,0,0,1,1,1,0,0,0,0,0,0,0,1,0,0,0,0,0,0,0,0,0,0,0,0,0,0,0,0,0,0
1355,  1127882, -8181,   232,  5340, -2608,    -2, 23595,    -2, 23591,0,0,0,1,1,1,0,0,0,0,0,0,0,1,0,0,0,0,0,0,0,0,0,0,0,0,0,0,0,0,0,0
1356,  1128715, -8151,   195,  5293, -2662,    -3, 22393,    -1, 22389,0,0,0,1,1,1,0,0,0,0,0,0,0,1,0,0,0,0,0,0,0,0,0,0,0,0,0,0,0,0,0,0
1357,  1129548, -8142,   148,  5278, -2716,    -1, 19834,    -1, 19831,0,0,0,1,1,1,0,0,0,0,0,0,0,1,0,0,0,0,0,0,0,0,0,0,0,0,0,0,0,0,0,0
1358,  1130381, -8133,    92,  5256, -2785,     1, 16174,     0, 16175,0,0,0,1,1,1,0,0,0,0,0,0,0,1,0,0,0,0,0,0,0,0,0,0,0,0,0,0,0,0,0,0
1359,  1131214, -8118,    31,  5233, -2853,     0, 11412,    -1, 11411,0,0,0,1,1,1,0,0,0,0,0,0,0,1,0,0,0,0,0,0,0,0,0,0,0,0,0,0,0,0,0,0
1360,  1132047, -8084,   -26,  5212, -2897,     1,  5708,     0,  5709,0,0,0,1,1,1,0,0,0,0,0,0,0,1,0,0,0,0,0,0,0,0,0,0,0,0,0,0,0,0,0,0
1361,  1132880, -8019,   -40,  5201, -2857,     0,   598,    -2,   596,0,0,0,1,1,1,0,0,0,0,0,0,0,1,0,0,0,0,0,0,0,0,0,0,0,0,0,0,0,0,0,0
1362,  1133713, -7955,   -10,  5210, -2755,     1,  -475,    -2,  -476,0,0,0,1,1,1,0,0,0,0,0,0,0,1,0,0,0,0,0,0,0,0,0,0,0,0,0,0,0,0,0,0
1363,  1134546, -7889,     5,  5207, -2678,     1,  -164,    -3,  -166,0,0,0,1,1,1,0,0,0,0,0,0,0,1,0,0,0,0,0,0,0,0,0,0,0,0,0,0,0,0,0,0
1364,  1135379, -7784,     8,  5193, -2584,    -1,   -83,    -1,   -85,0,0,0,1,1,1,0,0,0,0,0,0,0,1,0,0,0,0,0,0,0,0,0,0,0,0,0,0,0,0,0,0
1365,  1136212, -7607,    13,  5178, -2416,     1,  -103,    -1,  -103,0,0,0,1,1,1,0,0,0,0,0,0,0,1,0,0,0,0,0,0,0,0,0,0,0,0,0,0,0,0,0,0
1366,  1137045, -7188,     8,  5151, -2029,     1,  -108,    -2,  -109,0,0,0,1,1,1,0,0,0,0,0,0,0,1,0,0,0,0,0,0,0,0,0,0,0,0,0,0,0,0,0,0
1367,  1137878, -4893,     2,  5123,   232,     2,  -106,    -1,  -105,0,0,0,1,1,1,0,0,0,0,0,0,0,1,0,0,0,0,0,0,0,0,0,0,0,0,0,0,0,0,0,0
1368,  1138711, -3066,    -4,  5099,  2028,    -2,  -105,    -1,  -107,0,0,0,1,1,1,0,0,0,0,0,0,0,1,0,0,0,0,0,0,0,0,0,0,0,0,0,0,0,0,0,0
1369,  1139544, -2691,    -5,  5059,  2362,     0,  -105,     0,  -105,0,0,0,1,1,1,0,0,0,0,0,0,0,1,0,0,0,0,0,0,0,0,0,0,0,0,0,0,0,0,0,0
1370,  1140377, -2547,    -4,  5007,  2456,     1,  -103,     0,  -102,0,0,0,1,1,1,0,0,0,0,0,0,0,1,0,0,0,0,0,0,0,0,0,0,0,0,0,0,0,0,0,0
1371,  1141210, -2335,    -3,  4937,  2599,     0,  -105,     0,  -106,0,0,0,1,1,1,0,0,0,0,0,0,0,1,0,0,0,0,0,0,0,0,0,0,0,0,0,0,0,0,0,0
1372,  1142043, -2105,    -4,  4860,  2751,     0,  -105,     0,  -106,0,0,0,1,1,1,0,0,0,0,0,0,0,1,0,0,0,0,0,0,0,0,0,0,0,0,0,0,0,0,0,0
1373,  1142876, -1876,    -3,  4780,  2901,     0,  -104,     0,  -104,0,0,0,1,1,1,0,0,0,0,0,0,0,1,0,0,0,0,0,0,0,0,0,0,0,0,0,0,0,0,0,0
1374,  1143709, -1639,    -2,  4686,  3045,     1,  -103,     0,  -103,0,0,0,1,1,1,0,0,0,0,0,0,0,1,0,0,0,0,0,0,0,0,0,0,0,0,0,0,0,0,0,0
1375,  1144542, -1401,    -3,  4550,  3146,    -1,  -103,     0,  -104,0,0,0,1,1,1,0,0,0,0,0,0,0,1,0,0,0,0,0,0,0,0,0,0,0,0,0,0,0,0,0,0
1376,  1145375, -1162,     0,  4123,  2961,     2,  -102,     0,  -101,0,0,0,1,1,1,0,0,0,0,0,0,0,1,0,0,0,0,0,0,0,0,0,0,0,0,0,0,0,0,0,0
1377,  1146208,  -924,     4,  2884,  1964,     0,  -103,     1,  -102,0,0,0,1,1,1,0,0,0,0,0,0,0,1,0,0,0,0,0,0,0,0,0,0,0,0,0,0,0,0,0,0
1378,  1147041,  -689,     5,  2020,  1336,     1,  -103,    -1,  -103,0,0,0,1,1,1,0,0,0,0,0,0,0,1,0,0,0,0,0,0,0,0,0,0,0,0,0,0,0,0,0,0
1379,  1147874,  -456,     7,  1696,  1246,     2,  -101,    -1,  -100,0,0,0,1,1,1,0,0,0,0,0,0,0,1,0,0,0,0,0,0,0,0,0,0,0,0,0,0,0,0,0,0
1380,  1148707,  -230,     7,  1525,  1302,     0,  -103,     0,  -104,0,0,0,1,1,1,0,0,0,0,0,0,0,1,0,0,0,0,0,0,0,0,0,0,0,0,0,0,0,0,0,0
1381,  1149540,    -9,     7,  1371,  1369,     0,  -102,    -2,  -103,0,0,0,1,1,1,0,0,0,0,0,0,0,1,0,0,0,0,0,0,0,0,0,0,0,0,0,0,0,0,0,0
1382,  1150373,   203,     7,  1218,  1428,     0,  -102,    -2,  -105,0,0,0,1,1,1,0,0,0,0,0,0,0,1,0,0,0,0,0,0,0,0,0,0,0,0,0,0,0,0,0,0
1383,  1151206,   401,     8,  1068,  1477,     0,  -103,    -1,  -104,0,0,0,0,0,0,0,0,0,0,0,0,0,0,0,0,0,0,0,0,0,0,0,0,0,0,0,0,0,0,0,0
1384,  1152039,   589,     8,   920,  1517,     1,  -102,    -1,  -101,0,0,0,0,0,0,0,0,0,0,0,0,0,0,0,0,0,0,0,0,0,0,0,0,0,0,0,0,0,0,0,0
1385,  1152872,   762,     6,   769,  1537,     1,  -101,     0,  -101,0,0,0,0,0,0,0,0,0,0,0,0,0,0,0,0,0,0,0,0,0,0,0,0,0,0,0,0,0,0,0,0
1386,  1153705,   926,     8,   617,  1551,     0,  -102,    -1,  -103,0,0,0,0,0,0,0,0,0,0,0,0,0,0,0,0,0,0,0,0,0,0,0,0,0,0,0,0,0,0,0,0
1387,  1154538,  1076,     9,   467,  1552,     1,  -101,     0,  -100,0,0,0,0,0,0,0,0,0,0,0,0,0,0,0,0,0,0,0,0,0,0,0,0,0,0,0,0,0,0,0,0
1388,  1155371,  1210,    11,   316,  1537,     2,  -101,     0,  -100,0,0,0,0,0,0,0,0,0,0,0,0,0,0,0,0,0,0,0,0,0,0,0,0,0,0,0,0,0,0,0,0
1389,  1156204,  1330,    10,   176,  1516,     1,   -99,    -1,   -99,0,0,0,0,0,0,0,0,0,0,0,0,0,0,0,0,0,0,0,0,0,0,0,0,0,0,0,0,0,0,0,0
1390,  1157037,  1436,    11,    34,  1481,     0,  -101,     0,  -101,0,0,0,0,0,0,0,0,0,0,0,0,0,0,0,0,0,0,0,0,0,0,0,0,0,0,0,0,0,0,0,0
1391,  1157870,  1527,    11,   -99,  1439,    -1,  -102,    -1,  -104,0,0,0,0,0,0,0,0,0,0,0,0,0,0,0,0,0,0,0,0,0,0,0,0,0,0,0,0,0,0,0,0
1392,  1158703,  1603,     9,  -226,  1387,     0,  -100,     0,  -101,0,0,0,0,0,0,0,0,0,0,0,0,0,0,0,0,0,0,0,0,0,0,0,0,0,0,0,0,0,0,0,0
1393,  1159536,  1665,    12,  -348,  1328,     1,  -100,    -2,  -101,0,0,0,0,0,0,0,0,0,0,0,0,0,0,0,0,0,0,0,0,0,0,0,0,0,0,0,0,0,0,0,0
1394,  1160369,  1712,    11,  -463,  1260,     0,  -100,    -1,  -101,0,0,0,0,0,0,0,0,0,0,0,0,0,0,0,0,0,0,0,0,0,0,0,0,0,0,0,0,0,0,0,0
1395,  1161202,  1746,    10,  -565,  1190,     0,  -100,    -2,  -102,0,0,0,0,0,0,0,0,0,0,0,0,0,0,0,0,0,0,0,0,0,0,0,0,0,0,0,0,0,0,0,0
1396,  1162035,  1767,    11,  -663,  1114,     1,  -100,     0,   -99,0,0,0,0,0,0,0,0,0,0,0,0,0,0,0,0,0,0,0,0,0,0,0,0,0,0,0,0,0,0,0,0
1397,  1162868,  1776,    10,  -751,  1035,     0,   -99,    -2,  -102,0,0,0,0,0,0,0,0,0,0,0,0,0,0,0,0,0,0,0,0,0,0,0,0,0,0,0,0,0,0,0,0
1398,  1163701,  1778,    11,  -832,   956,    -1,   -98,    -1,  -100,0,0,0,0,0,0,0,0,0,0,0,0,0,0,0,0,0,0,0,0,0,0,0,0,0,0,0,0,0,0,0,0
1399,  1164534,  1776,    10,  -903,   882,     0,   -98,    -1,   -99,0,0,0,0,0,0,0,0,0,0,0,0,0,0,0,0,0,0,0,0,0,0,0,0,0,0,0,0,0,0,0,0
1400,  1165367,  1786,    11,  -964,   833,    -1,   -99,    -1,  -101,0,0,0,0,0,0,0,0,0,0,0,0,0,0,0,0,0,0,0,0,0,0,0,0,0,0,0,0,0,0,0,0
1401,  1166200,  1825,     8, -1013,   819,    -1,   -99,    -2,  -102,0,0,0,0,0,0,0,0,0,0,0,0,0,0,0,0,0,0,0,0,0,0,0,0,0,0,0,0,0,0,0,0
1402,  1167033,  1972,     9, -1058,   922,     0,   -99,    -1,  -101,0,0,0,0,0,0,0,0,0,0,0,0,0,0,0,0,0,0,0,0,0,0,0,0,0,0,0,0,0,0,0,0
1403,  1167866,  2491,     8, -1091,  1408,    -1,   -98,    -1,   -99,0,0,0,0,0,0,0,0,0,0,0,0,0,0,0,0,0,0,0,0,0,0,0,0,0,0,0,0,0,0,0,0
1404,  1168699,  3295,     4, -1120,  2178,     0,   -99,    -2,  -101,0,0,0,0,0,0,0,0,0,0,0,0,0,0,0,0,0,0,0,0,0,0,0,0,0,0,0,0,0,0,0,0
1405,  1169532,  3563,     3, -1138,  2427,    -1,   -99,    -1,  -101,0,0,0,0,0,0,0,0,0,0,0,0,0,0,0,0,0,0,0,0,0,0,0,0,0,0,0,0,0,0,0,0
1406,  1170365,  3634,     2, -1152,  2483,    -1,   -97,    -1,   -99,0,0,0,0,0,0,0,0,0,0,0,0,0,0,0,0,0,0,0,0,0,0,0,0,0,0,0,0,0,0,0,0
1407,  1171198,  3687,     2, -1165,  2524,     1,   -97,     0,   -97,0,0,0,0,0,0,0,0,0,0,0,0,0,0,0,0,0,0,0,0,0,0,0,0,0,0,0,0,0,0,0,0
1408,  1172031,  3714,     2, -1177,  2539,     1,   -97,    -1,   -97,0,0,0,0,0,0,0,0,0,0,0,0,0,0,0,0,0,0,0,0,0,0,0,0,0,0,0,0,0,0,0,0
1409,  1172864,  3723,     5, -1193,  2534,     0,   -97,    -1,   -98,0,0,0,0,0,0,0,0,0,0,0,0,0,0,0,0,0,0,0,0,0,0,0,0,0,0,0,0,0,0,0,0
1410,  1173697,  3728,     3, -1233,  2498,    -1,   -96,    -2,   -99,0,0,0,0,0,0,0,0,0,0,0,0,0,0,0,0,0,0,0,0,0,0,0,0,0,0,0,0,0,0,0,0
1411,  1174530,  3730,     3, -1314,  2418,    -1,   -96,    -1,   -98,0,0,0,0,0,0,0,0,0,0,0,0,0,0,0,0,0,0,0,0,0,0,0,0,0,0,0,0,0,0,0,0
1412,  1175363,  3729,     4, -1482,  2251,     0,   -95,    -1,   -95,0,0,0,0,0,0,0,0,0,0,0,0,0,0,0,0,0,0,0,0,0,0,0,0,0,0,0,0,0,0,0,0
1413,  1176196,  3729,     4, -1855,  1878,     1,   -95,    -1,   -95,0,0,0,0,0,0,0,0,0,0,0,0,0,0,0,0,0,0,0,0,0,0,0,0,0,0,0,0,0,0,0,0
1414,  1177029,  3728,     7, -2148,  1586,    -1,   -95,    -1,   -97,0,0,0,0,0,0,0,0,0,0,0,0,0,0,0,0,0,0,0,0,0,0,0,0,0,0,0,0,0,0,0,0
1415,  1177862,  3731,     7, -2237,  1501,     0,   -97,     0,   -98,0,0,0,0,0,0,0,0,0,0,0,0,0,0,0,0,0,0,0,0,0,0,0,0,0,0,0,0,0,0,0,0
1416,  1178695,  3731,     6, -2275,  1462,    -1,   -96,    -2,   -99,0,0,0,0,0,0,0,0,0,0,0,0,0,0,0,0,0,0,0,0,0,0,0,0,0,0,0,0,0,0,0,0
1417,  1179528,  3728,     7, -2316,  1419,    -1,   -96,    -2,   -98,0,0,0,0,0,0,0,0,0,0,0,0,0,0,0,0,0,0,0,0,0,0,0,0,0,0,0,0,0,0,0,0
1418,  1180361,  3724,     5, -2344,  1385,    -1,   -95,    -2,   -99,0,0,0,0,0,0,0,0,0,0,0,0,0,0,0,0,0,0,0,0,0,0,0,0,0,0,0,0,0,0,0,0
1419,  1181194,  3719,     6, -2360,  1364,     0,   -95,    -1,   -97,0,0,0,0,0,0,0,0,0,0,0,0,0,0,0,0,0,0,0,0,0,0,0,0,0,0,0,0,0,0,0,0
1420,  1182027,  3713,     5, -2367,  1351,     0,   -95,     0,   -96,0,0,0,0,0,0,0,0,0,0,0,0,0,0,0,0,0,0,0,0,0,0,0,0,0,0,0,0,0,0,0,0
1421,  1182860,  3710,     7, -2367,  1349,    -1,   -95,    -1,   -98,0,0,0,0,0,0,0,0,0,0,0,0,0,0,0,0,0,0,0,0,0,0,0,0,0,0,0,0,0,0,0,0
1422,  1183693,  3703,     6, -2368,  1340,     0,   -96,    -2,   -98,0,0,0,0,0,0,0,0,0,0,0,0,0,0,0,0,0,0,0,0,0,0,0,0,0,0,0,0,0,0,0,0
1423,  1184526,  3699,     5, -2368,  1335,    -2,   -95,     0,   -96,0,0,0,0,0,0,0,0,0,0,0,0,0,0,0,0,0,0,0,0,0,0,0,0,0,0,0,0,0,0,0,0
1424,  1185359,  3693,     7, -2366,  1333,     2,   -94,    -1,   -93,0,0,0,0,0,0,0,0,0,0,0,0,0,0,0,0,0,0,0,0,0,0,0,0,0,0,0,0,0,0,0,0
1425,  1186192,  3687,     3, -2365,  1325,    -1,   -94,    -1,   -96,0,0,0,0,0,0,0,0,0,0,0,0,0,0,0,0,0,0,0,0,0,0,0,0,0,0,0,0,0,0,0,0
1426,  1187025,  3682,     1, -2362,  1321,     0,   -94,    -1,   -95,0,0,0,0,0,0,0,0,0,0,0,0,0,0,0,0,0,0,0,0,0,0,0,0,0,0,0,0,0,0,0,0
1427,  1187858,  3676,     7, -2357,  1325,    -2,   -95,    -1,   -97,0,0,0,0,0,0,0,0,0,0,0,0,0,0,0,0,0,0,0,0,0,0,0,0,0,0,0,0,0,0,0,0
1428,  1188691,  3673,     5, -2359,  1319,     0,   -93,    -1,   -94,0,0,0,0,0,0,0,0,0,0,0,0,0,0,0,0,0,0,0,0,0,0,0,0,0,0,0,0,0,0,0,0
1429,  1189524,  3667,     3, -2358,  1312,     1,   -94,    -2,   -95,0,0,0,0,0,0,0,0,0,0,0,0,0,0,0,0,0,0,0,0,0,0,0,0,0,0,0,0,0,0,0,0
1430,  1190357,  3662,     7, -2353,  1315,    -2,   -93,     0,   -95,0,0,0,0,0,0,0,0,0,0,0,0,0,0,0,0,0,0,0,0,0,0,0,0,0,0,0,0,0,0,0,0
1431,  1191190,  3657,     5, -2351,  1310,     1,   -93,     2,   -91,0,0,0,0,0,0,0,0,0,0,0,0,0,0,0,0,0,0,0,0,0,0,0,0,0,0,0,0,0,0,0,0
1432,  1192023,  3649,     5, -2349,  1304,     1,   -93,    -1,   -93,0,0,0,0,0,0,0,0,0,0,0,0,0,0,0,0,0,0,0,0,0,0,0,0,0,0,0,0,0,0,0,0
1433,  1192856,  3645,     5, -2348,  1302,    -1,   -92,     0,   -93,0,0,0,0,0,0,0,0,0,0,0,0,0,0,0,0,0,0,0,0,0,0,0,0,0,0,0,0,0,0,0,0
1434,  1193689,  3639,     5, -2344,  1299,     1,   -94,    -2,   -95,0,0,0,0,0,0,0,0,0,0,0,0,0,0,0,0,0,0,0,0,0,0,0,0,0,0,0,0,0,0,0,0
1435,  1194522,  3632,     4, -2340,  1295,     0,   -94,     0,   -94,0,0,0,0,0,0,0,0,0,0,0,0,0,0,0,0,0,0,0,0,0,0,0,0,0,0,0,0,0,0,0,0
1436,  1195355,  3625,     5, -2338,  1291,     1,   -91,     0,   -90,0,0,0,0,0,0,0,0,0,0,0,0,0,0,0,0,0,0,0,0,0,0,0,0,0,0,0,0,0,0,0,0
1437,  1196188,  3617,     5, -2334,  1287,     0,   -93,     0,   -93,0,0,0,0,0,0,0,0,0,0,0,0,0,0,0,0,0,0,0,0,0,0,0,0,0,0,0,0,0,0,0,0
1438,  1197021,  3605,     7, -2330,  1282,     0,   -92,    -1,   -94,0,0,0,0,0,0,0,0,0,0,0,0,0,0,0,0,0,0,0,0,0,0,0,0,0,0,0,0,0,0,0,0
1439,  1197854,  3587,     6, -2329,  1263,     0,   -92,     0,   -92,0,0,0,0,0,0,0,0,0,0,0,0,0,0,0,0,0,0,0,0,0,0,0,0,0,0,0,0,0,0,0,0
1440,  1198687,  3572,     3, -2325,  1249,     0,   -93,    -1,   -94,0,0,0,0,0,0,0,0,0,0,0,0,0,0,0,0,0,0,0,0,0,0,0,0,0,0,0,0,0,0,0,0
1441,  1199520,  3554,     5, -2320,  1238,    -1,   -93,     0,   -95,0,0,0,0,0,0,0,0,0,0,0,0,0,0,0,0,0,0,0,0,0,0,0,0,0,0,0,0,0,0,0,0
1442,  1200353,  3540,     2, -2319,  1222,     0,   -92,    -1,   -93,0,0,0,0,0,0,0,0,0,0,0,0,0,0,0,0,0,0,0,0,0,0,0,0,0,0,0,0,0,0,0,0
1443,  1201186,  3522,     4, -2313,  1212,     0,   -94,     1,   -93,0,0,0,0,0,0,0,0,0,0,0,0,0,0,0,0,0,0,0,0,0,0,0,0,0,0,0,0,0,0,0,0
1444,  1202019,  3498,     4, -2312,  1189,     1,   -92,     0,   -91,0,0,0,0,0,0,0,0,0,0,0,0,0,0,0,0,0,0,0,0,0,0,0,0,0,0,0,0,0,0,0,0
1445,  1202852,  3474,     4, -2308,  1169,     0,   -93,     0,   -93,0,0,0,0,0,0,0,0,0,0,0,0,0,0,0,0,0,0,0,0,0,0,0,0,0,0,0,0,0,0,0,0
1446,  1203685,  3449,     6, -2305,  1149,    -1,   -91,    -1,   -93,0,0,0,0,0,0,0,0,0,0,0,0,0,0,0,0,0,0,0,0,0,0,0,0,0,0,0,0,0,0,0,0
1447,  1204518,  3416,     3, -2304,  1114,     1,   -92,     1,   -90,0,0,0,0,0,0,0,0,0,0,0,0,0,0,0,0,0,0,0,0,0,0,0,0,0,0,0,0,0,0,0,0
1448,  1205351,  3378,     2, -2301,  1079,     1,   -90,    -1,   -90,0,0,0,0,0,0,0,0,0,0,0,0,0,0,0,0,0,0,0,0,0,0,0,0,0,0,0,0,0,0,0,0
1449,  1206184,  3332,     2, -2297,  1036,    -1,   -92,    -1,   -94,0,0,0,0,0,0,0,0,0,0,0,0,0,0,0,0,0,0,0,0,0,0,0,0,0,0,0,0,0,0,0,0
1450,  1207017,  3277,     1, -2292,   985,    -1,   -91,    -1,   -93,0,0,0,0,0,0,0,0,0,0,0,0,0,0,0,0,0,0,0,0,0,0,0,0,0,0,0,0,0,0,0,0
1451,  1207850,  3205,     1, -2289,   917,     0,   -90,    -2,   -92,0,0,0,0,0,0,0,0,0,0,0,0,0,0,0,0,0,0,0,0,0,0,0,0,0,0,0,0,0,0,0,0
1452,  1208683,  3121,     3, -2288,   836,     0,   -92,    -1,   -94,0,0,0,0,0,0,0,0,0,0,0,0,0,0,0,0,0,0,0,0,0,0,0,0,0,0,0,0,0,0,0,0
1453,  1209516,  3019,     1, -2286,   734,    -1,   -92,     0,   -93,0,0,0,0,0,0,0,0,0,0,0,0,0,0,0,0,0,0,0,0,0,0,0,0,0,0,0,0,0,0,0,0
1454,  1210349,  2873,     2, -2280,   595,     0,   -91,     0,   -92,0,0,0,0,0,0,0,0,0,0,0,0,0,0,0,0,0,0,0,0,0,0,0,0,0,0,0,0,0,0,0,0
1455,  1211182,  2645,     3, -2277,   371,     1,   -91,    -1,   -91,0,0,0,0,0,0,0,0,0,0,0,0,0,0,0,0,0,0,0,0,0,0,0,0,0,0,0,0,0,0,0,0
1456,  1212015,  2082,     4, -2273,  -188,     1,   -90,    -1,   -91,0,0,0,0,0,0,0,0,0,0,0,0,0,0,0,0,0,0,0,0,0,0,0,0,0,0,0,0,0,0,0,0
1457,  1212848,  1418,     6, -2271,  -847,     0,   -91,     0,   -90,0,0,0,0,0,0,0,0,0,0,0,0,0,0,0,0,0,0,0,0,0,0,0,0,0,0,0,0,0,0,0,0
1458,  1213681,  1078,     8, -2268, -1182,     0,   -90,    -1,   -92,0,0,0,0,0,0,0,0,0,0,0,0,0,0,0,0,0,0,0,0,0,0,0,0,0,0,0,0,0,0,0,0
1459,  1214514,   905,     8, -2264, -1351,     0,   -89,    -2,   -91,0,0,0,0,0,0,0,0,0,0,0,0,0,0,0,0,0,0,0,0,0,0,0,0,0,0,0,0,0,0,0,0
1460,  1215347,   776,     7, -2257, -1474,     0,   -90,    -1,   -91,0,0,0,0,0,0,0,0,0,0,0,0,0,0,0,0,0,0,0,0,0,0,0,0,0,0,0,0,0,0,0,0
1461,  1216180,   659,     6, -2254, -1589,    -1,   -89,     0,   -90,0,0,0,0,0,0,0,0,0,0,0,0,0,0,0,0,0,0,0,0,0,0,0,0,0,0,0,0,0,0,0,0
1462,  1217013,   552,     8, -2251, -1691,     1,   -89,    -1,   -89,0,0,0,0,0,0,0,0,0,0,0,0,0,0,0,0,0,0,0,0,0,0,0,0,0,0,0,0,0,0,0,0
1463,  1217846,   447,     7, -2245, -1792,     1,   -90,     0,   -89,0,0,0,0,0,0,0,0,0,0,0,0,0,0,0,0,0,0,0,0,0,0,0,0,0,0,0,0,0,0,0,0
1464,  1218679,   346,     6, -2241, -1890,     0,   -89,    -2,   -91,0,0,0,0,0,0,0,0,0,0,0,0,0,0,0,0,0,0,0,0,0,0,0,0,0,0,0,0,0,0,0,0
1465,  1219512,   251,     7, -2233, -1976,     0,   -90,    -1,   -90,0,0,0,0,0,0,0,0,0,0,0,0,0,0,0,0,0,0,0,0,0,0,0,0,0,0,0,0,0,0,0,0
1466,  1220345,   155,     5, -2228, -2068,    -1,   -90,     0,   -91,0,0,0,0,0,0,0,0,0,0,0,0,0,0,0,0,0,0,0,0,0,0,0,0,0,0,0,0,0,0,0,0
1467,  1221178,    63,     6, -2219, -2151,    -1,   -89,    -2,   -92,0,0,0,0,0,0,0,0,0,0,0,0,0,0,0,0,0,0,0,0,0,0,0,0,0,0,0,0,0,0,0,0
1468,  1222011,   -28,     6, -2212, -2234,     1,   -89,    -1,   -89,0,0,0,0,0,0,0,0,0,0,0,0,0,0,0,0,0,0,0,0,0,0,0,0,0,0,0,0,0,0,0,0
1469,  1222844,  -110,     5, -2204, -2309,    -1,   -90,     0,   -91,0,0,0,0,0,0,0,0,0,0,0,0,0,0,0,0,0,0,0,0,0,0,0,0,0,0,0,0,0,0,0,0
1470,  1223677,  -190,     7, -2198, -2381,     0,   -89,     0,   -89,0,0,0,0,0,0,0,0,0,0,0,0,0,0,0,0,0,0,0,0,0,0,0,0,0,0,0,0,0,0,0,0
1471,  1224510,  -266,     5, -2186, -2447,     0,   -91,     0,   -90,0,0,0,0,0,0,0,0,0,0,0,0,0,0,0,0,0,0,0,0,0,0,0,0,0,0,0,0,0,0,0,0
1472,  1225343,  -337,     5, -2177, -2509,     0,   -91,    -1,   -92,0,0,0,0,0,0,0,0,0,0,0,0,0,0,0,0,0,0,0,0,0,0,0,0,0,0,0,0,0,0,0,0
1473,  1226176,  -402,     5, -2165, -2562,    -1,   -87,    -1,   -89,0,0,0,0,0,0,0,0,0,0,0,0,0,0,0,0,0,0,0,0,0,0,0,0,0,0,0,0,0,0,0,0
1474,  1227009,  -463,     5, -2159, -2617,    -1,   -88,    -1,   -90,0,0,0,0,0,0,0,0,0,0,0,0,0,0,0,0,0,0,0,0,0,0,0,0,0,0,0,0,0,0,0,0
1475,  1227842,  -516,     5, -2146, -2657,     0,   -88,    -1,   -89,0,0,0,0,0,0,0,0,0,0,0,0,0,0,0,0,0,0,0,0,0,0,0,0,0,0,0,0,0,0,0,0
1476,  1228675,  -566,     6, -2135, -2695,     0,   -90,    -1,   -91,0,0,0,0,0,0,0,0,0,0,0,0,0,0,0,0,0,0,0,0,0,0,0,0,0,0,0,0,0,0,0,0
1477,  1229508,  -609,     7, -2122, -2725,     1,   -89,     0,   -88,0,0,0,0,0,0,0,0,0,0,0,0,0,0,0,0,0,0,0,0,0,0,0,0,0,0,0,0,0,0,0,0
1478,  1230341,  -648,     4, -2109, -2753,     0,   -87,    -1,   -88,0,0,0,0,0,0,0,0,0,0,0,0,0,0,0,0,0,0,0,0,0,0,0,0,0,0,0,0,0,0,0,0
1479,  1231174,  -681,     5, -2095, -2771,     0,   -88,     1,   -88,0,0,0,0,0,0,0,0,0,0,0,0,0,0,0,0,0,0,0,0,0,0,0,0,0,0,0,0,0,0,0,0
1480,  1232007,  -710,     3, -2082, -2789,     1,   -88,    -1,   -89,0,0,0,0,0,0,0,0,0,0,0,0,0,0,0,0,0,0,0,0,0,0,0,0,0,0,0,0,0,0,0,0
1481,  1232840,  -736,     4, -2063, -2796,     0,   -88,    -1,   -89,0,0,0,0,0,0,0,0,0,0,0,0,0,0,0,0,0,0,0,0,0,0,0,0,0,0,0,0,0,0,0,0
1482,  1233673,  -760,     6, -2047, -2801,     1,   -87,    -1,   -87,0,0,0,0,0,0,0,0,0,0,0,0,0,0,0,0,0,0,0,0,0,0,0,0,0,0,0,0,0,0,0,0
1483,  1234506,  -780,     7, -2027, -2800,     1,   -89,     1,   -88,0,0,0,0,0,0,0,0,0,0,0,0,0,0,0,0,0,0,0,0,0,0,0,0,0,0,0,0,0,0,0,0
1484,  1235339,  -802,     5, -2006, -2803,     0,   -87,     0,   -88,0,0,0,0,0,0,0,0,0,0,0,0,0,0,0,0,0,0,0,0,0,0,0,0,0,0,0,0,0,0,0,0
1485,  1236172,  -826,     4, -1980, -2803,     1,   -87,    -2,   -88,0,0,0,0,0,0,0,0,0,0,0,0,0,0,0,0,0,0,0,0,0,0,0,0,0,0,0,0,0,0,0,0
1486,  1237005,  -861,     6, -1956, -2811,     0,   -87,     0,   -88,0,0,0,0,0,0,0,0,0,0,0,0,0,0,0,0,0,0,0,0,0,0,0,0,0,0,0,0,0,0,0,0
1487,  1237838,  -912,     5, -1927, -2834,     1,   -87,     0,   -86,0,0,0,0,0,0,0,0,0,0,0,0,0,0,0,0,0,0,0,0,0,0,0,0,0,0,0,0,0,0,0,0
1488,  1238671,  -997,     6, -1897, -2889,     0,   -88,    -1,   -89,0,0,0,0,0,0,0,0,0,0,0,0,0,0,0,0,0,0,0,0,0,0,0,0,0,0,0,0,0,0,0,0
1489,  1239504, -1167,     5, -1862, -3024,    -1,   -88,    -1,   -91,0,0,0,0,0,0,0,0,0,0,0,0,0,0,0,0,0,0,0,0,0,0,0,0,0,0,0,0,0,0,0,0
1490,  1240337, -1352,     6, -1821, -3168,     0,   -86,     0,   -85,0,0,0,0,0,0,0,0,0,0,0,0,0,0,0,0,0,0,0,0,0,0,0,0,0,0,0,0,0,0,0,0
1491,  1241170, -1438,     5, -1772, -3205,     0,   -87,    -1,   -87,0,0,0,0,0,0,0,0,0,0,0,0,0,0,0,0,0,0,0,0,0,0,0,0,0,0,0,0,0,0,0,0
1492,  1242003, -1474,     6, -1719, -3187,     0,   -88,     0,   -88,0,0,0,0,0,0,0,0,0,0,0,0,0,0,0,0,0,0,0,0,0,0,0,0,0,0,0,0,0,0,0,0
1493,  1242836, -1502,     6, -1657, -3154,     0,   -87,     0,   -88,0,0,0,0,0,0,0,0,0,0,0,0,0,0,0,0,0,0,0,0,0,0,0,0,0,0,0,0,0,0,0,0
1494,  1243669, -1520,     6, -1584, -3098,     0,   -87,    -1,   -89,0,0,0,0,0,0,0,0,0,0,0,0,0,0,0,0,0,0,0,0,0,0,0,0,0,0,0,0,0,0,0,0
1495,  1244502, -1540,     5, -1492, -3028,    -1,   -86,     0,   -87,0,0,0,0,0,0,0,0,0,0,0,0,0,0,0,0,0,0,0,0,0,0,0,0,0,0,0,0,0,0,0,0
1496,  1245335, -1557,     3, -1390, -2945,     0,   -87,    -1,   -88,0,0,0,0,0,0,0,0,0,0,0,0,0,0,0,0,0,0,0,0,0,0,0,0,0,0,0,0,0,0,0,0
1497,  1246168, -1572,     4, -1263, -2831,    -2,   -86,    -1,   -89,0,0,0,0,0,0,0,0,0,0,0,0,0,0,0,0,0,0,0,0,0,0,0,0,0,0,0,0,0,0,0,0
1498,  1247001, -1583,     5, -1060, -2637,    -1,   -86,    -1,   -88,0,0,0,0,0,0,0,0,0,0,0,0,0,0,0,0,0,0,0,0,0,0,0,0,0,0,0,0,0,0,0,0
1499,  1247834, -1590,     4,  -802, -2388,     2,   -86,     0,   -85,0,0,0,0,0,0,0,0,0,0,0,0,0,0,0,0,0,0,0,0,0,0,0,0,0,0,0,0,0,0,0,0
1500,  1248667, -1592,     4,  -612, -2199,     0,   -87,    -1,   -88,0,0,0,0,0,0,0,0,0,0,0,0,0,0,0,0,0,0,0,0,0,0,0,0,0,0,0,0,0,0,0,0
1501,  1249500, -1595,     4,  -481, -2072,     1,   -87,     0,   -87,0,0,0,0,0,0,0,0,0,0,0,0,0,0,0,0,0,0,0,0,0,0,0,0,0,0,0,0,0,0,0,0
1502,  1250333, -1599,     2,  -381, -1977,     1,   -85,    -1,   -85,0,0,0,0,0,0,0,0,0,0,0,0,0,0,0,0,0,0,0,0,0,0,0,0,0,0,0,0,0,0,0,0
1503,  1251166, -1600,     4,  -294, -1889,     1,   -86,    -1,   -86,0,0,0,0,0,0,0,0,0,0,0,0,0,0,0,0,0,0,0,0,0,0,0,0,0,0,0,0,0,0,0,0
1504,  1251999, -1601,     3,  -219, -1817,     0,   -86,     0,   -87,0,0,0,0,0,0,0,0,0,0,0,0,0,0,0,0,0,0,0,0,0,0,0,0,0,0,0,0,0,0,0,0
1505,  1252832, -1604,     5,  -153, -1752,     0,   -86,     0,   -86,0,0,0,0,0,0,0,0,0,0,0,0,0,0,0,0,0,0,0,0,0,0,0,0,0,0,0,0,0,0,0,0
1506,  1253665, -1603,     5,   -91, -1689,     0,   -85,    -1,   -86,0,0,0,0,0,0,0,0,0,0,0,0,0,0,0,0,0,0,0,0,0,0,0,0,0,0,0,0,0,0,0,0
1507,  1254498, -1604,     5,   -36, -1634,    -1,   -86,    -1,   -88,0,0,0,0,0,0,0,0,0,0,0,0,0,0,0,0,0,0,0,0,0,0,0,0,0,0,0,0,0,0,0,0
1508,  1255331, -1603,     4,    19, -1580,    -1,   -86,    -1,   -88,0,0,0,0,0,0,0,0,0,0,0,0,0,0,0,0,0,0,0,0,0,0,0,0,0,0,0,0,0,0,0,0
1509,  1256164, -1601,     4,    69, -1528,     1,   -84,     0,   -83,0,0,0,0,0,0,0,0,0,0,0,0,0,0,0,0,0,0,0,0,0,0,0,0,0,0,0,0,0,0,0,0
1510,  1256997, -1602,     4,   115, -1482,     0,   -86,    -1,   -87,0,0,0,0,0,0,0,0,0,0,0,0,0,0,0,0,0,0,0,0,0,0,0,0,0,0,0,0,0,0,0,0
1511,  1257830, -1601,     5,   161, -1435,    -1,   -85,     0,   -87,0,0,0,0,0,0,0,0,0,0,0,0,0,0,0,0,0,0,0,0,0,0,0,0,0,0,0,0,0,0,0,0
1512,  1258663, -1597,     5,   204, -1388,     0,   -86,    -1,   -86,0,0,0,0,0,0,0,0,0,0,0,0,0,0,0,0,0,0,0,0,0,0,0,0,0,0,0,0,0,0,0,0
1513,  1259496, -1597,     4,   243, -1350,     0,   -85,    -1,   -86,0,0,0,0,0,0,0,0,0,0,0,0,0,0,0,0,0,0,0,0,0,0,0,0,0,0,0,0,0,0,0,0
1514,  1260329, -1593,     4,   275, -1314,    -1,   -84,     1,   -84,0,0,0,0,0,0,0,0,0,0,0,0,0,0,0,0,0,0,0,0,0,0,0,0,0,0,0,0,0,0,0,0
1515,  1261162, -1591,     6,   312, -1273,     1,   -85,     0,   -84,0,0,0,0,0,0,0,0,0,0,0,0,0,0,0,0,0,0,0,0,0,0,0,0,0,0,0,0,0,0,0,0
1516,  1261995, -1590,     4,   342, -1243,     1,   -84,    -2,   -84,0,0,0,0,0,0,0,0,0,0,0,0,0,0,0,0,0,0,0,0,0,0,0,0,0,0,0,0,0,0,0,0
1517,  1262828, -1588,     5,   373, -1210,     0,   -85,     1,   -84,0,0,0,0,0,0,0,0,0,0,0,0,0,0,0,0,0,0,0,0,0,0,0,0,0,0,0,0,0,0,0,0
1518,  1263661, -1587,     4,   397, -1186,     1,   -84,     0,   -83,0,0,0,0,0,0,0,0,0,0,0,0,0,0,0,0,0,0,0,0,0,0,0,0,0,0,0,0,0,0,0,0
1519,  1264494, -1585,     6,   424, -1155,     1,   -83,     0,   -82,0,0,0,0,0,0,0,0,0,0,0,0,0,0,0,0,0,0,0,0,0,0,0,0,0,0,0,0,0,0,0,0
1520,  1265327, -1584,     4,   447, -1132,    -2,   -83,    -1,   -86,0,0,0,0,0,0,0,0,0,0,0,0,0,0,0,0,0,0,0,0,0,0,0,0,0,0,0,0,0,0,0,0
1521,  1266160, -1584,     5,   469, -1109,     1,   -83,    -1,   -83,0,0,0,0,0,0,0,0,0,0,0,0,0,0,0,0,0,0,0,0,0,0,0,0,0,0,0,0,0,0,0,0
1522,  1266993, -1582,     6,   492, -1084,     2,   -84,     1,   -81,0,0,0,0,0,0,0,0,0,0,0,0,0,0,0,0,0,0,0,0,0,0,0,0,0,0,0,0,0,0,0,0
1523,  1267826, -1581,     5,   514, -1061,     2,   -83,     0,   -81,0,0,0,0,0,0,0,0,0,0,0,0,0,0,0,0,0,0,0,0,0,0,0,0,0,0,0,0,0,0,0,0
1524,  1268659, -1580,     5,   536, -1038,     0,   -84,    -1,   -85,0,0,0,0,0,0,0,0,0,0,0,0,0,0,0,0,0,0,0,0,0,0,0,0,0,0,0,0,0,0,0,0
1525,  1269492, -1576,     6,   561, -1008,    -2,   -84,     0,   -86,0,0,0,0,0,0,0,0,0,0,0,0,0,0,0,0,0,0,0,0,0,0,0,0,0,0,0,0,0,0,0,0
1526,  1270325, -1574,     5,   591,  -978,     0,   -84,     0,   -85,0,0,0,0,0,0,0,0,0,0,0,0,0,0,0,0,0,0,0,0,0,0,0,0,0,0,0,0,0,0,0,0
1527,  1271158, -1570,     4,   630,  -936,     0,   -83,     0,   -83,0,0,0,0,0,0,0,0,0,0,0,0,0,0,0,0,0,0,0,0,0,0,0,0,0,0,0,0,0,0,0,0
1528,  1271991, -1568,     5,   683,  -881,     1,   -83,    -2,   -83,0,0,0,0,0,0,0,0,0,0,0,0,0,0,0,0,0,0,0,0,0,0,0,0,0,0,0,0,0,0,0,0
1529,  1272824, -1566,     5,   753,  -808,    -1,   -82,     0,   -84,0,0,0,0,0,0,0,0,0,0,0,0,0,0,0,0,0,0,0,0,0,0,0,0,0,0,0,0,0,0,0,0
1530,  1273657, -1562,     3,   814,  -746,     0,   -84,    -1,   -84,0,0,0,0,0,0,0,0,0,0,0,0,0,0,0,0,0,0,0,0,0,0,0,0,0,0,0,0,0,0,0,0
1531,  1274490, -1561,     4,   852,  -706,     1,   -83,     0,   -83,0,0,0,0,0,0,0,0,0,0,0,0,0,0,0,0,0,0,0,0,0,0,0,0,0,0,0,0,0,0,0,0
1532,  1275323, -1559,     4,   876,  -679,    -1,   -82,     0,   -84,0,0,0,0,0,0,0,0,0,0,0,0,0,0,0,0,0,0,0,0,0,0,0,0,0,0,0,0,0,0,0,0
1533,  1276156, -1556,     5,   895,  -657,     1,   -82,    -1,   -82,0,0,0,0,0,0,0,0,0,0,0,0,0,0,0,0,0,0,0,0,0,0,0,0,0,0,0,0,0,0,0,0
1534,  1276989, -1554,     5,   910,  -640,     0,   -83,     0,   -82,0,0,0,0,0,0,0,0,0,0,0,0,0,0,0,0,0,0,0,0,0,0,0,0,0,0,0,0,0,0,0,0
1535,  1277822, -1552,     5,   923,  -625,     0,   -83,     1,   -81,0,0,0,0,0,0,0,0,0,0,0,0,0,0,0,0,0,0,0,0,0,0,0,0,0,0,0,0,0,0,0,0
1536,  1278655, -1548,     4,   935,  -610,     2,   -82,    -1,   -81,0,0,0,0,0,0,0,0,0,0,0,0,0,0,0,0,0,0,0,0,0,0,0,0,0,0,0,0,0,0,0,0
1537,  1279488, -1548,     6,   944,  -599,     0,   -83,    -1,   -84,0,0,0,0,0,0,0,0,0,0,0,0,0,0,0,0,0,0,0,0,0,0,0,0,0,0,0,0,0,0,0,0
1538,  1280321, -1544,     3,   956,  -585,     0,   -82,     0,   -81,0,0,0,0,0,0,0,0,0,0,0,0,0,0,0,0,0,0,0,0,0,0,0,0,0,0,0,0,0,0,0,0
1539,  1281154, -1543,     5,   963,  -575,    -1,   -83,    -1,   -85,0,0,0,0,0,0,0,0,0,0,0,0,0,0,0,0,0,0,0,0,0,0,0,0,0,0,0,0,0,0,0,0
1540,  1281987, -1540,     6,   972,  -562,     1,   -82,    -1,   -81,0,0,0,0,0,0,0,0,0,0,0,0,0,0,0,0,0,0,0,0,0,0,0,0,0,0,0,0,0,0,0,0
1541,  1282820, -1537,     4,   983,  -551,    -1,   -81,    -1,   -84,0,0,0,0,0,0,0,0,0,0,0,0,0,0,0,0,0,0,0,0,0,0,0,0,0,0,0,0,0,0,0,0
1542,  1283653, -1536,     5,   989,  -542,     0,   -82,    -1,   -83,0,0,0,0,0,0,0,0,0,0,0,0,0,0,0,0,0,0,0,0,0,0,0,0,0,0,0,0,0,0,0,0
1543,  1284486, -1533,     5,   994,  -535,     0,   -82,    -1,   -84,0,0,0,0,0,0,0,0,0,0,0,0,0,0,0,0,0,0,0,0,0,0,0,0,0,0,0,0,0,0,0,0
1544,  1285319, -1532,     4,   998,  -531,     0,   -82,     0,   -83,0,0,0,0,0,0,0,0,0,0,0,0,0,0,0,0,0,0,0,0,0,0,0,0,0,0,0,0,0,0,0,0
1545,  1286152, -1530,     5,  1002,  -523,     1,   -83,    -1,   -83,0,0,0,0,0,0,0,0,0,0,0,0,0,0,0,0,0,0,0,0,0,0,0,0,0,0,0,0,0,0,0,0
1546,  1286985, -1528,     6,  1007,  -515,     0,   -81,     0,   -82,0,0,0,0,0,0,0,0,0,0,0,0,0,0,0,0,0,0,0,0,0,0,0,0,0,0,0,0,0,0,0,0
1547,  1287818, -1524,     6,  1009,  -510,     1,   -82,    -1,   -81,0,0,0,0,0,0,0,0,0,0,0,0,0,0,0,0,0,0,0,0,0,0,0,0,0,0,0,0,0,0,0,0
1548,  1288651, -1522,     6,  1011,  -506,     1,   -81,     0,   -80,0,0,0,0,0,0,0,0,0,0,0,0,0,0,0,0,0,0,0,0,0,0,0,0,0,0,0,0,0,0,0,0
1549,  1289484, -1519,     5,  1013,  -502,     0,   -81,    -1,   -83,0,0,0,0,0,0,0,0,0,0,0,0,0,0,0,0,0,0,0,0,0,0,0,0,0,0,0,0,0,0,0,0
1550,  1290317, -1517,     4,  1014,  -500,     0,   -82,    -1,   -83,0,0,0,0,0,0,0,0,0,0,0,0,0,0,0,0,0,0,0,0,0,0,0,0,0,0,0,0,0,0,0,0
1551,  1291150, -1516,     5,  1015,  -497,    -1,   -82,     0,   -83,0,0,0,0,0,0,0,0,0,0,0,0,0,0,0,0,0,0,0,0,0,0,0,0,0,0,0,0,0,0,0,0
1552,  1291983, -1513,     6,  1017,  -491,    -1,   -80,     1,   -80,0,0,0,0,0,0,0,0,0,0,0,0,0,0,0,0,0,0,0,0,0,0,0,0,0,0,0,0,0,0,0,0
1553,  1292816, -1511,     5,  1019,  -488,     0,   -82,     0,   -83,0,0,0,0,0,0,0,0,0,0,0,0,0,0,0,0,0,0,0,0,0,0,0,0,0,0,0,0,0,0,0,0
1554,  1293649, -1509,     6,  1018,  -486,     0,   -80,     0,   -80,0,0,0,0,0,0,0,0,0,0,0,0,0,0,0,0,0,0,0,0,0,0,0,0,0,0,0,0,0,0,0,0
1555,  1294482, -1505,     5,  1019,  -482,    -1,   -81,    -1,   -82,0,0,0,0,0,0,0,0,0,0,0,0,0,0,0,0,0,0,0,0,0,0,0,0,0,0,0,0,0,0,0,0
1556,  1295315, -1504,     5,  1017,  -483,     0,   -80,    -1,   -82,0,0,0,0,0,0,0,0,0,0,0,0,0,0,0,0,0,0,0,0,0,0,0,0,0,0,0,0,0,0,0,0
1557,  1296148, -1500,     4,  1016,  -481,     1,   -80,    -1,   -80,0,0,0,0,0,0,0,0,0,0,0,0,0,0,0,0,0,0,0,0,0,0,0,0,0,0,0,0,0,0,0,0
1558,  1296981, -1497,     7,  1019,  -472,     1,   -80,     1,   -78,0,0,0,0,0,0,0,0,0,0,0,0,0,0,0,0,0,0,0,0,0,0,0,0,0,0,0,0,0,0,0,0
1559,  1297814, -1497,     7,  1018,  -473,    -1,   -81,    -1,   -83,0,0,0,0,0,0,0,0,0,0,0,0,0,0,0,0,0,0,0,0,0,0,0,0,0,0,0,0,0,0,0,0
1560,  1298647, -1495,     5,  1017,  -474,     1,   -82,    -1,   -82,0,0,0,0,0,0,0,0,0,0,0,0,0,0,0,0,0,0,0,0,0,0,0,0,0,0,0,0,0,0,0,0
1561,  1299480, -1492,     5,  1016,  -472,     0,   -81,     0,   -81,0,0,0,0,0,0,0,0,0,0,0,0,0,0,0,0,0,0,0,0,0,0,0,0,0,0,0,0,0,0,0,0
1562,  1300313, -1490,     5,  1016,  -470,     1,   -80,    -2,   -81,0,0,0,0,0,0,0,0,0,0,0,0,0,0,0,0,0,0,0,0,0,0,0,0,0,0,0,0,0,0,0,0
1563,  1301146, -1486,     6,  1014,  -467,    -1,   -80,     0,   -81,0,0,0,0,0,0,0,0,0,0,0,0,0,0,0,0,0,0,0,0,0,0,0,0,0,0,0,0,0,0,0,0
1564,  1301979, -1485,     7,  1013,  -466,    -1,   -81,    -1,   -83,0,0,0,0,0,0,0,0,0,0,0,0,0,0,0,0,0,0,0,0,0,0,0,0,0,0,0,0,0,0,0,0
1565,  1302812, -1484,     5,  1013,  -467,     0,   -81,     0,   -82,0,0,0,0,0,0,0,0,0,0,0,0,0,0,0,0,0,0,0,0,0,0,0,0,0,0,0,0,0,0,0,0
1566,  1303645, -1480,     5,  1012,  -464,    -2,   -81,    -1,   -84,0,0,0,0,0,0,0,0,0,0,0,0,0,0,0,0,0,0,0,0,0,0,0,0,0,0,0,0,0,0,0,0
1567,  1304478, -1479,     5,  1011,  -464,     2,   -79,    -1,   -78,0,0,0,0,0,0,0,0,0,0,0,0,0,0,0,0,0,0,0,0,0,0,0,0,0,0,0,0,0,0,0,0
1568,  1305311, -1475,     6,  1009,  -461,     0,   -80,     0,   -81,0,0,0,0,0,0,0,0,0,0,0,0,0,0,0,0,0,0,0,0,0,0,0,0,0,0,0,0,0,0,0,0
1569,  1306144, -1473,     6,  1009,  -459,    -2,   -80,    -1,   -83,0,0,0,0,0,0,0,0,0,0,0,0,0,0,0,0,0,0,0,0,0,0,0,0,0,0,0,0,0,0,0,0
1570,  1306977, -1470,     5,  1006,  -460,     2,   -79,     0,   -76,0,0,0,0,0,0,0,0,0,0,0,0,0,0,0,0,0,0,0,0,0,0,0,0,0,0,0,0,0,0,0,0
1571,  1307810, -1467,     5,  1005,  -458,     0,   -79,     0,   -79,0,0,0,0,0,0,0,0,0,0,0,0,0,0,0,0,0,0,0,0,0,0,0,0,0,0,0,0,0,0,0,0
1572,  1308643, -1465,     6,  1004,  -456,    -2,   -80,     1,   -81,0,0,0,0,0,0,0,0,0,0,0,0,0,0,0,0,0,0,0,0,0,0,0,0,0,0,0,0,0,0,0,0
1573,  1309476, -1463,     5,  1004,  -455,     0,   -81,     1,   -80,0,0,0,0,0,0,0,0,0,0,0,0,0,0,0,0,0,0,0,0,0,0,0,0,0,0,0,0,0,0,0,0
1574,  1310309, -1459,     4,  1003,  -453,     0,   -81,     0,   -81,0,0,0,0,0,0,0,0,0,0,0,0,0,0,0,0,0,0,0,0,0,0,0,0,0,0,0,0,0,0,0,0
1575,  1311142, -1455,     5,  1003,  -448,     0,   -80,     0,   -80,0,0,0,0,0,0,0,0,0,0,0,0,0,0,0,0,0,0,0,0,0,0,0,0,0,0,0,0,0,0,0,0
1576,  1311975, -1453,     6,  1000,  -448,    -1,   -80,    -1,   -82,0,0,0,0,0,0,0,0,0,0,0,0,0,0,0,0,0,0,0,0,0,0,0,0,0,0,0,0,0,0,0,0
1577,  1312808, -1445,     6,   999,  -441,    -1,   -81,     0,   -82,0,0,0,0,0,0,0,0,0,0,0,0,0,0,0,0,0,0,0,0,0,0,0,0,0,0,0,0,0,0,0,0
1578,  1313641, -1441,     4,   996,  -442,    -1,   -80,     0,   -81,0,0,0,0,0,0,0,0,0,0,0,0,0,0,0,0,0,0,0,0,0,0,0,0,0,0,0,0,0,0,0,0
1579,  1314474, -1434,     6,   996,  -433,     0,   -79,     0,   -78,0,0,0,0,0,0,0,0,0,0,0,0,0,0,0,0,0,0,0,0,0,0,0,0,0,0,0,0,0,0,0,0
1580,  1315307, -1430,     6,   994,  -431,     1,   -79,     1,   -76,0,0,0,0,0,0,0,0,0,0,0,0,0,0,0,0,0,0,0,0,0,0,0,0,0,0,0,0,0,0,0,0
1581,  1316140, -1424,     5,   994,  -426,    -1,   -80,     1,   -80,0,0,0,0,0,0,0,0,0,0,0,0,0,0,0,0,0,0,0,0,0,0,0,0,0,0,0,0,0,0,0,0
1582,  1316973, -1419,     6,   990,  -424,     1,   -79,    -1,   -79,0,0,0,0,0,0,0,0,0,0,0,0,0,0,0,0,0,0,0,0,0,0,0,0,0,0,0,0,0,0,0,0
1583,  1317806, -1413,     6,   990,  -418,     1,   -77,    -1,   -77,0,0,0,0,0,0,0,0,0,0,0,0,0,0,0,0,0,0,0,0,0,0,0,0,0,0,0,0,0,0,0,0
1584,  1318639, -1405,     7,   988,  -411,     2,   -79,     0,   -78,0,0,0,0,0,0,0,0,0,0,0,0,0,0,0,0,0,0,0,0,0,0,0,0,0,0,0,0,0,0,0,0
1585,  1319472, -1398,     7,   988,  -404,     0,   -79,     0,   -79,0,0,0,0,0,0,0,0,0,0,0,0,0,0,0,0,0,0,0,0,0,0,0,0,0,0,0,0,0,0,0,0
1586,  1320305, -1393,     5,   986,  -402,     1,   -79,    -1,   -79,0,0,0,0,0,0,0,0,0,0,0,0,0,0,0,0,0,0,0,0,0,0,0,0,0,0,0,0,0,0,0,0
1587,  1321138, -1385,     6,   985,  -395,     1,   -78,     0,   -77,0,0,0,0,0,0,0,0,0,0,0,0,0,0,0,0,0,0,0,0,0,0,0,0,0,0,0,0,0,0,0,0
1588,  1321971, -1375,     7,   982,  -387,     1,   -78,     0,   -76,0,0,0,0,0,0,0,0,0,0,0,0,0,0,0,0,0,0,0,0,0,0,0,0,0,0,0,0,0,0,0,0
1589,  1322804, -1366,     5,   982,  -380,     0,   -79,     0,   -79,0,0,0,0,0,0,0,0,0,0,0,0,0,0,0,0,0,0,0,0,0,0,0,0,0,0,0,0,0,0,0,0
1590,  1323637, -1360,     5,   980,  -376,     0,   -79,    -1,   -80,0,0,0,0,0,0,0,0,0,0,0,0,0,0,0,0,0,0,0,0,0,0,0,0,0,0,0,0,0,0,0,0
1591,  1324470, -1349,     7,   978,  -365,    -1,   -79,    -1,   -81,0,0,0,0,0,0,0,0,0,0,0,0,0,0,0,0,0,0,0,0,0,0,0,0,0,0,0,0,0,0,0,0
1592,  1325303, -1339,     6,   977,  -357,     0,   -79,    -1,   -80,0,0,0,0,0,0,0,0,0,0,0,0,0,0,0,0,0,0,0,0,0,0,0,0,0,0,0,0,0,0,0,0
1593,  1326136, -1329,     6,   976,  -348,     0,   -78,     1,   -78,0,0,0,0,0,0,0,0,0,0,0,0,0,0,0,0,0,0,0,0,0,0,0,0,0,0,0,0,0,0,0,0
1594,  1326969, -1317,     5,   974,  -339,     1,   -77,     1,   -75,0,0,0,0,0,0,0,0,0,0,0,0,0,0,0,0,0,0,0,0,0,0,0,0,0,0,0,0,0,0,0,0
1595,  1327802, -1305,     5,   972,  -329,     0,   -77,     0,   -77,0,0,0,0,0,0,0,0,0,0,0,0,0,0,0,0,0,0,0,0,0,0,0,0,0,0,0,0,0,0,0,0
1596,  1328635, -1293,     6,   971,  -317,     1,   -77,     0,   -75,0,0,0,0,0,0,0,0,0,0,0,0,0,0,0,0,0,0,0,0,0,0,0,0,0,0,0,0,0,0,0,0
1597,  1329468, -1279,     6,   969,  -305,     1,   -78,    -1,   -77,0,0,0,0,0,0,0,0,0,0,0,0,0,0,0,0,0,0,0,0,0,0,0,0,0,0,0,0,0,0,0,0
1598,  1330301, -1266,     4,   969,  -294,    -2,   -78,     0,   -79,0,0,0,0,0,0,0,0,0,0,0,0,0,0,0,0,0,0,0,0,0,0,0,0,0,0,0,0,0,0,0,0
1599,  1331134, -1247,     4,   967,  -276,    -1,   -79,     0,   -79,0,0,0,0,0,0,0,0,0,0,0,0,0,0,0,0,0,0,0,0,0,0,0,0,0,0,0,0,0,0,0,0
1600,  1331967, -1234,     6,   964,  -264,     1,   -78,     0,   -77,0,0,0,0,0,0,0,0,0,0,0,0,0,0,0,0,0,0,0,0,0,0,0,0,0,0,0,0,0,0,0,0
1601,  1332800, -1219,     5,   964,  -251,     0,   -76,     0,   -76,0,0,0,0,0,0,0,0,0,0,0,0,0,0,0,0,0,0,0,0,0,0,0,0,0,0,0,0,0,0,0,0
1602,  1333633, -1201,     6,   963,  -233,     1,   -77,    -1,   -77,0,0,0,0,0,0,0,0,0,0,0,0,0,0,0,0,0,0,0,0,0,0,0,0,0,0,0,0,0,0,0,0
1603,  1334466, -1180,     6,   960,  -214,     0,   -78,     0,   -78,0,0,0,0,0,0,0,0,0,0,0,0,0,0,0,0,0,0,0,0,0,0,0,0,0,0,0,0,0,0,0,0
1604,  1335299, -1162,     6,   958,  -199,     0,   -78,    -1,   -78,0,0,0,0,0,0,0,0,0,0,0,0,0,0,0,0,0,0,0,0,0,0,0,0,0,0,0,0,0,0,0,0
1605,  1336132, -1139,     4,   957,  -178,     1,   -77,     0,   -76,0,0,0,0,0,0,0,0,0,0,0,0,0,0,0,0,0,0,0,0,0,0,0,0,0,0,0,0,0,0,0,0
1606,  1336965, -1119,     6,   956,  -158,     1,   -78,     1,   -76,0,0,0,0,0,0,0,0,0,0,0,0,0,0,0,0,0,0,0,0,0,0,0,0,0,0,0,0,0,0,0,0
1607,  1337798, -1095,     6,   956,  -134,     1,   -77,    -1,   -77,0,0,0,0,0,0,0,0,0,0,0,0,0,0,0,0,0,0,0,0,0,0,0,0,0,0,0,0,0,0,0,0
1608,  1338631, -1068,     6,   953,  -110,     0,   -77,     0,   -76,0,0,0,0,0,0,0,0,0,0,0,0,0,0,0,0,0,0,0,0,0,0,0,0,0,0,0,0,0,0,0,0
1609,  1339464, -1040,     5,   952,   -83,     0,   -76,    -1,   -76,0,0,0,0,0,0,0,0,0,0,0,0,0,0,0,0,0,0,0,0,0,0,0,0,0,0,0,0,0,0,0,0
1610,  1340297, -1006,     6,   952,   -49,     0,   -76,     0,   -76,0,0,0,0,0,0,0,0,0,0,0,0,0,0,0,0,0,0,0,0,0,0,0,0,0,0,0,0,0,0,0,0
1611,  1341130,  -969,     6,   949,   -15,     0,   -77,     0,   -77,0,0,0,0,0,0,0,0,0,0,0,0,0,0,0,0,0,0,0,0,0,0,0,0,0,0,0,0,0,0,0,0
1612,  1341963,  -930,     5,   947,    22,    -1,   -76,     0,   -78,0,0,0,0,0,0,0,0,0,0,0,0,0,0,0,0,0,0,0,0,0,0,0,0,0,0,0,0,0,0,0,0
1613,  1342796,  -885,     6,   946,    66,     1,   -78,    -2,   -78,0,0,0,0,0,0,0,0,0,0,0,0,0,0,0,0,0,0,0,0,0,0,0,0,0,0,0,0,0,0,0,0
1614,  1343629,  -836,     5,   944,   113,     1,   -77,    -1,   -77,0,0,0,0,0,0,0,0,0,0,0,0,0,0,0,0,0,0,0,0,0,0,0,0,0,0,0,0,0,0,0,0
1615,  1344462,  -781,     3,   942,   164,     1,   -77,    -1,   -77,0,0,0,0,0,0,0,0,0,0,0,0,0,0,0,0,0,0,0,0,0,0,0,0,0,0,0,0,0,0,0,0
1616,  1345295,  -716,     4,   943,   230,     0,   -76,     0,   -75,0,0,0,0,0,0,0,0,0,0,0,0,0,0,0,0,0,0,0,0,0,0,0,0,0,0,0,0,0,0,0,0
1617,  1346128,  -627,     6,   939,   318,    -1,   -76,     0,   -77,0,0,0,0,0,0,0,0,0,0,0,0,0,0,0,0,0,0,0,0,0,0,0,0,0,0,0,0,0,0,0,0
1618,  1346961,  -505,     4,   939,   438,    -2,   -77,     0,   -79,0,0,0,0,0,0,0,0,0,0,0,0,0,0,0,0,0,0,0,0,0,0,0,0,0,0,0,0,0,0,0,0
1619,  1347794,  -386,     4,   938,   556,     0,   -77,     1,   -76,0,0,0,0,0,0,0,0,0,0,0,0,0,0,0,0,0,0,0,0,0,0,0,0,0,0,0,0,0,0,0,0
1620,  1348627,  -298,     3,   936,   641,     0,   -76,     0,   -76,0,0,0,0,0,0,0,0,0,0,0,0,0,0,0,0,0,0,0,0,0,0,0,0,0,0,0,0,0,0,0,0
1621,  1349460,  -230,     3,   933,   706,     1,   -77,    -1,   -77,0,0,0,0,0,0,0,0,0,0,0,0,0,0,0,0,0,0,0,0,0,0,0,0,0,0,0,0,0,0,0,0
1622,  1350293,  -172,     2,   932,   762,     0,   -76,     0,   -76,0,0,0,0,0,0,0,0,0,0,0,0,0,0,0,0,0,0,0,0,0,0,0,0,0,0,0,0,0,0,0,0
1623,  1351126,  -122,     4,   930,   812,     2,   -76,     0,   -74,0,0,0,0,0,0,0,0,0,0,0,0,0,0,0,0,0,0,0,0,0,0,0,0,0,0,0,0,0,0,0,0
1624,  1351959,   -75,     2,   928,   855,     1,   -76,     0,   -75,0,0,0,0,0,0,0,0,0,0,0,0,0,0,0,0,0,0,0,0,0,0,0,0,0,0,0,0,0,0,0,0
1625,  1352792,   -35,     2,   926,   893,     1,   -75,    -1,   -75,0,0,0,0,0,0,0,0,0,0,0,0,0,0,0,0,0,0,0,0,0,0,0,0,0,0,0,0,0,0,0,0
1626,  1353625,     3,     4,   926,   933,     0,   -77,    -1,   -78,0,0,0,0,0,0,0,0,0,0,0,0,0,0,0,0,0,0,0,0,0,0,0,0,0,0,0,0,0,0,0,0
1627,  1354458,    42,     2,   924,   967,     1,   -76,     0,   -75,0,0,0,0,0,0,0,0,0,0,0,0,0,0,0,0,0,0,0,0,0,0,0,0,0,0,0,0,0,0,0,0
1628,  1355291,    77,     5,   925,  1006,     1,   -76,    -1,   -75,0,0,0,0,0,0,0,0,0,0,0,0,0,0,0,0,0,0,0,0,0,0,0,0,0,0,0,0,0,0,0,0
1629,  1356124,   108,     3,   922,  1032,     2,   -75,    -2,   -75,0,0,0,0,0,0,0,0,0,0,0,0,0,0,0,0,0,0,0,0,0,0,0,0,0,0,0,0,0,0,0,0
1630,  1356957,   138,     3,   921,  1061,     1,   -75,     0,   -74,0,0,0,0,0,0,0,0,0,0,0,0,0,0,0,0,0,0,0,0,0,0,0,0,0,0,0,0,0,0,0,0
1631,  1357790,   168,     3,   918,  1088,     1,   -75,     0,   -74,0,0,0,0,0,0,0,0,0,0,0,0,0,0,0,0,0,0,0,0,0,0,0,0,0,0,0,0,0,0,0,0
1632,  1358623,   195,     4,   917,  1115,     1,   -74,     0,   -73,0,0,0,0,0,0,0,0,0,0,0,0,0,0,0,0,0,0,0,0,0,0,0,0,0,0,0,0,0,0,0,0
1633,  1359456,   221,     5,   914,  1139,    -1,   -77,     0,   -78,0,0,0,0,0,0,0,0,0,0,0,0,0,0,0,0,0,0,0,0,0,0,0,0,0,0,0,0,0,0,0,0
1634,  1360289,   244,     4,   915,  1162,     1,   -74,    -1,   -75,0,0,0,0,0,0,0,0,0,0,0,0,0,0,0,0,0,0,0,0,0,0,0,0,0,0,0,0,0,0,0,0
1635,  1361122,   270,     5,   912,  1186,     0,   -74,     0,   -73,0,0,0,0,0,0,0,0,0,0,0,0,0,0,0,0,0,0,0,0,0,0,0,0,0,0,0,0,0,0,0,0
1636,  1361955,   288,     6,   911,  1204,    -1,   -75,    -1,   -77,0,0,0,0,0,0,0,0,0,0,0,0,0,0,0,0,0,0,0,0,0,0,0,0,0,0,0,0,0,0,0,0
1637,  1362788,   308,     3,   908,  1218,     0,   -74,     0,   -74,0,0,0,0,0,0,0,0,0,0,0,0,0,0,0,0,0,0,0,0,0,0,0,0,0,0,0,0,0,0,0,0
1638,  1363621,   328,     4,   907,  1238,     1,   -74,    -2,   -75,0,0,0,0,0,0,0,0,0,0,0,0,0,0,0,0,0,0,0,0,0,0,0,0,0,0,0,0,0,0,0,0
1639,  1364454,   346,     5,   906,  1256,    -1,   -75,     1,   -75,0,0,0,0,0,0,0,0,0,0,0,0,0,0,0,0,0,0,0,0,0,0,0,0,0,0,0,0,0,0,0,0
1640,  1365287,   364,     4,   904,  1271,     0,   -76,     0,   -76,0,0,0,0,0,0,0,0,0,0,0,0,0,0,0,0,0,0,0,0,0,0,0,0,0,0,0,0,0,0,0,0
1641,  1366120,   383,     5,   904,  1291,     0,   -75,    -1,   -76,0,0,0,0,0,0,0,0,0,0,0,0,0,0,0,0,0,0,0,0,0,0,0,0,0,0,0,0,0,0,0,0
1642,  1366953,   402,     2,   900,  1303,     0,   -75,     0,   -75,0,0,0,0,0,0,0,0,0,0,0,0,0,0,0,0,0,0,0,0,0,0,0,0,0,0,0,0,0,0,0,0
1643,  1367786,   425,     3,   898,  1325,     0,   -76,    -1,   -76,0,0,0,0,0,0,0,0,0,0,0,0,0,0,0,0,0,0,0,0,0,0,0,0,0,0,0,0,0,0,0,0
1644,  1368619,   449,     2,   898,  1348,     1,   -74,     0,   -73,0,0,0,0,0,0,0,0,0,0,0,0,0,0,0,0,0,0,0,0,0,0,0,0,0,0,0,0,0,0,0,0
1645,  1369452,   478,     5,   897,  1379,     1,   -74,    -1,   -74,0,0,0,0,0,0,0,0,0,0,0,0,0,0,0,0,0,0,0,0,0,0,0,0,0,0,0,0,0,0,0,0
1646,  1370285,   515,     2,   895,  1411,     1,   -75,     0,   -73,0,0,0,0,0,0,0,0,0,0,0,0,0,0,0,0,0,0,0,0,0,0,0,0,0,0,0,0,0,0,0,0
1647,  1371118,   562,     4,   893,  1458,     1,   -73,    -1,   -73,0,0,0,0,0,0,0,0,0,0,0,0,0,0,0,0,0,0,0,0,0,0,0,0,0,0,0,0,0,0,0,0
1648,  1371951,   603,     4,   893,  1500,     0,   -74,     2,   -72,0,0,0,0,0,0,0,0,0,0,0,0,0,0,0,0,0,0,0,0,0,0,0,0,0,0,0,0,0,0,0,0
1649,  1372784,   633,     2,   889,  1523,     0,   -75,     0,   -75,0,0,0,0,0,0,0,0,0,0,0,0,0,0,0,0,0,0,0,0,0,0,0,0,0,0,0,0,0,0,0,0
1650,  1373617,   657,     2,   890,  1548,     0,   -75,     0,   -76,0,0,0,0,0,0,0,0,0,0,0,0,0,0,0,0,0,0,0,0,0,0,0,0,0,0,0,0,0,0,0,0
1651,  1374450,   676,     4,   887,  1566,     1,   -72,     0,   -72,0,0,0,0,0,0,0,0,0,0,0,0,0,0,0,0,0,0,0,0,0,0,0,0,0,0,0,0,0,0,0,0
1652,  1375283,   692,     4,   885,  1581,     1,   -73,    -1,   -73,0,0,0,0,0,0,0,0,0,0,0,0,0,0,0,0,0,0,0,0,0,0,0,0,0,0,0,0,0,0,0,0
1653,  1376116,   707,     4,   885,  1596,     1,   -74,     0,   -72,0,0,0,0,0,0,0,0,0,0,0,0,0,0,0,0,0,0,0,0,0,0,0,0,0,0,0,0,0,0,0,0
1654,  1376949,   722,     4,   884,  1609,     0,   -75,     2,   -74,0,0,0,0,0,0,0,0,0,0,0,0,0,0,0,0,0,0,0,0,0,0,0,0,0,0,0,0,0,0,0,0
1655,  1377782,   734,     4,   880,  1617,     0,   -73,    -1,   -74,0,0,0,0,0,0,0,0,0,0,0,0,0,0,0,0,0,0,0,0,0,0,0,0,0,0,0,0,0,0,0,0
1656,  1378615,   744,     4,   879,  1626,    -1,   -75,    -1,   -77,0,0,0,0,0,0,0,0,0,0,0,0,0,0,0,0,0,0,0,0,0,0,0,0,0,0,0,0,0,0,0,0
1657,  1379448,   755,     2,   877,  1634,     0,   -74,     0,   -75,0,0,0,0,0,0,0,0,0,0,0,0,0,0,0,0,0,0,0,0,0,0,0,0,0,0,0,0,0,0,0,0
1658,  1380281,   765,     2,   875,  1641,     0,   -75,     0,   -75,0,0,0,0,0,0,0,0,0,0,0,0,0,0,0,0,0,0,0,0,0,0,0,0,0,0,0,0,0,0,0,0
1659,  1381114,   774,     3,   874,  1650,     1,   -74,    -1,   -74,0,0,0,0,0,0,0,0,0,0,0,0,0,0,0,0,0,0,0,0,0,0,0,0,0,0,0,0,0,0,0,0
1660,  1381947,   782,     4,   873,  1658,     1,   -74,     0,   -73,0,0,0,0,0,0,0,0,0,0,0,0,0,0,0,0,0,0,0,0,0,0,0,0,0,0,0,0,0,0,0,0
1661,  1382780,   790,     3,   869,  1662,     0,   -73,     0,   -73,0,0,0,0,0,0,0,0,0,0,0,0,0,0,0,0,0,0,0,0,0,0,0,0,0,0,0,0,0,0,0,0
1662,  1383613,   799,     4,   870,  1672,     0,   -73,     0,   -73,0,0,0,0,0,0,0,0,0,0,0,0,0,0,0,0,0,0,0,0,0,0,0,0,0,0,0,0,0,0,0,0
1663,  1384446,   807,     4,   866,  1676,     0,   -74,    -1,   -74,0,0,0,0,0,0,0,0,0,0,0,0,0,0,0,0,0,0,0,0,0,0,0,0,0,0,0,0,0,0,0,0
1664,  1385279,   815,     2,   864,  1680,    -1,   -75,     0,   -75,0,0,0,0,0,0,0,0,0,0,0,0,0,0,0,0,0,0,0,0,0,0,0,0,0,0,0,0,0,0,0,0
1665,  1386112,   820,     3,   862,  1685,     0,   -74,    -1,   -76,0,0,0,0,0,0,0,0,0,0,0,0,0,0,0,0,0,0,0,0,0,0,0,0,0,0,0,0,0,0,0,0
1666,  1386945,   825,     2,   861,  1688,     0,   -72,     0,   -72,0,0,0,0,0,0,0,0,0,0,0,0,0,0,0,0,0,0,0,0,0,0,0,0,0,0,0,0,0,0,0,0
1667,  1387778,   830,     1,   858,  1689,     0,   -74,     1,   -73,0,0,0,0,0,0,0,0,0,0,0,0,0,0,0,0,0,0,0,0,0,0,0,0,0,0,0,0,0,0,0,0
1668,  1388611,   834,     2,   854,  1690,     1,   -72,    -1,   -72,0,0,0,0,0,0,0,0,0,0,0,0,0,0,0,0,0,0,0,0,0,0,0,0,0,0,0,0,0,0,0,0
1669,  1389444,   838,     2,   852,  1692,     0,   -72,    -1,   -74,0,0,0,0,0,0,0,0,0,0,0,0,0,0,0,0,0,0,0,0,0,0,0,0,0,0,0,0,0,0,0,0
1670,  1390277,   841,     3,   850,  1694,     1,   -72,     0,   -72,0,0,0,0,0,0,0,0,0,0,0,0,0,0,0,0,0,0,0,0,0,0,0,0,0,0,0,0,0,0,0,0
1671,  1391110,   846,     2,   847,  1694,    -1,   -74,     0,   -75,0,0,0,0,0,0,0,0,0,0,0,0,0,0,0,0,0,0,0,0,0,0,0,0,0,0,0,0,0,0,0,0
1672,  1391943,   848,     4,   844,  1695,    -1,   -73,     0,   -74,0,0,0,0,0,0,0,0,0,0,0,0,0,0,0,0,0,0,0,0,0,0,0,0,0,0,0,0,0,0,0,0
1673,  1392776,   850,     2,   842,  1693,     1,   -74,     0,   -72,0,0,0,0,0,0,0,0,0,0,0,0,0,0,0,0,0,0,0,0,0,0,0,0,0,0,0,0,0,0,0,0
1674,  1393609,   855,     3,   837,  1695,    -2,   -73,     0,   -74,0,0,0,0,0,0,0,0,0,0,0,0,0,0,0,0,0,0,0,0,0,0,0,0,0,0,0,0,0,0,0,0
1675,  1394442,   855,     3,   835,  1693,     0,   -72,     1,   -71,0,0,0,0,0,0,0,0,0,0,0,0,0,0,0,0,0,0,0,0,0,0,0,0,0,0,0,0,0,0,0,0
1676,  1395275,   859,     3,   831,  1693,     0,   -72,     0,   -72,0,0,0,0,0,0,0,0,0,0,0,0,0,0,0,0,0,0,0,0,0,0,0,0,0,0,0,0,0,0,0,0
1677,  1396108,   859,     4,   828,  1690,    -1,   -73,     0,   -74,0,0,0,0,0,0,0,0,0,0,0,0,0,0,0,0,0,0,0,0,0,0,0,0,0,0,0,0,0,0,0,0
1678,  1396941,   860,     1,   824,  1685,     2,   -71,     0,   -70,0,0,0,0,0,0,0,0,0,0,0,0,0,0,0,0,0,0,0,0,0,0,0,0,0,0,0,0,0,0,0,0
1679,  1397774,   863,     2,   821,  1686,     0,   -73,     1,   -72,0,0,0,0,0,0,0,0,0,0,0,0,0,0,0,0,0,0,0,0,0,0,0,0,0,0,0,0,0,0,0,0
1680,  1398607,   863,     3,   817,  1683,     0,   -74,    -1,   -75,0,0,0,0,0,0,0,0,0,0,0,0,0,0,0,0,0,0,0,0,0,0,0,0,0,0,0,0,0,0,0,0
1681,  1399440,   864,     3,   813,  1680,     1,   -73,    -1,   -73,0,0,0,0,0,0,0,0,0,0,0,0,0,0,0,0,0,0,0,0,0,0,0,0,0,0,0,0,0,0,0,0
1682,  1400273,   866,     4,   810,  1680,     0,   -71,     0,   -71,0,0,0,0,0,0,0,0,0,0,0,0,0,0,0,0,0,0,0,0,0,0,0,0,0,0,0,0,0,0,0,0
1683,  1401106,   866,     3,   806,  1675,     1,   -72,     0,   -71,0,0,0,0,0,0,0,0,0,0,0,0,0,0,0,0,0,0,0,0,0,0,0,0,0,0,0,0,0,0,0,0
1684,  1401939,   865,     4,   802,  1670,     1,   -70,     0,   -69,0,0,0,0,0,0,0,0,0,0,0,0,0,0,0,0,0,0,0,0,0,0,0,0,0,0,0,0,0,0,0,0
1685,  1402772,   866,     1,   797,  1664,     0,   -73,    -2,   -75,0,0,0,0,0,0,0,0,0,0,0,0,0,0,0,0,0,0,0,0,0,0,0,0,0,0,0,0,0,0,0,0
1686,  1403605,   865,     4,   792,  1661,     0,   -71,    -1,   -72,0,0,0,0,0,0,0,0,0,0,0,0,0,0,0,0,0,0,0,0,0,0,0,0,0,0,0,0,0,0,0,0
1687,  1404438,   866,     2,   787,  1655,     0,   -72,    -1,   -73,0,0,0,0,0,0,0,0,0,0,0,0,0,0,0,0,0,0,0,0,0,0,0,0,0,0,0,0,0,0,0,0
1688,  1405271,   864,     3,   782,  1649,     1,   -72,     0,   -70,0,0,0,0,0,0,0,0,0,0,0,0,0,0,0,0,0,0,0,0,0,0,0,0,0,0,0,0,0,0,0,0
1689,  1406104,   865,     2,   776,  1643,     2,   -71,     0,   -68,0,0,0,0,0,0,0,0,0,0,0,0,0,0,0,0,0,0,0,0,0,0,0,0,0,0,0,0,0,0,0,0
1690,  1406937,   866,     2,   771,  1639,     1,   -72,    -1,   -72,0,0,0,0,0,0,0,0,0,0,0,0,0,0,0,0,0,0,0,0,0,0,0,0,0,0,0,0,0,0,0,0
1691,  1407770,   862,     6,   766,  1634,    -1,   -71,     0,   -73,0,0,0,0,0,0,0,0,0,0,0,0,0,0,0,0,0,0,0,0,0,0,0,0,0,0,0,0,0,0,0,0
1692,  1408603,   863,     4,   760,  1626,     0,   -72,     0,   -72,0,0,0,0,0,0,0,0,0,0,0,0,0,0,0,0,0,0,0,0,0,0,0,0,0,0,0,0,0,0,0,0
1693,  1409436,   862,     3,   754,  1619,     0,   -73,    -2,   -74,0,0,0,0,0,0,0,0,0,0,0,0,0,0,0,0,0,0,0,0,0,0,0,0,0,0,0,0,0,0,0,0
1694,  1410269,   859,     2,   747,  1608,     0,   -71,    -1,   -72,0,0,0,0,0,0,0,0,0,0,0,0,0,0,0,0,0,0,0,0,0,0,0,0,0,0,0,0,0,0,0,0
1695,  1411102,   860,     2,   741,  1603,     1,   -71,    -1,   -71,0,0,0,0,0,0,0,0,0,0,0,0,0,0,0,0,0,0,0,0,0,0,0,0,0,0,0,0,0,0,0,0
1696,  1411935,   858,     1,   734,  1592,     0,   -69,     0,   -69,0,0,0,0,0,0,0,0,0,0,0,0,0,0,0,0,0,0,0,0,0,0,0,0,0,0,0,0,0,0,0,0
1697,  1412768,   857,     3,   726,  1586,     0,   -72,     0,   -72,0,0,0,0,0,0,0,0,0,0,0,0,0,0,0,0,0,0,0,0,0,0,0,0,0,0,0,0,0,0,0,0
1698,  1413601,   856,     2,   721,  1579,     0,   -70,    -2,   -72,0,0,0,0,0,0,0,0,0,0,0,0,0,0,0,0,0,0,0,0,0,0,0,0,0,0,0,0,0,0,0,0
1699,  1414434,   857,     0,   713,  1570,     1,   -71,     1,   -70,0,0,0,0,0,0,0,0,0,0,0,0,0,0,0,0,0,0,0,0,0,0,0,0,0,0,0,0,0,0,0,0
1700,  1415267,   857,     3,   704,  1564,     1,   -70,    -1,   -70,0,0,0,0,0,0,0,0,0,0,0,0,0,0,0,0,0,0,0,0,0,0,0,0,0,0,0,0,0,0,0,0
1701,  1416100,   854,     4,   698,  1556,     0,   -71,     0,   -71,0,0,0,0,0,0,0,0,0,0,0,0,0,0,0,0,0,0,0,0,0,0,0,0,0,0,0,0,0,0,0,0
1702,  1416933,   853,     4,   689,  1546,     0,   -71,     0,   -71,0,0,0,0,0,0,0,0,0,0,0,0,0,0,0,0,0,0,0,0,0,0,0,0,0,0,0,0,0,0,0,0
1703,  1417766,   852,     4,   680,  1536,    -1,   -71,     0,   -71,0,0,0,0,0,0,0,0,0,0,0,0,0,0,0,0,0,0,0,0,0,0,0,0,0,0,0,0,0,0,0,0
1704,  1418599,   852,     4,   672,  1528,     1,   -70,    -1,   -70,0,0,0,0,0,0,0,0,0,0,0,0,0,0,0,0,0,0,0,0,0,0,0,0,0,0,0,0,0,0,0,0
1705,  1419432,   851,     4,   664,  1519,     1,   -71,     0,   -71,0,0,0,0,0,0,0,0,0,0,0,0,0,0,0,0,0,0,0,0,0,0,0,0,0,0,0,0,0,0,0,0
1706,  1420265,   848,     4,   654,  1505,     0,   -70,    -1,   -72,0,0,0,0,0,0,0,0,0,0,0,0,0,0,0,0,0,0,0,0,0,0,0,0,0,0,0,0,0,0,0,0
1707,  1421098,   849,     4,   644,  1497,    -1,   -70,    -1,   -72,0,0,0,0,0,0,0,0,0,0,0,0,0,0,0,0,0,0,0,0,0,0,0,0,0,0,0,0,0,0,0,0
1708,  1421931,   846,     0,   634,  1480,     0,   -71,    -1,   -72,0,0,0,0,0,0,0,0,0,0,0,0,0,0,0,0,0,0,0,0,0,0,0,0,0,0,0,0,0,0,0,0
1709,  1422764,   844,     1,   625,  1470,     0,   -71,    -2,   -73,0,0,0,0,0,0,0,0,0,0,0,0,0,0,0,0,0,0,0,0,0,0,0,0,0,0,0,0,0,0,0,0
1710,  1423597,   845,     4,   615,  1463,     0,   -70,     1,   -70,0,0,0,0,0,0,0,0,0,0,0,0,0,0,0,0,0,0,0,0,0,0,0,0,0,0,0,0,0,0,0,0
1711,  1424430,   841,     2,   604,  1447,     0,   -71,    -1,   -73,0,0,0,0,0,0,0,0,0,0,0,0,0,0,0,0,0,0,0,0,0,0,0,0,0,0,0,0,0,0,0,0
1712,  1425263,   841,     3,   592,  1435,     2,   -70,    -1,   -69,0,0,0,0,0,0,0,0,0,0,0,0,0,0,0,0,0,0,0,0,0,0,0,0,0,0,0,0,0,0,0,0
1713,  1426096,   841,     2,   581,  1424,     1,   -70,     0,   -69,0,0,0,0,0,0,0,0,0,0,0,0,0,0,0,0,0,0,0,0,0,0,0,0,0,0,0,0,0,0,0,0
1714,  1426929,   837,     1,   569,  1407,     0,   -70,     0,   -70,0,0,0,0,0,0,0,0,0,0,0,0,0,0,0,0,0,0,0,0,0,0,0,0,0,0,0,0,0,0,0,0
1715,  1427762,   837,     1,   557,  1395,     1,   -71,     0,   -71,0,0,0,0,0,0,0,0,0,0,0,0,0,0,0,0,0,0,0,0,0,0,0,0,0,0,0,0,0,0,0,0
1716,  1428595,   836,     4,   546,  1386,     1,   -71,    -1,   -71,0,0,0,0,0,0,0,0,0,0,0,0,0,0,0,0,0,0,0,0,0,0,0,0,0,0,0,0,0,0,0,0
1717,  1429428,   834,     2,   531,  1367,     1,   -70,     0,   -69,0,0,0,0,0,0,0,0,0,0,0,0,0,0,0,0,0,0,0,0,0,0,0,0,0,0,0,0,0,0,0,0
1718,  1430261,   833,     2,   522,  1357,     0,   -71,    -2,   -73,0,0,0,0,0,0,0,0,0,0,0,0,0,0,0,0,0,0,0,0,0,0,0,0,0,0,0,0,0,0,0,0
1719,  1431094,   831,     2,   505,  1338,     0,   -70,     0,   -70,0,0,0,0,0,0,0,0,0,0,0,0,0,0,0,0,0,0,0,0,0,0,0,0,0,0,0,0,0,0,0,0
1720,  1431927,   832,     3,   492,  1327,     0,   -71,     0,   -72,0,0,0,0,0,0,0,0,0,0,0,0,0,0,0,0,0,0,0,0,0,0,0,0,0,0,0,0,0,0,0,0
1721,  1432760,   830,     4,   479,  1313,     2,   -69,     1,   -67,0,0,0,0,0,0,0,0,0,0,0,0,0,0,0,0,0,0,0,0,0,0,0,0,0,0,0,0,0,0,0,0
1722,  1433593,   829,     5,   463,  1297,     1,   -70,    -1,   -69,0,0,0,0,0,0,0,0,0,0,0,0,0,0,0,0,0,0,0,0,0,0,0,0,0,0,0,0,0,0,0,0
1723,  1434426,   826,     4,   449,  1279,     0,   -70,     0,   -70,0,0,0,0,0,0,0,0,0,0,0,0,0,0,0,0,0,0,0,0,0,0,0,0,0,0,0,0,0,0,0,0
1724,  1435259,   825,     0,   432,  1257,     0,   -69,    -1,   -70,0,0,0,0,0,0,0,0,0,0,0,0,0,0,0,0,0,0,0,0,0,0,0,0,0,0,0,0,0,0,0,0
1725,  1436092,   824,     1,   417,  1242,     0,   -69,     0,   -69,0,0,0,0,0,0,0,0,0,0,0,0,0,0,0,0,0,0,0,0,0,0,0,0,0,0,0,0,0,0,0,0
1726,  1436925,   822,     2,   399,  1223,     1,   -69,     0,   -68,0,0,0,0,0,0,0,0,0,0,0,0,0,0,0,0,0,0,0,0,0,0,0,0,0,0,0,0,0,0,0,0
1727,  1437758,   824,     4,   382,  1210,     0,   -71,    -1,   -72,0,0,0,0,0,0,0,0,0,0,0,0,0,0,0,0,0,0,0,0,0,0,0,0,0,0,0,0,0,0,0,0
1728,  1438591,   821,     2,   362,  1185,    -1,   -69,     2,   -68,0,0,0,0,0,0,0,0,0,0,0,0,0,0,0,0,0,0,0,0,0,0,0,0,0,0,0,0,0,0,0,0
1729,  1439424,   820,     4,   346,  1170,     0,   -70,    -1,   -72,0,0,0,0,0,0,0,0,0,0,0,0,0,0,0,0,0,0,0,0,0,0,0,0,0,0,0,0,0,0,0,0
1730,  1440257,   817,     1,   327,  1145,     0,   -70,     0,   -70,0,0,0,0,0,0,0,0,0,0,0,0,0,0,0,0,0,0,0,0,0,0,0,0,0,0,0,0,0,0,0,0
1731,  1441090,   815,     3,   307,  1125,    -1,   -69,     0,   -71,0,0,0,0,0,0,0,0,0,0,0,0,0,0,0,0,0,0,0,0,0,0,0,0,0,0,0,0,0,0,0,0
1732,  1441923,   814,     5,   289,  1108,     0,   -70,     0,   -70,0,0,0,0,0,0,0,0,0,0,0,0,0,0,0,0,0,0,0,0,0,0,0,0,0,0,0,0,0,0,0,0
1733,  1442756,   813,     5,   268,  1086,     1,   -70,     0,   -69,0,0,0,0,0,0,0,0,0,0,0,0,0,0,0,0,0,0,0,0,0,0,0,0,0,0,0,0,0,0,0,0
1734,  1443589,   812,     4,   252,  1067,     0,   -69,     0,   -70,0,0,0,0,0,0,0,0,0,0,0,0,0,0,0,0,0,0,0,0,0,0,0,0,0,0,0,0,0,0,0,0
1735,  1444422,   811,     1,   229,  1041,     0,   -68,    -2,   -70,0,0,0,0,0,0,0,0,0,0,0,0,0,0,0,0,0,0,0,0,0,0,0,0,0,0,0,0,0,0,0,0
1736,  1445255,   809,     2,   210,  1021,     0,   -69,     0,   -69,0,0,0,0,0,0,0,0,0,0,0,0,0,0,0,0,0,0,0,0,0,0,0,0,0,0,0,0,0,0,0,0
1737,  1446088,   807,     2,   190,   999,     1,   -68,     0,   -67,0,0,0,0,0,0,0,0,0,0,0,0,0,0,0,0,0,0,0,0,0,0,0,0,0,0,0,0,0,0,0,0
1738,  1446921,   808,     2,   168,   978,     1,   -69,     0,   -68,0,0,0,0,0,0,0,0,0,0,0,0,0,0,0,0,0,0,0,0,0,0,0,0,0,0,0,0,0,0,0,0
1739,  1447754,   806,     2,   147,   955,     0,   -70,    -1,   -71,0,0,0,0,0,0,0,0,0,0,0,0,0,0,0,0,0,0,0,0,0,0,0,0,0,0,0,0,0,0,0,0
1740,  1448587,   803,     1,   125,   929,     1,   -69,    -1,   -69,0,0,0,0,0,0,0,0,0,0,0,0,0,0,0,0,0,0,0,0,0,0,0,0,0,0,0,0,0,0,0,0
1741,  1449420,   803,     2,   103,   908,     0,   -70,    -1,   -70,0,0,0,0,0,0,0,0,0,0,0,0,0,0,0,0,0,0,0,0,0,0,0,0,0,0,0,0,0,0,0,0
1742,  1450253,   802,     3,    80,   885,    -1,   -69,    -1,   -71,0,0,0,0,0,0,0,0,0,0,0,0,0,0,0,0,0,0,0,0,0,0,0,0,0,0,0,0,0,0,0,0
1743,  1451086,   799,     3,    59,   861,     1,   -69,    -2,   -70,0,0,0,0,0,0,0,0,0,0,0,0,0,0,0,0,0,0,0,0,0,0,0,0,0,0,0,0,0,0,0,0
1744,  1451919,   799,     4,    38,   840,     0,   -69,     0,   -70,0,0,0,0,0,0,0,0,0,0,0,0,0,0,0,0,0,0,0,0,0,0,0,0,0,0,0,0,0,0,0,0
1745,  1452752,   798,     4,    18,   820,     0,   -69,     0,   -69,0,0,0,0,0,0,0,0,0,0,0,0,0,0,0,0,0,0,0,0,0,0,0,0,0,0,0,0,0,0,0,0
1746,  1453585,   796,     2,    -3,   795,     1,   -67,     0,   -66,0,0,0,0,0,0,0,0,0,0,0,0,0,0,0,0,0,0,0,0,0,0,0,0,0,0,0,0,0,0,0,0
1747,  1454418,   796,     3,   -23,   775,    -1,   -69,     0,   -71,0,0,0,0,0,0,0,0,0,0,0,0,0,0,0,0,0,0,0,0,0,0,0,0,0,0,0,0,0,0,0,0
1748,  1455251,   793,     5,   -43,   755,    -2,   -68,    -1,   -71,0,0,0,0,0,0,0,0,0,0,0,0,0,0,0,0,0,0,0,0,0,0,0,0,0,0,0,0,0,0,0,0
1749,  1456084,   793,     4,   -59,   738,     1,   -68,    -1,   -67,0,0,0,0,0,0,0,0,0,0,0,0,0,0,0,0,0,0,0,0,0,0,0,0,0,0,0,0,0,0,0,0
1750,  1456917,   792,     4,   -78,   718,     0,   -68,     0,   -69,0,0,0,0,0,0,0,0,0,0,0,0,0,0,0,0,0,0,0,0,0,0,0,0,0,0,0,0,0,0,0,0
1751,  1457750,   788,     3,   -98,   693,     0,   -69,     1,   -68,0,0,0,0,0,0,0,0,0,0,0,0,0,0,0,0,0,0,0,0,0,0,0,0,0,0,0,0,0,0,0,0
1752,  1458583,   790,     3,  -117,   676,     1,   -68,     0,   -68,0,0,0,0,0,0,0,0,0,0,0,0,0,0,0,0,0,0,0,0,0,0,0,0,0,0,0,0,0,0,0,0
1753,  1459416,   789,     3,  -135,   657,     0,   -68,    -1,   -69,0,0,0,0,0,0,0,0,0,0,0,0,0,0,0,0,0,0,0,0,0,0,0,0,0,0,0,0,0,0,0,0
1754,  1460249,   787,     1,  -150,   638,     1,   -67,    -1,   -68,0,0,0,0,0,0,0,0,0,0,0,0,0,0,0,0,0,0,0,0,0,0,0,0,0,0,0,0,0,0,0,0
1755,  1461082,   786,     1,  -167,   620,    -1,   -68,    -1,   -69,0,0,0,0,0,0,0,0,0,0,0,0,0,0,0,0,0,0,0,0,0,0,0,0,0,0,0,0,0,0,0,0
1756,  1461915,   784,     4,  -182,   606,     1,   -69,    -1,   -69,0,0,0,0,0,0,0,0,0,0,0,0,0,0,0,0,0,0,0,0,0,0,0,0,0,0,0,0,0,0,0,0
1757,  1462748,   784,     2,  -199,   587,    -1,   -68,    -1,   -70,0,0,0,0,0,0,0,0,0,0,0,0,0,0,0,0,0,0,0,0,0,0,0,0,0,0,0,0,0,0,0,0
1758,  1463581,   782,     2,  -214,   570,     0,   -69,     0,   -69,0,0,0,0,0,0,0,0,0,0,0,0,0,0,0,0,0,0,0,0,0,0,0,0,0,0,0,0,0,0,0,0
1759,  1464414,   782,     3,  -230,   555,    -1,   -68,    -1,   -70,0,0,0,0,0,0,0,0,0,0,0,0,0,0,0,0,0,0,0,0,0,0,0,0,0,0,0,0,0,0,0,0
1760,  1465247,   782,     3,  -243,   542,     1,   -66,     0,   -65,0,0,0,0,0,0,0,0,0,0,0,0,0,0,0,0,0,0,0,0,0,0,0,0,0,0,0,0,0,0,0,0
1761,  1466080,   779,     4,  -257,   526,     0,   -68,    -1,   -69,0,0,0,0,0,0,0,0,0,0,0,0,0,0,0,0,0,0,0,0,0,0,0,0,0,0,0,0,0,0,0,0
1762,  1466913,   776,     2,  -272,   506,     0,   -68,    -1,   -69,0,0,0,0,0,0,0,0,0,0,0,0,0,0,0,0,0,0,0,0,0,0,0,0,0,0,0,0,0,0,0,0
1763,  1467746,   776,     3,  -287,   491,     1,   -68,    -1,   -68,0,0,0,0,0,0,0,0,0,0,0,0,0,0,0,0,0,0,0,0,0,0,0,0,0,0,0,0,0,0,0,0
1764,  1468579,   774,     2,  -299,   477,     0,   -68,     0,   -68,0,0,0,0,0,0,0,0,0,0,0,0,0,0,0,0,0,0,0,0,0,0,0,0,0,0,0,0,0,0,0,0
1765,  1469412,   771,     2,  -313,   460,     1,   -68,     0,   -67,0,0,0,0,0,0,0,0,0,0,0,0,0,0,0,0,0,0,0,0,0,0,0,0,0,0,0,0,0,0,0,0
1766,  1470245,   771,     1,  -324,   448,     1,   -68,    -1,   -68,0,0,0,0,0,0,0,0,0,0,0,0,0,0,0,0,0,0,0,0,0,0,0,0,0,0,0,0,0,0,0,0
1767,  1471078,   772,     1,  -336,   437,     0,   -68,    -1,   -70,0,0,0,0,0,0,0,0,0,0,0,0,0,0,0,0,0,0,0,0,0,0,0,0,0,0,0,0,0,0,0,0
1768,  1471911,   768,     3,  -351,   420,     1,   -68,     1,   -66,0,0,0,0,0,0,0,0,0,0,0,0,0,0,0,0,0,0,0,0,0,0,0,0,0,0,0,0,0,0,0,0
1769,  1472744,   769,     1,  -359,   411,     1,   -67,     1,   -66,0,0,0,0,0,0,0,0,0,0,0,0,0,0,0,0,0,0,0,0,0,0,0,0,0,0,0,0,0,0,0,0
1770,  1473577,   767,     2,  -372,   397,     1,   -69,     1,   -67,0,0,0,0,0,0,0,0,0,0,0,0,0,0,0,0,0,0,0,0,0,0,0,0,0,0,0,0,0,0,0,0
1771,  1474410,   766,     3,  -382,   387,     0,   -67,     0,   -67,0,0,0,0,0,0,0,0,0,0,0,0,0,0,0,0,0,0,0,0,0,0,0,0,0,0,0,0,0,0,0,0
1772,  1475243,   764,     2,  -391,   375,    -1,   -67,    -1,   -69,0,0,0,0,0,0,0,0,0,0,0,0,0,0,0,0,0,0,0,0,0,0,0,0,0,0,0,0,0,0,0,0
1773,  1476076,   765,     4,  -402,   367,    -2,   -67,    -1,   -70,0,0,0,0,0,0,0,0,0,0,0,0,0,0,0,0,0,0,0,0,0,0,0,0,0,0,0,0,0,0,0,0
1774,  1476909,   762,     3,  -413,   352,     1,   -67,     0,   -65,0,0,0,0,0,0,0,0,0,0,0,0,0,0,0,0,0,0,0,0,0,0,0,0,0,0,0,0,0,0,0,0
1775,  1477742,   760,     1,  -422,   339,     0,   -67,     0,   -67,0,0,0,0,0,0,0,0,0,0,0,0,0,0,0,0,0,0,0,0,0,0,0,0,0,0,0,0,0,0,0,0
1776,  1478575,   762,     1,  -428,   335,     1,   -66,    -1,   -66,0,0,0,0,0,0,0,0,0,0,0,0,0,0,0,0,0,0,0,0,0,0,0,0,0,0,0,0,0,0,0,0
1777,  1479408,   759,     2,  -438,   323,     0,   -68,     0,   -67,0,0,0,0,0,0,0,0,0,0,0,0,0,0,0,0,0,0,0,0,0,0,0,0,0,0,0,0,0,0,0,0
1778,  1480241,   759,     4,  -445,   317,     0,   -67,     0,   -67,0,0,0,0,0,0,0,0,0,0,0,0,0,0,0,0,0,0,0,0,0,0,0,0,0,0,0,0,0,0,0,0
1779,  1481074,   755,     2,  -454,   303,     0,   -68,    -1,   -68,0,0,0,0,0,0,0,0,0,0,0,0,0,0,0,0,0,0,0,0,0,0,0,0,0,0,0,0,0,0,0,0
1780,  1481907,   756,     3,  -463,   296,     0,   -67,     1,   -67,0,0,0,0,0,0,0,0,0,0,0,0,0,0,0,0,0,0,0,0,0,0,0,0,0,0,0,0,0,0,0,0
1781,  1482740,   753,     0,  -470,   283,     0,   -67,    -1,   -69,0,0,0,0,0,0,0,0,0,0,0,0,0,0,0,0,0,0,0,0,0,0,0,0,0,0,0,0,0,0,0,0
1782,  1483573,   751,     4,  -477,   277,     1,   -68,    -1,   -68,0,0,0,0,0,0,0,0,0,0,0,0,0,0,0,0,0,0,0,0,0,0,0,0,0,0,0,0,0,0,0,0
1783,  1484406,   750,     1,  -485,   265,    -1,   -67,    -1,   -69,0,0,0,0,0,0,0,0,0,0,0,0,0,0,0,0,0,0,0,0,0,0,0,0,0,0,0,0,0,0,0,0
1784,  1485239,   748,     1,  -491,   258,     0,   -66,    -1,   -67,0,0,0,0,0,0,0,0,0,0,0,0,0,0,0,0,0,0,0,0,0,0,0,0,0,0,0,0,0,0,0,0
1785,  1486072,   749,     3,  -498,   253,     0,   -68,    -2,   -70,0,0,0,0,0,0,0,0,0,0,0,0,0,0,0,0,0,0,0,0,0,0,0,0,0,0,0,0,0,0,0,0
1786,  1486905,   746,     3,  -503,   246,     1,   -66,    -2,   -68,0,0,0,0,0,0,0,0,0,0,0,0,0,0,0,0,0,0,0,0,0,0,0,0,0,0,0,0,0,0,0,0
1787,  1487738,   745,     2,  -511,   235,     1,   -66,     0,   -65,0,0,0,0,0,0,0,0,0,0,0,0,0,0,0,0,0,0,0,0,0,0,0,0,0,0,0,0,0,0,0,0
1788,  1488571,   745,     2,  -514,   232,     0,   -66,    -1,   -67,0,0,0,0,0,0,0,0,0,0,0,0,0,0,0,0,0,0,0,0,0,0,0,0,0,0,0,0,0,0,0,0
1789,  1489404,   743,     1,  -520,   223,    -1,   -66,     1,   -66,0,0,0,0,0,0,0,0,0,0,0,0,0,0,0,0,0,0,0,0,0,0,0,0,0,0,0,0,0,0,0,0
1790,  1490237,   743,     2,  -526,   219,    -2,   -65,     0,   -67,0,0,0,0,0,0,0,0,0,0,0,0,0,0,0,0,0,0,0,0,0,0,0,0,0,0,0,0,0,0,0,0
1791,  1491070,   740,     1,  -530,   211,     0,   -66,     0,   -67,0,0,0,0,0,0,0,0,0,0,0,0,0,0,0,0,0,0,0,0,0,0,0,0,0,0,0,0,0,0,0,0
1792,  1491903,   739,     1,  -534,   206,    -1,   -67,     0,   -68,0,0,0,0,0,0,0,0,0,0,0,0,0,0,0,0,0,0,0,0,0,0,0,0,0,0,0,0,0,0,0,0
1793,  1492736,   738,     0,  -539,   199,     2,   -65,     0,   -64,0,0,0,0,0,0,0,0,0,0,0,0,0,0,0,0,0,0,0,0,0,0,0,0,0,0,0,0,0,0,0,0
1794,  1493569,   735,     2,  -545,   192,     1,   -67,    -1,   -66,0,0,0,0,0,0,0,0,0,0,0,0,0,0,0,0,0,0,0,0,0,0,0,0,0,0,0,0,0,0,0,0
1795,  1494402,   735,     1,  -547,   189,     0,   -66,    -1,   -68,0,0,0,0,0,0,0,0,0,0,0,0,0,0,0,0,0,0,0,0,0,0,0,0,0,0,0,0,0,0,0,0
1796,  1495235,   734,     2,  -551,   185,     1,   -66,     0,   -65,0,0,0,0,0,0,0,0,0,0,0,0,0,0,0,0,0,0,0,0,0,0,0,0,0,0,0,0,0,0,0,0
1797,  1496068,   734,     4,  -554,   184,     0,   -66,     0,   -66,0,0,0,0,0,0,0,0,0,0,0,0,0,0,0,0,0,0,0,0,0,0,0,0,0,0,0,0,0,0,0,0
1798,  1496901,   731,     1,  -559,   173,     1,   -66,    -2,   -68,0,0,0,0,0,0,0,0,0,0,0,0,0,0,0,0,0,0,0,0,0,0,0,0,0,0,0,0,0,0,0,0
1799,  1497734,   729,     2,  -563,   168,     0,   -66,     0,   -66,0,0,0,0,0,0,0,0,0,0,0,0,0,0,0,0,0,0,0,0,0,0,0,0,0,0,0,0,0,0,0,0
1800,  1498567,   729,     1,  -566,   163,     0,   -66,    -1,   -66,0,0,0,0,0,0,0,0,0,0,0,0,0,0,0,0,0,0,0,0,0,0,0,0,0,0,0,0,0,0,0,0
1801,  1499400,   728,     1,  -568,   161,     0,   -66,     0,   -66,0,0,0,0,0,0,0,0,0,0,0,0,0,0,0,0,0,0,0,0,0,0,0,0,0,0,0,0,0,0,0,0
1802,  1500233,   726,     4,  -571,   159,     1,   -66,     0,   -65,0,0,0,0,0,0,0,0,0,0,0,0,0,0,0,0,0,0,0,0,0,0,0,0,0,0,0,0,0,0,0,0
1803,  1501066,   725,    -1,  -575,   149,     0,   -66,    -1,   -67,0,0,0,0,0,0,0,0,0,0,0,0,0,0,0,0,0,0,0,0,0,0,0,0,0,0,0,0,0,0,0,0
1804,  1501899,   724,     3,  -574,   153,    -1,   -66,     0,   -66,0,0,0,0,0,0,0,0,0,0,0,0,0,0,0,0,0,0,0,0,0,0,0,0,0,0,0,0,0,0,0,0
1805,  1502732,   723,     1,  -580,   144,    -2,   -66,     0,   -68,0,0,0,0,0,0,0,0,0,0,0,0,0,0,0,0,0,0,0,0,0,0,0,0,0,0,0,0,0,0,0,0
1806,  1503565,   721,     2,  -580,   143,     1,   -65,     0,   -64,0,0,0,0,0,0,0,0,0,0,0,0,0,0,0,0,0,0,0,0,0,0,0,0,0,0,0,0,0,0,0,0
1807,  1504398,   718,     1,  -583,   136,     0,   -66,     1,   -64,0,0,0,0,0,0,0,0,0,0,0,0,0,0,0,0,0,0,0,0,0,0,0,0,0,0,0,0,0,0,0,0
1808,  1505231,   718,     1,  -585,   134,    -1,   -66,    -1,   -68,0,0,0,0,0,0,0,0,0,0,0,0,0,0,0,0,0,0,0,0,0,0,0,0,0,0,0,0,0,0,0,0
1809,  1506064,   717,     2,  -587,   132,     0,   -67,     1,   -65,0,0,0,0,0,0,0,0,0,0,0,0,0,0,0,0,0,0,0,0,0,0,0,0,0,0,0,0,0,0,0,0
1810,  1506897,   715,     0,  -588,   127,     0,   -65,    -2,   -67,0,0,0,0,0,0,0,0,0,0,0,0,0,0,0,0,0,0,0,0,0,0,0,0,0,0,0,0,0,0,0,0
1811,  1507730,   714,     3,  -589,   128,     0,   -67,     0,   -67,0,0,0,0,0,0,0,0,0,0,0,0,0,0,0,0,0,0,0,0,0,0,0,0,0,0,0,0,0,0,0,0
1812,  1508563,   712,     2,  -591,   123,    -1,   -66,     0,   -66,0,0,0,0,0,0,0,0,0,0,0,0,0,0,0,0,0,0,0,0,0,0,0,0,0,0,0,0,0,0,0,0
1813,  1509396,   708,     1,  -592,   117,    -1,   -66,    -1,   -68,0,0,0,0,0,0,0,0,0,0,0,0,0,0,0,0,0,0,0,0,0,0,0,0,0,0,0,0,0,0,0,0
1814,  1510229,   707,     2,  -594,   115,     0,   -66,    -1,   -68,0,0,0,0,0,0,0,0,0,0,0,0,0,0,0,0,0,0,0,0,0,0,0,0,0,0,0,0,0,0,0,0
1815,  1511062,   706,     1,  -593,   114,     0,   -66,     0,   -67,0,0,0,0,0,0,0,0,0,0,0,0,0,0,0,0,0,0,0,0,0,0,0,0,0,0,0,0,0,0,0,0
1816,  1511895,   704,     1,  -595,   110,     1,   -63,    -1,   -63,0,0,0,0,0,0,0,0,0,0,0,0,0,0,0,0,0,0,0,0,0,0,0,0,0,0,0,0,0,0,0,0
1817,  1512728,   702,     1,  -595,   108,    -1,   -64,     0,   -66,0,0,0,0,0,0,0,0,0,0,0,0,0,0,0,0,0,0,0,0,0,0,0,0,0,0,0,0,0,0,0,0
1818,  1513561,   701,     1,  -598,   104,    -1,   -67,    -1,   -69,0,0,0,0,0,0,0,0,0,0,0,0,0,0,0,0,0,0,0,0,0,0,0,0,0,0,0,0,0,0,0,0
1819,  1514394,   699,     2,  -598,   103,    -1,   -64,     0,   -65,0,0,0,0,0,0,0,0,0,0,0,0,0,0,0,0,0,0,0,0,0,0,0,0,0,0,0,0,0,0,0,0
1820,  1515227,   697,     2,  -600,    99,     0,   -66,     0,   -66,0,0,0,0,0,0,0,0,0,0,0,0,0,0,0,0,0,0,0,0,0,0,0,0,0,0,0,0,0,0,0,0
1821,  1516060,   692,     3,  -600,    95,     1,   -64,    -1,   -64,0,0,0,0,0,0,0,0,0,0,0,0,0,0,0,0,0,0,0,0,0,0,0,0,0,0,0,0,0,0,0,0
1822,  1516893,   691,     2,  -599,    94,     0,   -65,    -1,   -65,0,0,0,0,0,0,0,0,0,0,0,0,0,0,0,0,0,0,0,0,0,0,0,0,0,0,0,0,0,0,0,0
1823,  1517726,   689,     3,  -600,    91,    -1,   -65,    -1,   -67,0,0,0,0,0,0,0,0,0,0,0,0,0,0,0,0,0,0,0,0,0,0,0,0,0,0,0,0,0,0,0,0
1824,  1518559,   687,     2,  -602,    87,     1,   -65,    -1,   -64,0,0,0,0,0,0,0,0,0,0,0,0,0,0,0,0,0,0,0,0,0,0,0,0,0,0,0,0,0,0,0,0
1825,  1519392,   684,     2,  -600,    86,     0,   -64,     0,   -64,0,0,0,0,0,0,0,0,0,0,0,0,0,0,0,0,0,0,0,0,0,0,0,0,0,0,0,0,0,0,0,0
1826,  1520225,   678,     2,  -600,    80,    -1,   -64,     0,   -64,0,0,0,0,0,0,0,0,0,0,0,0,0,0,0,0,0,0,0,0,0,0,0,0,0,0,0,0,0,0,0,0
1827,  1521058,   676,     1,  -602,    75,     0,   -67,    -1,   -67,0,0,0,0,0,0,0,0,0,0,0,0,0,0,0,0,0,0,0,0,0,0,0,0,0,0,0,0,0,0,0,0
1828,  1521891,   673,     2,  -602,    73,    -1,   -66,     0,   -67,0,0,0,0,0,0,0,0,0,0,0,0,0,0,0,0,0,0,0,0,0,0,0,0,0,0,0,0,0,0,0,0
1829,  1522724,   668,     2,  -600,    70,     2,   -64,     0,   -62,0,0,0,0,0,0,0,0,0,0,0,0,0,0,0,0,0,0,0,0,0,0,0,0,0,0,0,0,0,0,0,0
1830,  1523557,   665,     2,  -600,    67,    -2,   -66,    -1,   -68,0,0,0,0,0,0,0,0,0,0,0,0,0,0,0,0,0,0,0,0,0,0,0,0,0,0,0,0,0,0,0,0
1831,  1524390,   661,     0,  -599,    62,     1,   -66,    -1,   -66,0,0,0,0,0,0,0,0,0,0,0,0,0,0,0,0,0,0,0,0,0,0,0,0,0,0,0,0,0,0,0,0
1832,  1525223,   657,     1,  -601,    57,     1,   -65,    -1,   -65,0,0,0,0,0,0,0,0,0,0,0,0,0,0,0,0,0,0,0,0,0,0,0,0,0,0,0,0,0,0,0,0
1833,  1526056,   654,     3,  -599,    57,     0,   -64,    -1,   -65,0,0,0,0,0,0,0,0,0,0,0,0,0,0,0,0,0,0,0,0,0,0,0,0,0,0,0,0,0,0,0,0
1834,  1526889,   651,     0,  -600,    51,     1,   -64,     1,   -61,0,0,0,0,0,0,0,0,0,0,0,0,0,0,0,0,0,0,0,0,0,0,0,0,0,0,0,0,0,0,0,0
1835,  1527722,   645,     2,  -598,    49,    -2,   -64,     1,   -65,0,0,0,0,0,0,0,0,0,0,0,0,0,0,0,0,0,0,0,0,0,0,0,0,0,0,0,0,0,0,0,0
1836,  1528555,   639,     2,  -598,    43,    -2,   -65,     0,   -66,0,0,0,0,0,0,0,0,0,0,0,0,0,0,0,0,0,0,0,0,0,0,0,0,0,0,0,0,0,0,0,0
1837,  1529388,   634,     2,  -595,    40,    -1,   -64,    -1,   -66,0,0,0,0,0,0,0,0,0,0,0,0,0,0,0,0,0,0,0,0,0,0,0,0,0,0,0,0,0,0,0,0
1838,  1530221,   628,     0,  -597,    31,     0,   -64,    -1,   -66,0,0,0,0,0,0,0,0,0,0,0,0,0,0,0,0,0,0,0,0,0,0,0,0,0,0,0,0,0,0,0,0
1839,  1531054,   624,     2,  -594,    31,     0,   -63,     1,   -62,0,0,0,0,0,0,0,0,0,0,0,0,0,0,0,0,0,0,0,0,0,0,0,0,0,0,0,0,0,0,0,0
1840,  1531887,   620,     1,  -596,    25,    -1,   -62,     0,   -63,0,0,0,0,0,0,0,0,0,0,0,0,0,0,0,0,0,0,0,0,0,0,0,0,0,0,0,0,0,0,0,0
1841,  1532720,   615,     1,  -594,    22,    -1,   -65,     0,   -66,0,0,0,0,0,0,0,0,0,0,0,0,0,0,0,0,0,0,0,0,0,0,0,0,0,0,0,0,0,0,0,0
1842,  1533553,   607,     2,  -594,    15,     0,   -64,     0,   -64,0,0,0,0,0,0,0,0,0,0,0,0,0,0,0,0,0,0,0,0,0,0,0,0,0,0,0,0,0,0,0,0
1843,  1534386,   603,     2,  -593,    12,    -1,   -64,     0,   -66,0,0,0,0,0,0,0,0,0,0,0,0,0,0,0,0,0,0,0,0,0,0,0,0,0,0,0,0,0,0,0,0
1844,  1535219,   597,     1,  -593,     5,     1,   -65,     0,   -64,0,0,0,0,0,0,0,0,0,0,0,0,0,0,0,0,0,0,0,0,0,0,0,0,0,0,0,0,0,0,0,0
1845,  1536052,   591,     3,  -592,     2,     0,   -64,    -1,   -65,0,0,0,0,0,0,0,0,0,0,0,0,0,0,0,0,0,0,0,0,0,0,0,0,0,0,0,0,0,0,0,0
1846,  1536885,   584,     2,  -592,    -6,    -1,   -64,     1,   -64,0,0,0,0,0,0,0,0,0,0,0,0,0,0,0,0,0,0,0,0,0,0,0,0,0,0,0,0,0,0,0,0
1847,  1537718,   578,     1,  -590,   -11,    -1,   -64,    -1,   -67,0,0,0,0,0,0,0,0,0,0,0,0,0,0,0,0,0,0,0,0,0,0,0,0,0,0,0,0,0,0,0,0
1848,  1538551,   571,     2,  -589,   -16,     1,   -65,     0,   -64,0,0,0,0,0,0,0,0,0,0,0,0,0,0,0,0,0,0,0,0,0,0,0,0,0,0,0,0,0,0,0,0
1849,  1539384,   564,     1,  -591,   -26,     1,   -63,    -1,   -63,0,0,0,0,0,0,0,0,0,0,0,0,0,0,0,0,0,0,0,0,0,0,0,0,0,0,0,0,0,0,0,0
1850,  1540217,   558,     3,  -586,   -26,     0,   -64,     0,   -64,0,0,0,0,0,0,0,0,0,0,0,0,0,0,0,0,0,0,0,0,0,0,0,0,0,0,0,0,0,0,0,0
1851,  1541050,   548,     1,  -587,   -38,     0,   -65,    -1,   -67,0,0,0,0,0,0,0,0,0,0,0,0,0,0,0,0,0,0,0,0,0,0,0,0,0,0,0,0,0,0,0,0
1852,  1541883,   541,     1,  -588,   -46,     1,   -64,    -1,   -64,0,0,0,0,0,0,0,0,0,0,0,0,0,0,0,0,0,0,0,0,0,0,0,0,0,0,0,0,0,0,0,0
1853,  1542716,   533,     2,  -585,   -50,    -1,   -63,     1,   -63,0,0,0,0,0,0,0,0,0,0,0,0,0,0,0,0,0,0,0,0,0,0,0,0,0,0,0,0,0,0,0,0
1854,  1543549,   526,     3,  -584,   -55,     1,   -64,     0,   -63,0,0,0,0,0,0,0,0,0,0,0,0,0,0,0,0,0,0,0,0,0,0,0,0,0,0,0,0,0,0,0,0
1855,  1544382,   519,     2,  -584,   -63,     0,   -62,    -1,   -63,0,0,0,0,0,0,0,0,0,0,0,0,0,0,0,0,0,0,0,0,0,0,0,0,0,0,0,0,0,0,0,0
1856,  1545215,   508,     1,  -583,   -74,    -1,   -63,     0,   -64,0,0,0,0,0,0,0,0,0,0,0,0,0,0,0,0,0,0,0,0,0,0,0,0,0,0,0,0,0,0,0,0
1857,  1546048,   500,     0,  -583,   -83,     0,   -64,     0,   -64,0,0,0,0,0,0,0,0,0,0,0,0,0,0,0,0,0,0,0,0,0,0,0,0,0,0,0,0,0,0,0,0
1858,  1546881,   491,     0,  -582,   -91,     0,   -64,     0,   -65,0,0,0,0,0,0,0,0,0,0,0,0,0,0,0,0,0,0,0,0,0,0,0,0,0,0,0,0,0,0,0,0
1859,  1547714,   482,     1,  -580,   -98,     0,   -64,    -1,   -65,0,0,0,0,0,0,0,0,0,0,0,0,0,0,0,0,0,0,0,0,0,0,0,0,0,0,0,0,0,0,0,0
1860,  1548547,   473,     1,  -579,  -106,    -1,   -64,    -1,   -66,0,0,0,0,0,0,0,0,0,0,0,0,0,0,0,0,0,0,0,0,0,0,0,0,0,0,0,0,0,0,0,0
1861,  1549380,   463,     2,  -578,  -114,    -1,   -64,    -1,   -66,0,0,0,0,0,0,0,0,0,0,0,0,0,0,0,0,0,0,0,0,0,0,0,0,0,0,0,0,0,0,0,0
1862,  1550213,   455,     3,  -578,  -121,     1,   -63,     0,   -61,0,0,0,0,0,0,0,0,0,0,0,0,0,0,0,0,0,0,0,0,0,0,0,0,0,0,0,0,0,0,0,0
1863,  1551046,   443,     1,  -576,  -133,    -1,   -64,     0,   -65,0,0,0,0,0,0,0,0,0,0,0,0,0,0,0,0,0,0,0,0,0,0,0,0,0,0,0,0,0,0,0,0
1864,  1551879,   434,     1,  -576,  -141,     0,   -62,    -1,   -64,0,0,0,0,0,0,0,0,0,0,0,0,0,0,0,0,0,0,0,0,0,0,0,0,0,0,0,0,0,0,0,0
1865,  1552712,   424,     3,  -573,  -146,     1,   -63,     0,   -62,0,0,0,0,0,0,0,0,0,0,0,0,0,0,0,0,0,0,0,0,0,0,0,0,0,0,0,0,0,0,0,0
1866,  1553545,   413,     2,  -573,  -158,    -1,   -64,     0,   -65,0,0,0,0,0,0,0,0,0,0,0,0,0,0,0,0,0,0,0,0,0,0,0,0,0,0,0,0,0,0,0,0
1867,  1554378,   404,     2,  -573,  -168,    -2,   -62,    -1,   -65,0,0,0,0,0,0,0,0,0,0,0,0,0,0,0,0,0,0,0,0,0,0,0,0,0,0,0,0,0,0,0,0
1868,  1555211,   393,     3,  -572,  -176,     0,   -62,     0,   -63,0,0,0,0,0,0,0,0,0,0,0,0,0,0,0,0,0,0,0,0,0,0,0,0,0,0,0,0,0,0,0,0
1869,  1556044,   384,     1,  -570,  -186,     1,   -61,    -1,   -61,0,0,0,0,0,0,0,0,0,0,0,0,0,0,0,0,0,0,0,0,0,0,0,0,0,0,0,0,0,0,0,0
1870,  1556877,   371,     1,  -571,  -199,    -1,   -64,     0,   -65,0,0,0,0,0,0,0,0,0,0,0,0,0,0,0,0,0,0,0,0,0,0,0,0,0,0,0,0,0,0,0,0
1871,  1557710,   359,     2,  -570,  -209,    -2,   -62,     0,   -64,0,0,0,0,0,0,0,0,0,0,0,0,0,0,0,0,0,0,0,0,0,0,0,0,0,0,0,0,0,0,0,0
1872,  1558543,   346,     3,  -566,  -218,    -1,   -64,     0,   -65,0,0,0,0,0,0,0,0,0,0,0,0,0,0,0,0,0,0,0,0,0,0,0,0,0,0,0,0,0,0,0,0
1873,  1559376,   337,     2,  -567,  -229,     0,   -63,     0,   -62,0,0,0,0,0,0,0,0,0,0,0,0,0,0,0,0,0,0,0,0,0,0,0,0,0,0,0,0,0,0,0,0
1874,  1560209,   324,     2,  -568,  -242,     0,   -62,    -1,   -64,0,0,0,0,0,0,0,0,0,0,0,0,0,0,0,0,0,0,0,0,0,0,0,0,0,0,0,0,0,0,0,0
1875,  1561042,   312,     2,  -565,  -252,     0,   -63,    -1,   -64,0,0,0,0,0,0,0,0,0,0,0,0,0,0,0,0,0,0,0,0,0,0,0,0,0,0,0,0,0,0,0,0
1876,  1561875,   301,     4,  -562,  -258,     1,   -63,    -1,   -63,0,0,0,0,0,0,0,0,0,0,0,0,0,0,0,0,0,0,0,0,0,0,0,0,0,0,0,0,0,0,0,0
1877,  1562708,   288,     1,  -564,  -275,     1,   -62,     0,   -61,0,0,0,0,0,0,0,0,0,0,0,0,0,0,0,0,0,0,0,0,0,0,0,0,0,0,0,0,0,0,0,0
1878,  1563541,   275,     4,  -561,  -283,     0,   -62,    -1,   -63,0,0,0,0,0,0,0,0,0,0,0,0,0,0,0,0,0,0,0,0,0,0,0,0,0,0,0,0,0,0,0,0
1879,  1564374,   266,     3,  -560,  -292,    -1,   -63,    -1,   -65,0,0,0,0,0,0,0,0,0,0,0,0,0,0,0,0,0,0,0,0,0,0,0,0,0,0,0,0,0,0,0,0
1880,  1565207,   251,     1,  -560,  -308,     1,   -63,     0,   -61,0,0,0,0,0,0,0,0,0,0,0,0,0,0,0,0,0,0,0,0,0,0,0,0,0,0,0,0,0,0,0,0
1881,  1566040,   239,     1,  -557,  -318,    -2,   -61,     1,   -62,0,0,0,0,0,0,0,0,0,0,0,0,0,0,0,0,0,0,0,0,0,0,0,0,0,0,0,0,0,0,0,0
1882,  1566873,   226,     1,  -559,  -332,    -2,   -62,    -1,   -64,0,0,0,0,0,0,0,0,0,0,0,0,0,0,0,0,0,0,0,0,0,0,0,0,0,0,0,0,0,0,0,0
1883,  1567706,   212,     1,  -557,  -345,    -1,   -62,     0,   -64,0,0,0,0,0,0,0,0,0,0,0,0,0,0,0,0,0,0,0,0,0,0,0,0,0,0,0,0,0,0,0,0
1884,  1568539,   199,     0,  -556,  -357,    -1,   -62,     0,   -62,0,0,0,0,0,0,0,0,0,0,0,0,0,0,0,0,0,0,0,0,0,0,0,0,0,0,0,0,0,0,0,0
1885,  1569372,   184,     1,  -555,  -370,     1,   -62,    -1,   -62,0,0,0,0,0,0,0,0,0,0,0,0,0,0,0,0,0,0,0,0,0,0,0,0,0,0,0,0,0,0,0,0
1886,  1570205,   171,     1,  -555,  -383,     1,   -62,     0,   -61,0,0,0,0,0,0,0,0,0,0,0,0,0,0,0,0,0,0,0,0,0,0,0,0,0,0,0,0,0,0,0,0
1887,  1571038,   156,     2,  -554,  -397,     2,   -61,    -1,   -61,0,0,0,0,0,0,0,0,0,0,0,0,0,0,0,0,0,0,0,0,0,0,0,0,0,0,0,0,0,0,0,0
1888,  1571871,   143,     1,  -553,  -409,     0,   -61,     1,   -60,0,0,0,0,0,0,0,0,0,0,0,0,0,0,0,0,0,0,0,0,0,0,0,0,0,0,0,0,0,0,0,0
1889,  1572704,   126,     0,  -552,  -427,     0,   -63,     1,   -62,0,0,0,0,0,0,0,0,0,0,0,0,0,0,0,0,0,0,0,0,0,0,0,0,0,0,0,0,0,0,0,0
1890,  1573537,   113,     1,  -551,  -437,    -1,   -60,    -1,   -62,0,0,0,0,0,0,0,0,0,0,0,0,0,0,0,0,0,0,0,0,0,0,0,0,0,0,0,0,0,0,0,0
1891,  1574370,    99,     2,  -550,  -450,    -1,   -61,     0,   -62,0,0,0,0,0,0,0,0,0,0,0,0,0,0,0,0,0,0,0,0,0,0,0,0,0,0,0,0,0,0,0,0
1892,  1575203,    84,     1,  -550,  -465,     0,   -62,    -1,   -63,0,0,0,0,0,0,0,0,0,0,0,0,0,0,0,0,0,0,0,0,0,0,0,0,0,0,0,0,0,0,0,0
1893,  1576036,    69,     4,  -547,  -475,    -1,   -62,     0,   -64,0,0,0,0,0,0,0,0,0,0,0,0,0,0,0,0,0,0,0,0,0,0,0,0,0,0,0,0,0,0,0,0
1894,  1576869,    55,     3,  -548,  -490,     0,   -62,    -1,   -63,0,0,0,0,0,0,0,0,0,0,0,0,0,0,0,0,0,0,0,0,0,0,0,0,0,0,0,0,0,0,0,0
1895,  1577702,    41,     3,  -545,  -502,     2,   -62,    -2,   -62,0,0,0,0,0,0,0,0,0,0,0,0,0,0,0,0,0,0,0,0,0,0,0,0,0,0,0,0,0,0,0,0
1896,  1578535,    26,     1,  -546,  -518,     0,   -61,     0,   -61,0,0,0,0,0,0,0,0,0,0,0,0,0,0,0,0,0,0,0,0,0,0,0,0,0,0,0,0,0,0,0,0
1897,  1579368,    12,     5,  -545,  -528,     0,   -61,     1,   -60,0,0,0,0,0,0,0,0,0,0,0,0,0,0,0,0,0,0,0,0,0,0,0,0,0,0,0,0,0,0,0,0
1898,  1580201,    -3,     4,  -543,  -542,     1,   -61,     1,   -59,0,0,0,0,0,0,0,0,0,0,0,0,0,0,0,0,0,0,0,0,0,0,0,0,0,0,0,0,0,0,0,0
1899,  1581034,   -18,     3,  -542,  -557,    -2,   -62,    -1,   -64,0,0,0,0,0,0,0,0,0,0,0,0,0,0,0,0,0,0,0,0,0,0,0,0,0,0,0,0,0,0,0,0
1900,  1581867,   -31,     2,  -542,  -571,     0,   -61,    -1,   -62,0,0,0,0,0,0,0,0,0,0,0,0,0,0,0,0,0,0,0,0,0,0,0,0,0,0,0,0,0,0,0,0
1901,  1582700,   -46,     3,  -540,  -583,     0,   -62,     0,   -62,0,0,0,0,0,0,0,0,0,0,0,0,0,0,0,0,0,0,0,0,0,0,0,0,0,0,0,0,0,0,0,0
1902,  1583533,   -57,     1,  -541,  -596,     0,   -61,     0,   -61,0,0,0,0,0,0,0,0,0,0,0,0,0,0,0,0,0,0,0,0,0,0,0,0,0,0,0,0,0,0,0,0
1903,  1584366,   -71,     2,  -539,  -608,    -1,   -62,    -1,   -64,0,0,0,0,0,0,0,0,0,0,0,0,0,0,0,0,0,0,0,0,0,0,0,0,0,0,0,0,0,0,0,0
1904,  1585199,   -83,     2,  -538,  -619,     0,   -62,    -1,   -63,0,0,0,0,0,0,0,0,0,0,0,0,0,0,0,0,0,0,0,0,0,0,0,0,0,0,0,0,0,0,0,0
1905,  1586032,   -98,     4,  -536,  -630,     0,   -60,    -1,   -60,0,0,0,0,0,0,0,0,0,0,0,0,0,0,0,0,0,0,0,0,0,0,0,0,0,0,0,0,0,0,0,0
1906,  1586865,  -112,     2,  -536,  -646,     0,   -62,    -2,   -63,0,0,0,0,0,0,0,0,0,0,0,0,0,0,0,0,0,0,0,0,0,0,0,0,0,0,0,0,0,0,0,0
1907,  1587698,  -122,     4,  -534,  -652,     2,   -61,    -1,   -61,0,0,0,0,0,0,0,0,0,0,0,0,0,0,0,0,0,0,0,0,0,0,0,0,0,0,0,0,0,0,0,0
1908,  1588531,  -135,     0,  -534,  -669,    -1,   -63,     0,   -64,0,0,0,0,0,0,0,0,0,0,0,0,0,0,0,0,0,0,0,0,0,0,0,0,0,0,0,0,0,0,0,0
1909,  1589364,  -147,     1,  -532,  -678,    -1,   -61,    -1,   -63,0,0,0,0,0,0,0,0,0,0,0,0,0,0,0,0,0,0,0,0,0,0,0,0,0,0,0,0,0,0,0,0
1910,  1590197,  -161,     1,  -532,  -692,     2,   -60,     0,   -58,0,0,0,0,0,0,0,0,0,0,0,0,0,0,0,0,0,0,0,0,0,0,0,0,0,0,0,0,0,0,0,0
1911,  1591030,  -173,     2,  -532,  -703,     1,   -59,     1,   -58,0,0,0,0,0,0,0,0,0,0,0,0,0,0,0,0,0,0,0,0,0,0,0,0,0,0,0,0,0,0,0,0
1912,  1591863,  -184,     0,  -531,  -714,     1,   -59,    -1,   -59,0,0,0,0,0,0,0,0,0,0,0,0,0,0,0,0,0,0,0,0,0,0,0,0,0,0,0,0,0,0,0,0
1913,  1592696,  -195,     1,  -530,  -723,     1,   -60,    -1,   -61,0,0,0,0,0,0,0,0,0,0,0,0,0,0,0,0,0,0,0,0,0,0,0,0,0,0,0,0,0,0,0,0
1914,  1593529,  -207,     2,  -528,  -733,     2,   -59,     0,   -57,0,0,0,0,0,0,0,0,0,0,0,0,0,0,0,0,0,0,0,0,0,0,0,0,0,0,0,0,0,0,0,0
1915,  1594362,  -218,     2,  -528,  -744,     1,   -60,    -1,   -60,0,0,0,0,0,0,0,0,0,0,0,0,0,0,0,0,0,0,0,0,0,0,0,0,0,0,0,0,0,0,0,0
1916,  1595195,  -230,     4,  -527,  -753,     0,   -62,     0,   -62,0,0,0,0,0,0,0,0,0,0,0,0,0,0,0,0,0,0,0,0,0,0,0,0,0,0,0,0,0,0,0,0
1917,  1596028,  -240,     2,  -524,  -762,     1,   -59,     0,   -57,0,0,0,0,0,0,0,0,0,0,0,0,0,0,0,0,0,0,0,0,0,0,0,0,0,0,0,0,0,0,0,0
1918,  1596861,  -250,     2,  -524,  -772,     2,   -59,    -1,   -58,0,0,0,0,0,0,0,0,0,0,0,0,0,0,0,0,0,0,0,0,0,0,0,0,0,0,0,0,0,0,0,0
1919,  1597694,  -263,     2,  -523,  -784,    -1,   -61,     0,   -61,0,0,0,0,0,0,0,0,0,0,0,0,0,0,0,0,0,0,0,0,0,0,0,0,0,0,0,0,0,0,0,0
1920,  1598527,  -271,     1,  -524,  -794,     0,   -61,     0,   -61,0,0,0,0,0,0,0,0,0,0,0,0,0,0,0,0,0,0,0,0,0,0,0,0,0,0,0,0,0,0,0,0
1921,  1599360,  -282,     1,  -522,  -803,     1,   -58,     1,   -56,0,0,0,0,0,0,0,0,0,0,0,0,0,0,0,0,0,0,0,0,0,0,0,0,0,0,0,0,0,0,0,0
1922,  1600193,  -291,     1,  -521,  -811,    -1,   -61,     0,   -62,0,0,0,0,0,0,0,0,0,0,0,0,0,0,0,0,0,0,0,0,0,0,0,0,0,0,0,0,0,0,0,0
1923,  1601026,  -301,     4,  -520,  -817,     0,   -62,     1,   -61,0,0,0,0,0,0,0,0,0,0,0,0,0,0,0,0,0,0,0,0,0,0,0,0,0,0,0,0,0,0,0,0
1924,  1601859,  -310,     3,  -518,  -825,     1,   -59,    -1,   -59,0,0,0,0,0,0,0,0,0,0,0,0,0,0,0,0,0,0,0,0,0,0,0,0,0,0,0,0,0,0,0,0
1925,  1602692,  -320,     2,  -519,  -837,     1,   -60,     0,   -58,0,0,0,0,0,0,0,0,0,0,0,0,0,0,0,0,0,0,0,0,0,0,0,0,0,0,0,0,0,0,0,0
1926,  1603525,  -331,     1,  -517,  -847,     0,   -61,     0,   -61,0,0,0,0,0,0,0,0,0,0,0,0,0,0,0,0,0,0,0,0,0,0,0,0,0,0,0,0,0,0,0,0
1927,  1604358,  -340,     2,  -515,  -853,     0,   -60,     0,   -60,0,0,0,0,0,0,0,0,0,0,0,0,0,0,0,0,0,0,0,0,0,0,0,0,0,0,0,0,0,0,0,0
1928,  1605191,  -348,     3,  -514,  -859,    -1,   -62,    -1,   -64,0,0,0,0,0,0,0,0,0,0,0,0,0,0,0,0,0,0,0,0,0,0,0,0,0,0,0,0,0,0,0,0
1929,  1606024,  -354,     1,  -515,  -868,    -1,   -60,    -1,   -62,0,0,0,0,0,0,0,0,0,0,0,0,0,0,0,0,0,0,0,0,0,0,0,0,0,0,0,0,0,0,0,0
1930,  1606857,  -363,     1,  -514,  -876,     1,   -59,     0,   -58,0,0,0,0,0,0,0,0,0,0,0,0,0,0,0,0,0,0,0,0,0,0,0,0,0,0,0,0,0,0,0,0
1931,  1607690,  -371,     3,  -513,  -881,     2,   -59,    -1,   -58,0,0,0,0,0,0,0,0,0,0,0,0,0,0,0,0,0,0,0,0,0,0,0,0,0,0,0,0,0,0,0,0
1932,  1608523,  -380,     1,  -512,  -891,     0,   -58,     0,   -59,0,0,0,0,0,0,0,0,0,0,0,0,0,0,0,0,0,0,0,0,0,0,0,0,0,0,0,0,0,0,0,0
1933,  1609356,  -388,     2,  -512,  -898,     0,   -59,    -1,   -60,0,0,0,0,0,0,0,0,0,0,0,0,0,0,0,0,0,0,0,0,0,0,0,0,0,0,0,0,0,0,0,0
1934,  1610189,  -395,     1,  -508,  -902,     0,   -60,     0,   -61,0,0,0,0,0,0,0,0,0,0,0,0,0,0,0,0,0,0,0,0,0,0,0,0,0,0,0,0,0,0,0,0
1935,  1611022,  -401,     2,  -509,  -908,     0,   -60,     0,   -60,0,0,0,0,0,0,0,0,0,0,0,0,0,0,0,0,0,0,0,0,0,0,0,0,0,0,0,0,0,0,0,0
1936,  1611855,  -408,     1,  -510,  -917,     1,   -59,    -1,   -59,0,0,0,0,0,0,0,0,0,0,0,0,0,0,0,0,0,0,0,0,0,0,0,0,0,0,0,0,0,0,0,0
1937,  1612688,  -417,     0,  -506,  -923,    -1,   -59,    -1,   -60,0,0,0,0,0,0,0,0,0,0,0,0,0,0,0,0,0,0,0,0,0,0,0,0,0,0,0,0,0,0,0,0
1938,  1613521,  -423,     2,  -505,  -926,     1,   -59,     0,   -58,0,0,0,0,0,0,0,0,0,0,0,0,0,0,0,0,0,0,0,0,0,0,0,0,0,0,0,0,0,0,0,0
1939,  1614354,  -428,     1,  -505,  -932,    -2,   -59,     1,   -60,0,0,0,0,0,0,0,0,0,0,0,0,0,0,0,0,0,0,0,0,0,0,0,0,0,0,0,0,0,0,0,0
1940,  1615187,  -434,     1,  -505,  -938,     1,   -61,     0,   -61,0,0,0,0,0,0,0,0,0,0,0,0,0,0,0,0,0,0,0,0,0,0,0,0,0,0,0,0,0,0,0,0
1941,  1616020,  -440,     2,  -505,  -943,     0,   -60,    -1,   -61,0,0,0,0,0,0,0,0,0,0,0,0,0,0,0,0,0,0,0,0,0,0,0,0,0,0,0,0,0,0,0,0
1942,  1616853,  -446,     1,  -503,  -948,     0,   -61,     0,   -61,0,0,0,0,0,0,0,0,0,0,0,0,0,0,0,0,0,0,0,0,0,0,0,0,0,0,0,0,0,0,0,0
1943,  1617686,  -451,     1,  -502,  -952,     1,   -59,     1,   -58,0,0,0,0,0,0,0,0,0,0,0,0,0,0,0,0,0,0,0,0,0,0,0,0,0,0,0,0,0,0,0,0
1944,  1618519,  -458,     2,  -501,  -957,    -1,   -59,    -1,   -61,0,0,0,0,0,0,0,0,0,0,0,0,0,0,0,0,0,0,0,0,0,0,0,0,0,0,0,0,0,0,0,0
1945,  1619352,  -464,     2,  -501,  -963,    -1,   -59,     0,   -60,0,0,0,0,0,0,0,0,0,0,0,0,0,0,0,0,0,0,0,0,0,0,0,0,0,0,0,0,0,0,0,0
1946,  1620185,  -468,     1,  -502,  -969,    -1,   -59,     0,   -60,0,0,0,0,0,0,0,0,0,0,0,0,0,0,0,0,0,0,0,0,0,0,0,0,0,0,0,0,0,0,0,0
1947,  1621018,  -472,     1,  -498,  -969,     1,   -60,    -1,   -59,0,0,0,0,0,0,0,0,0,0,0,0,0,0,0,0,0,0,0,0,0,0,0,0,0,0,0,0,0,0,0,0
1948,  1621851,  -476,     1,  -497,  -972,     2,   -58,    -2,   -58,0,0,0,0,0,0,0,0,0,0,0,0,0,0,0,0,0,0,0,0,0,0,0,0,0,0,0,0,0,0,0,0
1949,  1622684,  -484,     1,  -499,  -982,    -1,   -57,    -1,   -59,0,0,0,0,0,0,0,0,0,0,0,0,0,0,0,0,0,0,0,0,0,0,0,0,0,0,0,0,0,0,0,0
1950,  1623517,  -487,     2,  -496,  -981,     0,   -59,    -1,   -59,0,0,0,0,0,0,0,0,0,0,0,0,0,0,0,0,0,0,0,0,0,0,0,0,0,0,0,0,0,0,0,0
1951,  1624350,  -491,     0,  -495,  -985,     1,   -58,     1,   -56,0,0,0,0,0,0,0,0,0,0,0,0,0,0,0,0,0,0,0,0,0,0,0,0,0,0,0,0,0,0,0,0
1952,  1625183,  -494,     2,  -495,  -987,     0,   -58,    -1,   -59,0,0,0,0,0,0,0,0,0,0,0,0,0,0,0,0,0,0,0,0,0,0,0,0,0,0,0,0,0,0,0,0
1953,  1626016,  -499,     1,  -493,  -991,     0,   -58,    -1,   -59,0,0,0,0,0,0,0,0,0,0,0,0,0,0,0,0,0,0,0,0,0,0,0,0,0,0,0,0,0,0,0,0
1954,  1626849,  -502,     2,  -493,  -993,     2,   -59,     0,   -57,0,0,0,0,0,0,0,0,0,0,0,0,0,0,0,0,0,0,0,0,0,0,0,0,0,0,0,0,0,0,0,0
1955,  1627682,  -505,     2,  -491,  -994,     1,   -58,     0,   -57,0,0,0,0,0,0,0,0,0,0,0,0,0,0,0,0,0,0,0,0,0,0,0,0,0,0,0,0,0,0,0,0
1956,  1628515,  -510,    -1,  -490, -1001,     0,   -59,     0,   -59,0,0,0,0,0,0,0,0,0,0,0,0,0,0,0,0,0,0,0,0,0,0,0,0,0,0,0,0,0,0,0,0
1957,  1629348,  -511,    -1,  -490, -1002,    -1,   -59,    -1,   -61,0,0,0,0,0,0,0,0,0,0,0,0,0,0,0,0,0,0,0,0,0,0,0,0,0,0,0,0,0,0,0,0
1958,  1630181,  -516,    -1,  -488, -1005,     1,   -59,    -1,   -59,0,0,0,0,0,0,0,0,0,0,0,0,0,0,0,0,0,0,0,0,0,0,0,0,0,0,0,0,0,0,0,0
1959,  1631014,  -517,     1,  -487, -1003,     2,   -57,    -1,   -56,0,0,0,0,0,0,0,0,0,0,0,0,0,0,0,0,0,0,0,0,0,0,0,0,0,0,0,0,0,0,0,0
1960,  1631847,  -521,     1,  -488, -1008,     1,   -58,     0,   -56,0,0,0,0,0,0,0,0,0,0,0,0,0,0,0,0,0,0,0,0,0,0,0,0,0,0,0,0,0,0,0,0
1961,  1632680,  -524,     0,  -487, -1011,     0,   -59,     0,   -60,0,0,0,0,0,0,0,0,0,0,0,0,0,0,0,0,0,0,0,0,0,0,0,0,0,0,0,0,0,0,0,0
1962,  1633513,  -528,     1,  -484, -1011,     0,   -59,     0,   -59,0,0,0,0,0,0,0,0,0,0,0,0,0,0,0,0,0,0,0,0,0,0,0,0,0,0,0,0,0,0,0,0
1963,  1634346,  -529,     2,  -484, -1011,    -1,   -59,    -1,   -61,0,0,0,0,0,0,0,0,0,0,0,0,0,0,0,0,0,0,0,0,0,0,0,0,0,0,0,0,0,0,0,0
1964,  1635179,  -530,     1,  -483, -1012,     1,   -58,     0,   -57,0,0,0,0,0,0,0,0,0,0,0,0,0,0,0,0,0,0,0,0,0,0,0,0,0,0,0,0,0,0,0,0
1965,  1636012,  -533,     1,  -482, -1014,    -1,   -59,    -1,   -61,0,0,0,0,0,0,0,0,0,0,0,0,0,0,0,0,0,0,0,0,0,0,0,0,0,0,0,0,0,0,0,0
1966,  1636845,  -535,     2,  -482, -1015,    -1,   -59,    -1,   -61,0,0,0,0,0,0,0,0,0,0,0,0,0,0,0,0,0,0,0,0,0,0,0,0,0,0,0,0,0,0,0,0
1967,  1637678,  -538,     0,  -481, -1019,     0,   -58,     0,   -58,0,0,0,0,0,0,0,0,0,0,0,0,0,0,0,0,0,0,0,0,0,0,0,0,0,0,0,0,0,0,0,0
1968,  1638511,  -538,     3,  -479, -1014,     0,   -59,     1,   -58,0,0,0,0,0,0,0,0,0,0,0,0,0,0,0,0,0,0,0,0,0,0,0,0,0,0,0,0,0,0,0,0
1969,  1639344,  -540,     0,  -478, -1018,     1,   -58,     1,   -56,0,0,0,0,0,0,0,0,0,0,0,0,0,0,0,0,0,0,0,0,0,0,0,0,0,0,0,0,0,0,0,0
1970,  1640177,  -543,     2,  -478, -1019,     0,   -58,    -1,   -58,0,0,0,0,0,0,0,0,0,0,0,0,0,0,0,0,0,0,0,0,0,0,0,0,0,0,0,0,0,0,0,0
1971,  1641010,  -543,     3,  -477, -1017,     2,   -58,    -1,   -57,0,0,0,0,0,0,0,0,0,0,0,0,0,0,0,0,0,0,0,0,0,0,0,0,0,0,0,0,0,0,0,0
1972,  1641843,  -545,     4,  -475, -1016,     0,   -58,    -1,   -60,0,0,0,0,0,0,0,0,0,0,0,0,0,0,0,0,0,0,0,0,0,0,0,0,0,0,0,0,0,0,0,0
1973,  1642676,  -548,     1,  -474, -1021,     0,   -57,     1,   -56,0,0,0,0,0,0,0,0,0,0,0,0,0,0,0,0,0,0,0,0,0,0,0,0,0,0,0,0,0,0,0,0
1974,  1643509,  -546,    -1,  -473, -1020,     1,   -58,     0,   -57,0,0,0,0,0,0,0,0,0,0,0,0,0,0,0,0,0,0,0,0,0,0,0,0,0,0,0,0,0,0,0,0
1975,  1644342,  -547,     1,  -472, -1018,    -1,   -58,     1,   -57,0,0,0,0,0,0,0,0,0,0,0,0,0,0,0,0,0,0,0,0,0,0,0,0,0,0,0,0,0,0,0,0
1976,  1645175,  -550,     0,  -471, -1021,     1,   -57,    -1,   -58,0,0,0,0,0,0,0,0,0,0,0,0,0,0,0,0,0,0,0,0,0,0,0,0,0,0,0,0,0,0,0,0
1977,  1646008,  -550,     0,  -472, -1022,    -1,   -57,     0,   -58,0,0,0,0,0,0,0,0,0,0,0,0,0,0,0,0,0,0,0,0,0,0,0,0,0,0,0,0,0,0,0,0
1978,  1646841,  -550,     1,  -471, -1020,     0,   -57,     1,   -56,0,0,0,0,0,0,0,0,0,0,0,0,0,0,0,0,0,0,0,0,0,0,0,0,0,0,0,0,0,0,0,0
1979,  1647674,  -551,     1,  -469, -1019,     0,   -57,     1,   -56,0,0,0,0,0,0,0,0,0,0,0,0,0,0,0,0,0,0,0,0,0,0,0,0,0,0,0,0,0,0,0,0
1980,  1648507,  -553,     0,  -466, -1019,     0,   -58,     0,   -59,0,0,0,0,0,0,0,0,0,0,0,0,0,0,0,0,0,0,0,0,0,0,0,0,0,0,0,0,0,0,0,0
1981,  1649340,  -553,     0,  -467, -1020,     0,   -58,     1,   -57,0,0,0,0,0,0,0,0,0,0,0,0,0,0,0,0,0,0,0,0,0,0,0,0,0,0,0,0,0,0,0,0
1982,  1650173,  -553,     1,  -465, -1017,     1,   -58,     0,   -57,0,0,0,0,0,0,0,0,0,0,0,0,0,0,0,0,0,0,0,0,0,0,0,0,0,0,0,0,0,0,0,0
1983,  1651006,  -552,     0,  -465, -1017,     2,   -57,     0,   -56,0,0,0,0,0,0,0,0,0,0,0,0,0,0,0,0,0,0,0,0,0,0,0,0,0,0,0,0,0,0,0,0
1984,  1651839,  -552,    -1,  -465, -1018,     2,   -57,    -1,   -56,0,0,0,0,0,0,0,0,0,0,0,0,0,0,0,0,0,0,0,0,0,0,0,0,0,0,0,0,0,0,0,0
1985,  1652672,  -553,     2,  -464, -1015,     2,   -55,     0,   -53,0,0,0,0,0,0,0,0,0,0,0,0,0,0,0,0,0,0,0,0,0,0,0,0,0,0,0,0,0,0,0,0
1986,  1653505,  -554,     0,  -463, -1017,     1,   -56,     1,   -54,0,0,0,0,0,0,0,0,0,0,0,0,0,0,0,0,0,0,0,0,0,0,0,0,0,0,0,0,0,0,0,0
1987,  1654338,  -553,     1,  -461, -1013,     1,   -57,     0,   -57,0,0,0,0,0,0,0,0,0,0,0,0,0,0,0,0,0,0,0,0,0,0,0,0,0,0,0,0,0,0,0,0
1988,  1655171,  -552,     4,  -460, -1008,    -1,   -57,    -1,   -59,0,0,0,0,0,0,0,0,0,0,0,0,0,0,0,0,0,0,0,0,0,0,0,0,0,0,0,0,0,0,0,0
1989,  1656004,  -553,     1,  -459, -1011,     0,   -55,    -1,   -56,0,0,0,0,0,0,0,0,0,0,0,0,0,0,0,0,0,0,0,0,0,0,0,0,0,0,0,0,0,0,0,0
1990,  1656837,  -550,     2,  -461, -1009,     0,   -59,    -1,   -60,0,0,0,0,0,0,0,0,0,0,0,0,0,0,0,0,0,0,0,0,0,0,0,0,0,0,0,0,0,0,0,0
1991,  1657670,  -552,     2,  -458, -1008,    -1,   -58,     2,   -57,0,0,0,0,0,0,0,0,0,0,0,0,0,0,0,0,0,0,0,0,0,0,0,0,0,0,0,0,0,0,0,0
1992,  1658503,  -550,     1,  -457, -1006,     0,   -58,    -2,   -60,0,0,0,0,0,0,0,0,0,0,0,0,0,0,0,0,0,0,0,0,0,0,0,0,0,0,0,0,0,0,0,0
1993,  1659336,  -550,     2,  -456, -1004,    -1,   -56,     0,   -57,0,0,0,0,0,0,0,0,0,0,0,0,0,0,0,0,0,0,0,0,0,0,0,0,0,0,0,0,0,0,0,0
1994,  1660169,  -548,     0,  -455, -1003,     2,   -56,     0,   -55,0,0,0,0,0,0,0,0,0,0,0,0,0,0,0,0,0,0,0,0,0,0,0,0,0,0,0,0,0,0,0,0
1995,  1661002,  -550,     1,  -453, -1002,     0,   -57,     0,   -57,0,0,0,0,0,0,0,0,0,0,0,0,0,0,0,0,0,0,0,0,0,0,0,0,0,0,0,0,0,0,0,0
1996,  1661835,  -548,     0,  -452, -1000,     0,   -57,     0,   -58,0,0,0,0,0,0,0,0,0,0,0,0,0,0,0,0,0,0,0,0,0,0,0,0,0,0,0,0,0,0,0,0
1997,  1662668,  -549,     1,  -452, -1000,    -2,   -57,     0,   -59,0,0,0,0,0,0,0,0,0,0,0,0,0,0,0,0,0,0,0,0,0,0,0,0,0,0,0,0,0,0,0,0
1998,  1663501,  -548,     1,  -450,  -997,     0,   -58,     0,   -59,0,0,0,0,0,0,0,0,0,0,0,0,0,0,0,0,0,0,0,0,0,0,0,0,0,0,0,0,0,0,0,0
1999,  1664334,  -548,     1,  -448,  -995,     2,   -57,    -1,   -56,0,0,0,0,0,0,0,0,0,0,0,0,0,0,0,0,0,0,0,0,0,0,0,0,0,0,0,0,0,0,0,0
2000,  1665167,  -547,     1,  -447,  -993,     0,   -57,     0,   -58,0,0,0,0,0,0,0,0,0,0,0,0,0,0,0,0,0,0,0,0,0,0,0,0,0,0,0,0,0,0,0,0
2001,  1666000,  -546,     2,  -447,  -991,     1,   -57,    -1,   -57,0,0,0,0,0,0,0,0,0,0,0,0,0,0,0,0,0,0,0,0,0,0,0,0,0,0,0,0,0,0,0,0
2002,  1666833,  -545,     1,  -444,  -988,     0,   -56,     1,   -55,0,0,0,0,0,0,0,0,0,0,0,0,0,0,0,0,0,0,0,0,0,0,0,0,0,0,0,0,0,0,0,0
2003,  1667666,  -546,     0,  -444,  -990,     1,   -57,     0,   -56,0,0,0,0,0,0,0,0,0,0,0,0,0,0,0,0,0,0,0,0,0,0,0,0,0,0,0,0,0,0,0,0
2004,  1668499,  -544,    -1,  -443,  -988,    -1,   -57,    -1,   -59,0,0,0,0,0,0,0,0,0,0,0,0,0,0,0,0,0,0,0,0,0,0,0,0,0,0,0,0,0,0,0,0
2005,  1669332,  -543,     1,  -440,  -982,     0,   -57,    -1,   -59,0,0,0,0,0,0,0,0,0,0,0,0,0,0,0,0,0,0,0,0,0,0,0,0,0,0,0,0,0,0,0,0
2006,  1670165,  -543,     1,  -439,  -982,     0,   -58,     0,   -58,0,0,0,0,0,0,0,0,0,0,0,0,0,0,0,0,0,0,0,0,0,0,0,0,0,0,0,0,0,0,0,0
2007,  1670998,  -543,     0,  -440,  -983,     0,   -56,    -1,   -57,0,0,0,0,0,0,0,0,0,0,0,0,0,0,0,0,0,0,0,0,0,0,0,0,0,0,0,0,0,0,0,0
2008,  1671831,  -540,     1,  -438,  -977,     0,   -57,    -1,   -58,0,0,0,0,0,0,0,0,0,0,0,0,0,0,0,0,0,0,0,0,0,0,0,0,0,0,0,0,0,0,0,0
2009,  1672664,  -539,     1,  -435,  -973,     0,   -57,     0,   -57,0,0,0,0,0,0,0,0,0,0,0,0,0,0,0,0,0,0,0,0,0,0,0,0,0,0,0,0,0,0,0,0
2010,  1673497,  -538,     1,  -436,  -973,    -1,   -56,    -1,   -58,0,0,0,0,0,0,0,0,0,0,0,0,0,0,0,0,0,0,0,0,0,0,0,0,0,0,0,0,0,0,0,0
2011,  1674330,  -538,     2,  -434,  -971,     0,   -58,     0,   -58,0,0,0,0,0,0,0,0,0,0,0,0,0,0,0,0,0,0,0,0,0,0,0,0,0,0,0,0,0,0,0,0
2012,  1675163,  -537,     1,  -433,  -969,    -1,   -57,     0,   -57,0,0,0,0,0,0,0,0,0,0,0,0,0,0,0,0,0,0,0,0,0,0,0,0,0,0,0,0,0,0,0,0
2013,  1675996,  -536,     2,  -432,  -966,     3,   -57,     0,   -54,0,0,0,0,0,0,0,0,0,0,0,0,0,0,0,0,0,0,0,0,0,0,0,0,0,0,0,0,0,0,0,0
2014,  1676829,  -535,     0,  -430,  -965,     0,   -57,     0,   -57,0,0,0,0,0,0,0,0,0,0,0,0,0,0,0,0,0,0,0,0,0,0,0,0,0,0,0,0,0,0,0,0
2015,  1677662,  -537,     1,  -428,  -964,     0,   -56,    -1,   -57,0,0,0,0,0,0,0,0,0,0,0,0,0,0,0,0,0,0,0,0,0,0,0,0,0,0,0,0,0,0,0,0
2016,  1678495,  -535,     2,  -425,  -958,     0,   -56,    -1,   -57,0,0,0,0,0,0,0,0,0,0,0,0,0,0,0,0,0,0,0,0,0,0,0,0,0,0,0,0,0,0,0,0
2017,  1679328,  -533,     1,  -425,  -957,    -1,   -56,     1,   -56,0,0,0,0,0,0,0,0,0,0,0,0,0,0,0,0,0,0,0,0,0,0,0,0,0,0,0,0,0,0,0,0
2018,  1680161,  -533,     2,  -423,  -954,     1,   -56,     0,   -54,0,0,0,0,0,0,0,0,0,0,0,0,0,0,0,0,0,0,0,0,0,0,0,0,0,0,0,0,0,0,0,0
2019,  1680994,  -531,     2,  -420,  -949,     0,   -57,     0,   -57,0,0,0,0,0,0,0,0,0,0,0,0,0,0,0,0,0,0,0,0,0,0,0,0,0,0,0,0,0,0,0,0
2020,  1681827,  -530,     3,  -419,  -947,     0,   -57,    -1,   -58,0,0,0,0,0,0,0,0,0,0,0,0,0,0,0,0,0,0,0,0,0,0,0,0,0,0,0,0,0,0,0,0
2021,  1682660,  -530,     1,  -417,  -946,     0,   -57,     0,   -58,0,0,0,0,0,0,0,0,0,0,0,0,0,0,0,0,0,0,0,0,0,0,0,0,0,0,0,0,0,0,0,0
2022,  1683493,  -530,     0,  -416,  -946,     1,   -55,     0,   -54,0,0,0,0,0,0,0,0,0,0,0,0,0,0,0,0,0,0,0,0,0,0,0,0,0,0,0,0,0,0,0,0
2023,  1684326,  -528,     0,  -411,  -939,    -1,   -57,    -1,   -59,0,0,0,0,0,0,0,0,0,0,0,0,0,0,0,0,0,0,0,0,0,0,0,0,0,0,0,0,0,0,0,0
2024,  1685159,  -528,     1,  -411,  -938,     1,   -58,    -1,   -59,0,0,0,0,0,0,0,0,0,0,0,0,0,0,0,0,0,0,0,0,0,0,0,0,0,0,0,0,0,0,0,0
2025,  1685992,  -528,     0,  -407,  -935,    -1,   -56,    -2,   -58,0,0,0,0,0,0,0,0,0,0,0,0,0,0,0,0,0,0,0,0,0,0,0,0,0,0,0,0,0,0,0,0
2026,  1686825,  -527,     1,  -405,  -931,     0,   -57,     1,   -56,0,0,0,0,0,0,0,0,0,0,0,0,0,0,0,0,0,0,0,0,0,0,0,0,0,0,0,0,0,0,0,0
2027,  1687658,  -526,     1,  -403,  -928,    -1,   -57,    -1,   -59,0,0,0,0,0,0,0,0,0,0,0,0,0,0,0,0,0,0,0,0,0,0,0,0,0,0,0,0,0,0,0,0
2028,  1688491,  -525,     1,  -403,  -927,     0,   -56,    -1,   -57,0,0,0,0,0,0,0,0,0,0,0,0,0,0,0,0,0,0,0,0,0,0,0,0,0,0,0,0,0,0,0,0
2029,  1689324,  -523,     0,  -399,  -922,     0,   -57,     0,   -56,0,0,0,0,0,0,0,0,0,0,0,0,0,0,0,0,0,0,0,0,0,0,0,0,0,0,0,0,0,0,0,0
2030,  1690157,  -522,     1,  -395,  -916,     0,   -56,     0,   -56,0,0,0,0,0,0,0,0,0,0,0,0,0,0,0,0,0,0,0,0,0,0,0,0,0,0,0,0,0,0,0,0
2031,  1690990,  -521,     1,  -393,  -914,     1,   -55,     0,   -54,0,0,0,0,0,0,0,0,0,0,0,0,0,0,0,0,0,0,0,0,0,0,0,0,0,0,0,0,0,0,0,0
2032,  1691823,  -519,    -1,  -391,  -910,     1,   -56,     0,   -56,0,0,0,0,0,0,0,0,0,0,0,0,0,0,0,0,0,0,0,0,0,0,0,0,0,0,0,0,0,0,0,0
2033,  1692656,  -521,     2,  -387,  -906,    -1,   -55,     0,   -56,0,0,0,0,0,0,0,0,0,0,0,0,0,0,0,0,0,0,0,0,0,0,0,0,0,0,0,0,0,0,0,0
2034,  1693489,  -517,     2,  -385,  -900,     1,   -56,    -1,   -56,0,0,0,0,0,0,0,0,0,0,0,0,0,0,0,0,0,0,0,0,0,0,0,0,0,0,0,0,0,0,0,0
2035,  1694322,  -518,     1,  -382,  -899,     1,   -55,     2,   -52,0,0,0,0,0,0,0,0,0,0,0,0,0,0,0,0,0,0,0,0,0,0,0,0,0,0,0,0,0,0,0,0
2036,  1695155,  -516,     2,  -378,  -892,     1,   -55,    -1,   -54,0,0,0,0,0,0,0,0,0,0,0,0,0,0,0,0,0,0,0,0,0,0,0,0,0,0,0,0,0,0,0,0
2037,  1695988,  -515,    -1,  -377,  -892,     0,   -56,     1,   -55,0,0,0,0,0,0,0,0,0,0,0,0,0,0,0,0,0,0,0,0,0,0,0,0,0,0,0,0,0,0,0,0
2038,  1696821,  -514,     0,  -373,  -887,     0,   -56,     0,   -55,0,0,0,0,0,0,0,0,0,0,0,0,0,0,0,0,0,0,0,0,0,0,0,0,0,0,0,0,0,0,0,0
2039,  1697654,  -513,     0,  -370,  -883,    -1,   -56,     0,   -57,0,0,0,0,0,0,0,0,0,0,0,0,0,0,0,0,0,0,0,0,0,0,0,0,0,0,0,0,0,0,0,0
2040,  1698487,  -513,     3,  -366,  -876,     0,   -56,    -1,   -56,0,0,0,0,0,0,0,0,0,0,0,0,0,0,0,0,0,0,0,0,0,0,0,0,0,0,0,0,0,0,0,0
2041,  1699320,  -512,     1,  -363,  -874,    -1,   -57,     0,   -57,0,0,0,0,0,0,0,0,0,0,0,0,0,0,0,0,0,0,0,0,0,0,0,0,0,0,0,0,0,0,0,0
2042,  1700153,  -510,     1,  -360,  -869,     1,   -55,     0,   -54,0,0,0,0,0,0,0,0,0,0,0,0,0,0,0,0,0,0,0,0,0,0,0,0,0,0,0,0,0,0,0,0
2043,  1700986,  -510,     0,  -355,  -865,     0,   -56,    -1,   -57,0,0,0,0,0,0,0,0,0,0,0,0,0,0,0,0,0,0,0,0,0,0,0,0,0,0,0,0,0,0,0,0
2044,  1701819,  -510,     0,  -353,  -863,     1,   -55,     0,   -55,0,0,0,0,0,0,0,0,0,0,0,0,0,0,0,0,0,0,0,0,0,0,0,0,0,0,0,0,0,0,0,0
2045,  1702652,  -508,     1,  -348,  -855,     1,   -55,    -1,   -54,0,0,0,0,0,0,0,0,0,0,0,0,0,0,0,0,0,0,0,0,0,0,0,0,0,0,0,0,0,0,0,0
2046,  1703485,  -507,    -1,  -345,  -853,     0,   -54,     0,   -54,0,0,0,0,0,0,0,0,0,0,0,0,0,0,0,0,0,0,0,0,0,0,0,0,0,0,0,0,0,0,0,0
2047,  1704318,  -506,     1,  -340,  -845,     0,   -56,    -1,   -57,0,0,0,0,0,0,0,0,0,0,0,0,0,0,0,0,0,0,0,0,0,0,0,0,0,0,0,0,0,0,0,0
2048,  1705151,  -506,     4,  -336,  -838,     1,   -54,    -1,   -54,0,0,0,0,0,0,0,0,0,0,0,0,0,0,0,0,0,0,0,0,0,0,0,0,0,0,0,0,0,0,0,0
2049,  1705984,  -504,     0,  -332,  -836,    -1,   -55,    -1,   -56,0,0,0,0,0,0,0,0,0,0,0,0,0,0,0,0,0,0,0,0,0,0,0,0,0,0,0,0,0,0,0,0
2050,  1706817,  -504,     2,  -328,  -831,     0,   -55,    -1,   -56,0,0,0,0,0,0,0,0,0,0,0,0,0,0,0,0,0,0,0,0,0,0,0,0,0,0,0,0,0,0,0,0
2051,  1707650,  -504,     2,  -324,  -826,     0,   -55,    -1,   -56,0,0,0,0,0,0,0,0,0,0,0,0,0,0,0,0,0,0,0,0,0,0,0,0,0,0,0,0,0,0,0,0
2052,  1708483,  -504,     2,  -320,  -822,     0,   -55,     0,   -55,0,0,0,0,0,0,0,0,0,0,0,0,0,0,0,0,0,0,0,0,0,0,0,0,0,0,0,0,0,0,0,0
2053,  1709316,  -504,     2,  -315,  -817,    -1,   -54,     0,   -55,0,0,0,0,0,0,0,0,0,0,0,0,0,0,0,0,0,0,0,0,0,0,0,0,0,0,0,0,0,0,0,0
2054,  1710149,  -503,     0,  -311,  -814,    -2,   -55,     1,   -56,0,0,0,0,0,0,0,0,0,0,0,0,0,0,0,0,0,0,0,0,0,0,0,0,0,0,0,0,0,0,0,0
2055,  1710982,  -499,     0,  -305,  -804,     1,   -54,    -1,   -54,0,0,0,0,0,0,0,0,0,0,0,0,0,0,0,0,0,0,0,0,0,0,0,0,0,0,0,0,0,0,0,0
2056,  1711815,  -498,     2,  -300,  -796,     1,   -54,     0,   -53,0,0,0,0,0,0,0,0,0,0,0,0,0,0,0,0,0,0,0,0,0,0,0,0,0,0,0,0,0,0,0,0
2057,  1712648,  -499,     2,  -294,  -792,     0,   -54,    -1,   -56,0,0,0,0,0,0,0,0,0,0,0,0,0,0,0,0,0,0,0,0,0,0,0,0,0,0,0,0,0,0,0,0
2058,  1713481,  -498,     2,  -291,  -787,     1,   -56,    -1,   -56,0,0,0,0,0,0,0,0,0,0,0,0,0,0,0,0,0,0,0,0,0,0,0,0,0,0,0,0,0,0,0,0
2059,  1714314,  -496,     1,  -286,  -781,     2,   -54,     0,   -52,0,0,0,0,0,0,0,0,0,0,0,0,0,0,0,0,0,0,0,0,0,0,0,0,0,0,0,0,0,0,0,0
2060,  1715147,  -495,     1,  -280,  -774,     0,   -55,     0,   -56,0,0,0,0,0,0,0,0,0,0,0,0,0,0,0,0,0,0,0,0,0,0,0,0,0,0,0,0,0,0,0,0
2061,  1715980,  -493,     1,  -276,  -768,     0,   -54,     0,   -55,0,0,0,0,0,0,0,0,0,0,0,0,0,0,0,0,0,0,0,0,0,0,0,0,0,0,0,0,0,0,0,0
2062,  1716813,  -493,     1,  -271,  -763,    -1,   -54,     1,   -54,0,0,0,0,0,0,0,0,0,0,0,0,0,0,0,0,0,0,0,0,0,0,0,0,0,0,0,0,0,0,0,0
2063,  1717646,  -492,     2,  -266,  -756,     0,   -55,     0,   -56,0,0,0,0,0,0,0,0,0,0,0,0,0,0,0,0,0,0,0,0,0,0,0,0,0,0,0,0,0,0,0,0
2064,  1718479,  -490,     1,  -260,  -749,     0,   -54,    -1,   -55,0,0,0,0,0,0,0,0,0,0,0,0,0,0,0,0,0,0,0,0,0,0,0,0,0,0,0,0,0,0,0,0
2065,  1719312,  -491,     2,  -255,  -744,     1,   -53,     0,   -52,0,0,0,0,0,0,0,0,0,0,0,0,0,0,0,0,0,0,0,0,0,0,0,0,0,0,0,0,0,0,0,0
2066,  1720145,  -488,     2,  -249,  -735,     0,   -56,    -1,   -56,0,0,0,0,0,0,0,0,0,0,0,0,0,0,0,0,0,0,0,0,0,0,0,0,0,0,0,0,0,0,0,0
2067,  1720978,  -489,     2,  -245,  -732,     2,   -54,     0,   -53,0,0,0,0,0,0,0,0,0,0,0,0,0,0,0,0,0,0,0,0,0,0,0,0,0,0,0,0,0,0,0,0
2068,  1721811,  -487,     2,  -237,  -723,     0,   -54,     0,   -55,0,0,0,0,0,0,0,0,0,0,0,0,0,0,0,0,0,0,0,0,0,0,0,0,0,0,0,0,0,0,0,0
2069,  1722644,  -486,     1,  -232,  -717,     1,   -54,    -1,   -53,0,0,0,0,0,0,0,0,0,0,0,0,0,0,0,0,0,0,0,0,0,0,0,0,0,0,0,0,0,0,0,0
2070,  1723477,  -487,     0,  -226,  -713,     0,   -56,     0,   -56,0,0,0,0,0,0,0,0,0,0,0,0,0,0,0,0,0,0,0,0,0,0,0,0,0,0,0,0,0,0,0,0
2071,  1724310,  -485,     2,  -219,  -702,     0,   -53,    -1,   -54,0,0,0,0,0,0,0,0,0,0,0,0,0,0,0,0,0,0,0,0,0,0,0,0,0,0,0,0,0,0,0,0
2072,  1725143,  -485,     2,  -213,  -696,     0,   -55,     0,   -56,0,0,0,0,0,0,0,0,0,0,0,0,0,0,0,0,0,0,0,0,0,0,0,0,0,0,0,0,0,0,0,0
2073,  1725976,  -485,     2,  -208,  -691,     0,   -54,     0,   -53,0,0,0,0,0,0,0,0,0,0,0,0,0,0,0,0,0,0,0,0,0,0,0,0,0,0,0,0,0,0,0,0
2074,  1726809,  -484,     2,  -202,  -684,     1,   -54,    -1,   -54,0,0,0,0,0,0,0,0,0,0,0,0,0,0,0,0,0,0,0,0,0,0,0,0,0,0,0,0,0,0,0,0
2075,  1727642,  -481,    -1,  -194,  -676,     1,   -54,    -1,   -54,0,0,0,0,0,0,0,0,0,0,0,0,0,0,0,0,0,0,0,0,0,0,0,0,0,0,0,0,0,0,0,0
2076,  1728475,  -481,     1,  -187,  -667,     0,   -54,     0,   -54,0,0,0,0,0,0,0,0,0,0,0,0,0,0,0,0,0,0,0,0,0,0,0,0,0,0,0,0,0,0,0,0
2077,  1729308,  -480,     0,  -182,  -662,     0,   -55,     0,   -55,0,0,0,0,0,0,0,0,0,0,0,0,0,0,0,0,0,0,0,0,0,0,0,0,0,0,0,0,0,0,0,0
2078,  1730141,  -480,     1,  -176,  -655,     0,   -54,     0,   -54,0,0,0,0,0,0,0,0,0,0,0,0,0,0,0,0,0,0,0,0,0,0,0,0,0,0,0,0,0,0,0,0
2079,  1730974,  -479,     1,  -170,  -648,     0,   -53,     0,   -54,0,0,0,0,0,0,0,0,0,0,0,0,0,0,0,0,0,0,0,0,0,0,0,0,0,0,0,0,0,0,0,0
2080,  1731807,  -479,     2,  -162,  -639,    -1,   -55,     0,   -55,0,0,0,0,0,0,0,0,0,0,0,0,0,0,0,0,0,0,0,0,0,0,0,0,0,0,0,0,0,0,0,0
2081,  1732640,  -478,     1,  -156,  -633,    -1,   -55,     0,   -55,0,0,0,0,0,0,0,0,0,0,0,0,0,0,0,0,0,0,0,0,0,0,0,0,0,0,0,0,0,0,0,0
2082,  1733473,  -477,     0,  -149,  -626,    -1,   -53,     1,   -53,0,0,0,0,0,0,0,0,0,0,0,0,0,0,0,0,0,0,0,0,0,0,0,0,0,0,0,0,0,0,0,0
2083,  1734306,  -477,     1,  -143,  -619,    -1,   -54,    -1,   -56,0,0,0,0,0,0,0,0,0,0,0,0,0,0,0,0,0,0,0,0,0,0,0,0,0,0,0,0,0,0,0,0
2084,  1735139,  -474,     2,  -137,  -609,     0,   -54,     0,   -54,0,0,0,0,0,0,0,0,0,0,0,0,0,0,0,0,0,0,0,0,0,0,0,0,0,0,0,0,0,0,0,0
2085,  1735972,  -474,     1,  -129,  -602,    -1,   -55,     0,   -55,0,0,0,0,0,0,0,0,0,0,0,0,0,0,0,0,0,0,0,0,0,0,0,0,0,0,0,0,0,0,0,0
2086,  1736805,  -474,     1,  -122,  -595,     3,   -53,     0,   -50,0,0,0,0,0,0,0,0,0,0,0,0,0,0,0,0,0,0,0,0,0,0,0,0,0,0,0,0,0,0,0,0
2087,  1737638,  -472,     2,  -113,  -583,    -2,   -55,     0,   -56,0,0,0,0,0,0,0,0,0,0,0,0,0,0,0,0,0,0,0,0,0,0,0,0,0,0,0,0,0,0,0,0
2088,  1738471,  -473,     2,  -106,  -577,     2,   -55,     0,   -53,0,0,0,0,0,0,0,0,0,0,0,0,0,0,0,0,0,0,0,0,0,0,0,0,0,0,0,0,0,0,0,0
2089,  1739304,  -471,     2,  -101,  -570,     0,   -53,    -1,   -54,0,0,0,0,0,0,0,0,0,0,0,0,0,0,0,0,0,0,0,0,0,0,0,0,0,0,0,0,0,0,0,0
2090,  1740137,  -471,     2,   -94,  -563,    -1,   -54,     0,   -54,0,0,0,0,0,0,0,0,0,0,0,0,0,0,0,0,0,0,0,0,0,0,0,0,0,0,0,0,0,0,0,0
2091,  1740970,  -468,     1,   -86,  -553,     1,   -54,     0,   -53,0,0,0,0,0,0,0,0,0,0,0,0,0,0,0,0,0,0,0,0,0,0,0,0,0,0,0,0,0,0,0,0
2092,  1741803,  -468,     1,   -81,  -548,    -1,   -54,    -1,   -55,0,0,0,0,0,0,0,0,0,0,0,0,0,0,0,0,0,0,0,0,0,0,0,0,0,0,0,0,0,0,0,0
2093,  1742636,  -469,     2,   -73,  -540,     0,   -53,     1,   -52,0,0,0,0,0,0,0,0,0,0,0,0,0,0,0,0,0,0,0,0,0,0,0,0,0,0,0,0,0,0,0,0
2094,  1743469,  -466,     2,   -64,  -528,    -1,   -54,     1,   -54,0,0,0,0,0,0,0,0,0,0,0,0,0,0,0,0,0,0,0,0,0,0,0,0,0,0,0,0,0,0,0,0
2095,  1744302,  -466,     2,   -58,  -522,     0,   -55,     0,   -55,0,0,0,0,0,0,0,0,0,0,0,0,0,0,0,0,0,0,0,0,0,0,0,0,0,0,0,0,0,0,0,0
2096,  1745135,  -467,     1,   -49,  -515,     2,   -53,     0,   -51,0,0,0,0,0,0,0,0,0,0,0,0,0,0,0,0,0,0,0,0,0,0,0,0,0,0,0,0,0,0,0,0
2097,  1745968,  -466,     1,   -43,  -508,     2,   -53,    -1,   -52,0,0,0,0,0,0,0,0,0,0,0,0,0,0,0,0,0,0,0,0,0,0,0,0,0,0,0,0,0,0,0,0
2098,  1746801,  -463,     1,   -36,  -498,     0,   -54,     0,   -54,0,0,0,0,0,0,0,0,0,0,0,0,0,0,0,0,0,0,0,0,0,0,0,0,0,0,0,0,0,0,0,0
2099,  1747634,  -462,     0,   -28,  -490,     0,   -54,     1,   -53,0,0,0,0,0,0,0,0,0,0,0,0,0,0,0,0,0,0,0,0,0,0,0,0,0,0,0,0,0,0,0,0
2100,  1748467,  -461,     1,   -21,  -481,     1,   -54,     0,   -53,0,0,0,0,0,0,0,0,0,0,0,0,0,0,0,0,0,0,0,0,0,0,0,0,0,0,0,0,0,0,0,0
2101,  1749300,  -462,     0,   -11,  -473,     2,   -53,    -1,   -52,0,0,0,0,0,0,0,0,0,0,0,0,0,0,0,0,0,0,0,0,0,0,0,0,0,0,0,0,0,0,0,0
2102,  1750133,  -462,     1,    -6,  -467,     1,   -54,     0,   -53,0,0,0,0,0,0,0,0,0,0,0,0,0,0,0,0,0,0,0,0,0,0,0,0,0,0,0,0,0,0,0,0
2103,  1750966,  -459,     1,     2,  -456,    -1,   -53,     0,   -54,0,0,0,0,0,0,0,0,0,0,0,0,0,0,0,0,0,0,0,0,0,0,0,0,0,0,0,0,0,0,0,0
2104,  1751799,  -459,     1,     8,  -450,     0,   -55,     0,   -56,0,0,0,0,0,0,0,0,0,0,0,0,0,0,0,0,0,0,0,0,0,0,0,0,0,0,0,0,0,0,0,0
2105,  1752632,  -459,     1,    16,  -442,     1,   -52,    -1,   -51,0,0,0,0,0,0,0,0,0,0,0,0,0,0,0,0,0,0,0,0,0,0,0,0,0,0,0,0,0,0,0,0
2106,  1753465,  -458,     1,    22,  -435,     0,   -52,    -1,   -53,0,0,0,0,0,0,0,0,0,0,0,0,0,0,0,0,0,0,0,0,0,0,0,0,0,0,0,0,0,0,0,0
2107,  1754298,  -457,     3,    28,  -426,     1,   -52,     0,   -51,0,0,0,0,0,0,0,0,0,0,0,0,0,0,0,0,0,0,0,0,0,0,0,0,0,0,0,0,0,0,0,0
2108,  1755131,  -456,     0,    35,  -421,    -1,   -54,     0,   -55,0,0,0,0,0,0,0,0,0,0,0,0,0,0,0,0,0,0,0,0,0,0,0,0,0,0,0,0,0,0,0,0
2109,  1755964,  -456,     2,    44,  -410,     1,   -53,     0,   -52,0,0,0,0,0,0,0,0,0,0,0,0,0,0,0,0,0,0,0,0,0,0,0,0,0,0,0,0,0,0,0,0
2110,  1756797,  -453,     2,    49,  -402,     1,   -54,     0,   -53,0,0,0,0,0,0,0,0,0,0,0,0,0,0,0,0,0,0,0,0,0,0,0,0,0,0,0,0,0,0,0,0
2111,  1757630,  -455,     3,    57,  -395,    -2,   -54,     0,   -55,0,0,0,0,0,0,0,0,0,0,0,0,0,0,0,0,0,0,0,0,0,0,0,0,0,0,0,0,0,0,0,0
2112,  1758463,  -452,     1,    62,  -389,     0,   -53,     0,   -53,0,0,0,0,0,0,0,0,0,0,0,0,0,0,0,0,0,0,0,0,0,0,0,0,0,0,0,0,0,0,0,0
2113,  1759296,  -451,     1,    68,  -382,    -1,   -53,    -1,   -55,0,0,0,0,0,0,0,0,0,0,0,0,0,0,0,0,0,0,0,0,0,0,0,0,0,0,0,0,0,0,0,0
2114,  1760129,  -452,     1,    76,  -375,     1,   -52,    -1,   -52,0,0,0,0,0,0,0,0,0,0,0,0,0,0,0,0,0,0,0,0,0,0,0,0,0,0,0,0,0,0,0,0
2115,  1760962,  -450,     2,    84,  -364,     0,   -53,     0,   -54,0,0,0,0,0,0,0,0,0,0,0,0,0,0,0,0,0,0,0,0,0,0,0,0,0,0,0,0,0,0,0,0
2116,  1761795,  -449,     2,    90,  -357,     1,   -53,    -1,   -52,0,0,0,0,0,0,0,0,0,0,0,0,0,0,0,0,0,0,0,0,0,0,0,0,0,0,0,0,0,0,0,0
2117,  1762628,  -449,     1,    94,  -354,     1,   -53,     0,   -53,0,0,0,0,0,0,0,0,0,0,0,0,0,0,0,0,0,0,0,0,0,0,0,0,0,0,0,0,0,0,0,0
2118,  1763461,  -450,    -1,   104,  -347,     1,   -52,     0,   -51,0,0,0,0,0,0,0,0,0,0,0,0,0,0,0,0,0,0,0,0,0,0,0,0,0,0,0,0,0,0,0,0
2119,  1764294,  -446,     1,   108,  -336,     2,   -53,     0,   -51,0,0,0,0,0,0,0,0,0,0,0,0,0,0,0,0,0,0,0,0,0,0,0,0,0,0,0,0,0,0,0,0
2120,  1765127,  -446,     1,   114,  -331,    -2,   -53,    -1,   -55,0,0,0,0,0,0,0,0,0,0,0,0,0,0,0,0,0,0,0,0,0,0,0,0,0,0,0,0,0,0,0,0
2121,  1765960,  -446,     2,   123,  -321,    -1,   -54,    -1,   -56,0,0,0,0,0,0,0,0,0,0,0,0,0,0,0,0,0,0,0,0,0,0,0,0,0,0,0,0,0,0,0,0
2122,  1766793,  -444,     0,   126,  -318,    -1,   -53,     0,   -54,0,0,0,0,0,0,0,0,0,0,0,0,0,0,0,0,0,0,0,0,0,0,0,0,0,0,0,0,0,0,0,0
2123,  1767626,  -444,     2,   134,  -308,     0,   -53,    -2,   -55,0,0,0,0,0,0,0,0,0,0,0,0,0,0,0,0,0,0,0,0,0,0,0,0,0,0,0,0,0,0,0,0
2124,  1768459,  -442,     1,   142,  -299,     0,   -52,     1,   -51,0,0,0,0,0,0,0,0,0,0,0,0,0,0,0,0,0,0,0,0,0,0,0,0,0,0,0,0,0,0,0,0
2125,  1769292,  -440,     0,   148,  -292,    -3,   -53,     2,   -54,0,0,0,0,0,0,0,0,0,0,0,0,0,0,0,0,0,0,0,0,0,0,0,0,0,0,0,0,0,0,0,0
2126,  1770125,  -441,     1,   152,  -288,     1,   -54,    -1,   -54,0,0,0,0,0,0,0,0,0,0,0,0,0,0,0,0,0,0,0,0,0,0,0,0,0,0,0,0,0,0,0,0
2127,  1770958,  -441,     3,   158,  -280,     1,   -52,     0,   -52,0,0,0,0,0,0,0,0,0,0,0,0,0,0,0,0,0,0,0,0,0,0,0,0,0,0,0,0,0,0,0,0
2128,  1771791,  -441,     2,   165,  -274,     0,   -53,     0,   -53,0,0,0,0,0,0,0,0,0,0,0,0,0,0,0,0,0,0,0,0,0,0,0,0,0,0,0,0,0,0,0,0
2129,  1772624,  -439,     0,   172,  -267,    -1,   -53,     0,   -54,0,0,0,0,0,0,0,0,0,0,0,0,0,0,0,0,0,0,0,0,0,0,0,0,0,0,0,0,0,0,0,0
2130,  1773457,  -438,     2,   176,  -260,    -1,   -53,     0,   -54,0,0,0,0,0,0,0,0,0,0,0,0,0,0,0,0,0,0,0,0,0,0,0,0,0,0,0,0,0,0,0,0
2131,  1774290,  -437,     2,   182,  -253,     2,   -51,     1,   -49,0,0,0,0,0,0,0,0,0,0,0,0,0,0,0,0,0,0,0,0,0,0,0,0,0,0,0,0,0,0,0,0
2132,  1775123,  -435,     0,   187,  -248,     0,   -53,    -1,   -54,0,0,0,0,0,0,0,0,0,0,0,0,0,0,0,0,0,0,0,0,0,0,0,0,0,0,0,0,0,0,0,0
2133,  1775956,  -436,     2,   192,  -242,    -1,   -50,    -1,   -52,0,0,0,0,0,0,0,0,0,0,0,0,0,0,0,0,0,0,0,0,0,0,0,0,0,0,0,0,0,0,0,0
2134,  1776789,  -435,     2,   198,  -235,    -1,   -53,     0,   -54,0,0,0,0,0,0,0,0,0,0,0,0,0,0,0,0,0,0,0,0,0,0,0,0,0,0,0,0,0,0,0,0
2135,  1777622,  -433,     1,   202,  -230,     0,   -51,     0,   -51,0,0,0,0,0,0,0,0,0,0,0,0,0,0,0,0,0,0,0,0,0,0,0,0,0,0,0,0,0,0,0,0
2136,  1778455,  -433,     1,   208,  -223,     1,   -52,     0,   -51,0,0,0,0,0,0,0,0,0,0,0,0,0,0,0,0,0,0,0,0,0,0,0,0,0,0,0,0,0,0,0,0
2137,  1779288,  -433,     0,   215,  -218,    -1,   -52,     2,   -51,0,0,0,0,0,0,0,0,0,0,0,0,0,0,0,0,0,0,0,0,0,0,0,0,0,0,0,0,0,0,0,0
2138,  1780121,  -431,     2,   220,  -209,     1,   -53,     1,   -52,0,0,0,0,0,0,0,0,0,0,0,0,0,0,0,0,0,0,0,0,0,0,0,0,0,0,0,0,0,0,0,0
2139,  1780954,  -430,     0,   225,  -205,     1,   -52,     0,   -52,0,0,0,0,0,0,0,0,0,0,0,0,0,0,0,0,0,0,0,0,0,0,0,0,0,0,0,0,0,0,0,0
2140,  1781787,  -430,     1,   230,  -199,     1,   -53,    -1,   -53,0,0,0,0,0,0,0,0,0,0,0,0,0,0,0,0,0,0,0,0,0,0,0,0,0,0,0,0,0,0,0,0
2141,  1782620,  -430,     1,   235,  -194,     1,   -51,    -1,   -51,0,0,0,0,0,0,0,0,0,0,0,0,0,0,0,0,0,0,0,0,0,0,0,0,0,0,0,0,0,0,0,0
2142,  1783453,  -428,    -1,   241,  -188,     0,   -52,     0,   -52,0,0,0,0,0,0,0,0,0,0,0,0,0,0,0,0,0,0,0,0,0,0,0,0,0,0,0,0,0,0,0,0
2143,  1784286,  -428,     1,   245,  -182,     0,   -54,     0,   -55,0,0,0,0,0,0,0,0,0,0,0,0,0,0,0,0,0,0,0,0,0,0,0,0,0,0,0,0,0,0,0,0
2144,  1785119,  -427,     2,   250,  -175,    -1,   -53,    -1,   -54,0,0,0,0,0,0,0,0,0,0,0,0,0,0,0,0,0,0,0,0,0,0,0,0,0,0,0,0,0,0,0,0
2145,  1785952,  -425,     1,   254,  -170,     1,   -51,     0,   -51,0,0,0,0,0,0,0,0,0,0,0,0,0,0,0,0,0,0,0,0,0,0,0,0,0,0,0,0,0,0,0,0
2146,  1786785,  -424,     1,   261,  -162,     1,   -53,    -1,   -53,0,0,0,0,0,0,0,0,0,0,0,0,0,0,0,0,0,0,0,0,0,0,0,0,0,0,0,0,0,0,0,0
2147,  1787618,  -422,     0,   264,  -158,    -2,   -52,     0,   -54,0,0,0,0,0,0,0,0,0,0,0,0,0,0,0,0,0,0,0,0,0,0,0,0,0,0,0,0,0,0,0,0
2148,  1788451,  -423,     1,   265,  -157,     0,   -52,    -1,   -53,0,0,0,0,0,0,0,0,0,0,0,0,0,0,0,0,0,0,0,0,0,0,0,0,0,0,0,0,0,0,0,0
2149,  1789284,  -423,     1,   270,  -152,     0,   -51,    -1,   -52,0,0,0,0,0,0,0,0,0,0,0,0,0,0,0,0,0,0,0,0,0,0,0,0,0,0,0,0,0,0,0,0
2150,  1790117,  -421,     0,   274,  -147,     0,   -51,     0,   -51,0,0,0,0,0,0,0,0,0,0,0,0,0,0,0,0,0,0,0,0,0,0,0,0,0,0,0,0,0,0,0,0
2151,  1790950,  -421,     3,   278,  -140,     1,   -51,    -2,   -52,0,0,0,0,0,0,0,0,0,0,0,0,0,0,0,0,0,0,0,0,0,0,0,0,0,0,0,0,0,0,0,0
2152,  1791783,  -419,     2,   283,  -134,     0,   -52,    -1,   -52,0,0,0,0,0,0,0,0,0,0,0,0,0,0,0,0,0,0,0,0,0,0,0,0,0,0,0,0,0,0,0,0
2153,  1792616,  -419,     1,   286,  -132,    -1,   -52,     1,   -52,0,0,0,0,0,0,0,0,0,0,0,0,0,0,0,0,0,0,0,0,0,0,0,0,0,0,0,0,0,0,0,0
2154,  1793449,  -419,     1,   290,  -128,     0,   -52,    -1,   -52,0,0,0,0,0,0,0,0,0,0,0,0,0,0,0,0,0,0,0,0,0,0,0,0,0,0,0,0,0,0,0,0
2155,  1794282,  -417,     1,   295,  -121,     1,   -51,     0,   -50,0,0,0,0,0,0,0,0,0,0,0,0,0,0,0,0,0,0,0,0,0,0,0,0,0,0,0,0,0,0,0,0
2156,  1795115,  -416,     1,   298,  -117,    -1,   -53,     1,   -53,0,0,0,0,0,0,0,0,0,0,0,0,0,0,0,0,0,0,0,0,0,0,0,0,0,0,0,0,0,0,0,0
2157,  1795948,  -416,     1,   300,  -115,    -1,   -52,    -1,   -54,0,0,0,0,0,0,0,0,0,0,0,0,0,0,0,0,0,0,0,0,0,0,0,0,0,0,0,0,0,0,0,0
2158,  1796781,  -419,     3,   304,  -112,     0,   -52,     0,   -52,0,0,0,0,0,0,0,0,0,0,0,0,0,0,0,0,0,0,0,0,0,0,0,0,0,0,0,0,0,0,0,0
2159,  1797614,  -415,     1,   307,  -107,     1,   -53,    -1,   -53,0,0,0,0,0,0,0,0,0,0,0,0,0,0,0,0,0,0,0,0,0,0,0,0,0,0,0,0,0,0,0,0
2160,  1798447,  -414,     3,   310,  -101,     0,   -52,     0,   -52,0,0,0,0,0,0,0,0,0,0,0,0,0,0,0,0,0,0,0,0,0,0,0,0,0,0,0,0,0,0,0,0
2161,  1799280,  -412,     1,   316,   -95,     2,   -51,     0,   -49,0,0,0,0,0,0,0,0,0,0,0,0,0,0,0,0,0,0,0,0,0,0,0,0,0,0,0,0,0,0,0,0
2162,  1800113,  -412,     0,   319,   -93,     1,   -50,     1,   -48,0,0,0,0,0,0,0,0,0,0,0,0,0,0,0,0,0,0,0,0,0,0,0,0,0,0,0,0,0,0,0,0
2163,  1800946,  -410,     0,   320,   -90,    -2,   -52,    -1,   -54,0,0,0,0,0,0,0,0,0,0,0,0,0,0,0,0,0,0,0,0,0,0,0,0,0,0,0,0,0,0,0,0
2164,  1801779,  -410,     1,   324,   -85,     1,   -50,     0,   -49,0,0,0,0,0,0,0,0,0,0,0,0,0,0,0,0,0,0,0,0,0,0,0,0,0,0,0,0,0,0,0,0
2165,  1802612,  -409,     1,   327,   -81,    -1,   -52,     0,   -52,0,0,0,0,0,0,0,0,0,0,0,0,0,0,0,0,0,0,0,0,0,0,0,0,0,0,0,0,0,0,0,0
2166,  1803445,  -410,     1,   331,   -78,     0,   -52,     0,   -52,0,0,0,0,0,0,0,0,0,0,0,0,0,0,0,0,0,0,0,0,0,0,0,0,0,0,0,0,0,0,0,0
2167,  1804278,  -408,     3,   333,   -72,     1,   -52,     0,   -50,0,0,0,0,0,0,0,0,0,0,0,0,0,0,0,0,0,0,0,0,0,0,0,0,0,0,0,0,0,0,0,0
2168,  1805111,  -406,     1,   335,   -70,    -2,   -50,     1,   -51,0,0,0,0,0,0,0,0,0,0,0,0,0,0,0,0,0,0,0,0,0,0,0,0,0,0,0,0,0,0,0,0
2169,  1805944,  -405,     0,   338,   -67,    -1,   -53,     1,   -52,0,0,0,0,0,0,0,0,0,0,0,0,0,0,0,0,0,0,0,0,0,0,0,0,0,0,0,0,0,0,0,0
2170,  1806777,  -405,     2,   342,   -61,    -1,   -52,    -1,   -54,0,0,0,0,0,0,0,0,0,0,0,0,0,0,0,0,0,0,0,0,0,0,0,0,0,0,0,0,0,0,0,0
2171,  1807610,  -404,     2,   345,   -57,     0,   -51,    -1,   -52,0,0,0,0,0,0,0,0,0,0,0,0,0,0,0,0,0,0,0,0,0,0,0,0,0,0,0,0,0,0,0,0
2172,  1808443,  -400,     1,   346,   -53,     1,   -52,     0,   -51,0,0,0,0,0,0,0,0,0,0,0,0,0,0,0,0,0,0,0,0,0,0,0,0,0,0,0,0,0,0,0,0
2173,  1809276,  -400,     3,   348,   -49,     2,   -51,    -1,   -50,0,0,0,0,0,0,0,0,0,0,0,0,0,0,0,0,0,0,0,0,0,0,0,0,0,0,0,0,0,0,0,0
2174,  1810109,  -401,     2,   351,   -48,    -1,   -51,     0,   -53,0,0,0,0,0,0,0,0,0,0,0,0,0,0,0,0,0,0,0,0,0,0,0,0,0,0,0,0,0,0,0,0
2175,  1810942,  -399,     2,   353,   -44,     1,   -51,    -1,   -52,0,0,0,0,0,0,0,0,0,0,0,0,0,0,0,0,0,0,0,0,0,0,0,0,0,0,0,0,0,0,0,0
2176,  1811775,  -400,     0,   353,   -47,     2,   -50,     1,   -48,0,0,0,0,0,0,0,0,0,0,0,0,0,0,0,0,0,0,0,0,0,0,0,0,0,0,0,0,0,0,0,0
2177,  1812608,  -398,     1,   356,   -41,     0,   -52,    -1,   -53,0,0,0,0,0,0,0,0,0,0,0,0,0,0,0,0,0,0,0,0,0,0,0,0,0,0,0,0,0,0,0,0
2178,  1813441,  -396,     1,   357,   -38,    -2,   -51,     0,   -53,0,0,0,0,0,0,0,0,0,0,0,0,0,0,0,0,0,0,0,0,0,0,0,0,0,0,0,0,0,0,0,0
2179,  1814274,  -396,     1,   360,   -34,    -1,   -51,     1,   -51,0,0,0,0,0,0,0,0,0,0,0,0,0,0,0,0,0,0,0,0,0,0,0,0,0,0,0,0,0,0,0,0
2180,  1815107,  -395,     2,   362,   -31,     0,   -52,    -1,   -53,0,0,0,0,0,0,0,0,0,0,0,0,0,0,0,0,0,0,0,0,0,0,0,0,0,0,0,0,0,0,0,0
2181,  1815940,  -393,    -1,   364,   -30,     0,   -51,     0,   -51,0,0,0,0,0,0,0,0,0,0,0,0,0,0,0,0,0,0,0,0,0,0,0,0,0,0,0,0,0,0,0,0
2182,  1816773,  -392,     2,   366,   -24,    -1,   -52,     0,   -52,0,0,0,0,0,0,0,0,0,0,0,0,0,0,0,0,0,0,0,0,0,0,0,0,0,0,0,0,0,0,0,0
2183,  1817606,  -390,     2,   366,   -22,     1,   -50,    -1,   -50,0,0,0,0,0,0,0,0,0,0,0,0,0,0,0,0,0,0,0,0,0,0,0,0,0,0,0,0,0,0,0,0
2184,  1818439,  -390,     0,   370,   -20,     2,   -52,     0,   -50,0,0,0,0,0,0,0,0,0,0,0,0,0,0,0,0,0,0,0,0,0,0,0,0,0,0,0,0,0,0,0,0
2185,  1819272,  -388,     1,   370,   -17,    -1,   -49,     0,   -50,0,0,0,0,0,0,0,0,0,0,0,0,0,0,0,0,0,0,0,0,0,0,0,0,0,0,0,0,0,0,0,0
2186,  1820105,  -390,     0,   372,   -18,    -1,   -51,     0,   -52,0,0,0,0,0,0,0,0,0,0,0,0,0,0,0,0,0,0,0,0,0,0,0,0,0,0,0,0,0,0,0,0
2187,  1820938,  -387,     1,   373,   -13,     2,   -51,    -1,   -50,0,0,0,0,0,0,0,0,0,0,0,0,0,0,0,0,0,0,0,0,0,0,0,0,0,0,0,0,0,0,0,0
2188,  1821771,  -387,     2,   375,   -10,     0,   -52,    -1,   -53,0,0,0,0,0,0,0,0,0,0,0,0,0,0,0,0,0,0,0,0,0,0,0,0,0,0,0,0,0,0,0,0
2189,  1822604,  -384,     1,   376,    -7,     1,   -51,     0,   -49,0,0,0,0,0,0,0,0,0,0,0,0,0,0,0,0,0,0,0,0,0,0,0,0,0,0,0,0,0,0,0,0
2190,  1823437,  -385,     1,   376,    -8,     0,   -51,    -2,   -53,0,0,0,0,0,0,0,0,0,0,0,0,0,0,0,0,0,0,0,0,0,0,0,0,0,0,0,0,0,0,0,0
2191,  1824270,  -383,     2,   379,    -2,     1,   -52,    -1,   -52,0,0,0,0,0,0,0,0,0,0,0,0,0,0,0,0,0,0,0,0,0,0,0,0,0,0,0,0,0,0,0,0
2192,  1825103,  -381,     1,   380,     0,    -1,   -51,     0,   -52,0,0,0,0,0,0,0,0,0,0,0,0,0,0,0,0,0,0,0,0,0,0,0,0,0,0,0,0,0,0,0,0
2193,  1825936,  -380,     1,   380,     1,     0,   -51,    -1,   -52,0,0,0,0,0,0,0,0,0,0,0,0,0,0,0,0,0,0,0,0,0,0,0,0,0,0,0,0,0,0,0,0
2194,  1826769,  -376,     1,   381,     6,     0,   -50,     1,   -49,0,0,0,0,0,0,0,0,0,0,0,0,0,0,0,0,0,0,0,0,0,0,0,0,0,0,0,0,0,0,0,0
2195,  1827602,  -376,     1,   382,     7,     0,   -51,     0,   -52,0,0,0,0,0,0,0,0,0,0,0,0,0,0,0,0,0,0,0,0,0,0,0,0,0,0,0,0,0,0,0,0
2196,  1828435,  -375,     1,   384,    10,     0,   -51,    -1,   -52,0,0,0,0,0,0,0,0,0,0,0,0,0,0,0,0,0,0,0,0,0,0,0,0,0,0,0,0,0,0,0,0
2197,  1829268,  -372,     0,   383,    12,     0,   -50,    -1,   -51,0,0,0,0,0,0,0,0,0,0,0,0,0,0,0,0,0,0,0,0,0,0,0,0,0,0,0,0,0,0,0,0
2198,  1830101,  -372,     0,   385,    13,     0,   -52,     0,   -52,0,0,0,0,0,0,0,0,0,0,0,0,0,0,0,0,0,0,0,0,0,0,0,0,0,0,0,0,0,0,0,0
2199,  1830934,  -368,     0,   386,    19,     0,   -51,    -1,   -51,0,0,0,0,0,0,0,0,0,0,0,0,0,0,0,0,0,0,0,0,0,0,0,0,0,0,0,0,0,0,0,0
2200,  1831767,  -370,     2,   386,    18,     0,   -49,     0,   -49,0,0,0,0,0,0,0,0,0,0,0,0,0,0,0,0,0,0,0,0,0,0,0,0,0,0,0,0,0,0,0,0
2201,  1832600,  -368,     1,   385,    18,     0,   -50,    -1,   -52,0,0,0,0,0,0,0,0,0,0,0,0,0,0,0,0,0,0,0,0,0,0,0,0,0,0,0,0,0,0,0,0
2202,  1833433,  -366,     0,   386,    20,    -2,   -51,     0,   -52,0,0,0,0,0,0,0,0,0,0,0,0,0,0,0,0,0,0,0,0,0,0,0,0,0,0,0,0,0,0,0,0
2203,  1834266,  -361,     2,   387,    28,     0,   -49,     0,   -50,0,0,0,0,0,0,0,0,0,0,0,0,0,0,0,0,0,0,0,0,0,0,0,0,0,0,0,0,0,0,0,0
2204,  1835099,  -361,     1,   389,    29,    -2,   -51,     0,   -53,0,0,0,0,0,0,0,0,0,0,0,0,0,0,0,0,0,0,0,0,0,0,0,0,0,0,0,0,0,0,0,0
2205,  1835932,  -359,     2,   389,    32,     0,   -50,     0,   -50,0,0,0,0,0,0,0,0,0,0,0,0,0,0,0,0,0,0,0,0,0,0,0,0,0,0,0,0,0,0,0,0
2206,  1836765,  -357,     2,   388,    33,     0,   -50,    -2,   -52,0,0,0,0,0,0,0,0,0,0,0,0,0,0,0,0,0,0,0,0,0,0,0,0,0,0,0,0,0,0,0,0
2207,  1837598,  -354,     4,   390,    40,     0,   -49,     0,   -50,0,0,0,0,0,0,0,0,0,0,0,0,0,0,0,0,0,0,0,0,0,0,0,0,0,0,0,0,0,0,0,0
2208,  1838431,  -353,     2,   387,    36,     0,   -51,    -1,   -52,0,0,0,0,0,0,0,0,0,0,0,0,0,0,0,0,0,0,0,0,0,0,0,0,0,0,0,0,0,0,0,0
2209,  1839264,  -349,     2,   388,    41,     1,   -48,    -1,   -49,0,0,0,0,0,0,0,0,0,0,0,0,0,0,0,0,0,0,0,0,0,0,0,0,0,0,0,0,0,0,0,0
2210,  1840097,  -349,     2,   391,    44,     2,   -50,    -1,   -48,0,0,0,0,0,0,0,0,0,0,0,0,0,0,0,0,0,0,0,0,0,0,0,0,0,0,0,0,0,0,0,0
2211,  1840930,  -345,     2,   390,    47,     1,   -50,    -1,   -50,0,0,0,0,0,0,0,0,0,0,0,0,0,0,0,0,0,0,0,0,0,0,0,0,0,0,0,0,0,0,0,0
2212,  1841763,  -341,     1,   389,    49,     0,   -50,     0,   -51,0,0,0,0,0,0,0,0,0,0,0,0,0,0,0,0,0,0,0,0,0,0,0,0,0,0,0,0,0,0,0,0
2213,  1842596,  -340,     2,   390,    53,     0,   -51,     1,   -50,0,0,0,0,0,0,0,0,0,0,0,0,0,0,0,0,0,0,0,0,0,0,0,0,0,0,0,0,0,0,0,0
2214,  1843429,  -337,     1,   389,    53,    -1,   -51,     0,   -51,0,0,0,0,0,0,0,0,0,0,0,0,0,0,0,0,0,0,0,0,0,0,0,0,0,0,0,0,0,0,0,0
2215,  1844262,  -333,     1,   389,    57,     1,   -51,     0,   -49,0,0,0,0,0,0,0,0,0,0,0,0,0,0,0,0,0,0,0,0,0,0,0,0,0,0,0,0,0,0,0,0
2216,  1845095,  -331,     2,   389,    60,     1,   -49,    -1,   -49,0,0,0,0,0,0,0,0,0,0,0,0,0,0,0,0,0,0,0,0,0,0,0,0,0,0,0,0,0,0,0,0
2217,  1845928,  -328,     2,   389,    63,    -1,   -51,     0,   -52,0,0,0,0,0,0,0,0,0,0,0,0,0,0,0,0,0,0,0,0,0,0,0,0,0,0,0,0,0,0,0,0
2218,  1846761,  -324,    -1,   390,    65,    -1,   -49,    -1,   -51,0,0,0,0,0,0,0,0,0,0,0,0,0,0,0,0,0,0,0,0,0,0,0,0,0,0,0,0,0,0,0,0
2219,  1847594,  -322,     3,   389,    70,    -1,   -51,    -2,   -53,0,0,0,0,0,0,0,0,0,0,0,0,0,0,0,0,0,0,0,0,0,0,0,0,0,0,0,0,0,0,0,0
2220,  1848427,  -319,     1,   390,    72,     0,   -50,     1,   -50,0,0,0,0,0,0,0,0,0,0,0,0,0,0,0,0,0,0,0,0,0,0,0,0,0,0,0,0,0,0,0,0
2221,  1849260,  -315,     3,   389,    77,     0,   -49,     0,   -49,0,0,0,0,0,0,0,0,0,0,0,0,0,0,0,0,0,0,0,0,0,0,0,0,0,0,0,0,0,0,0,0
2222,  1850093,  -313,     1,   388,    76,     1,   -51,     1,   -49,0,0,0,0,0,0,0,0,0,0,0,0,0,0,0,0,0,0,0,0,0,0,0,0,0,0,0,0,0,0,0,0
2223,  1850926,  -308,     2,   388,    82,    -2,   -49,     0,   -50,0,0,0,0,0,0,0,0,0,0,0,0,0,0,0,0,0,0,0,0,0,0,0,0,0,0,0,0,0,0,0,0
2224,  1851759,  -306,     1,   386,    81,     1,   -50,    -1,   -50,0,0,0,0,0,0,0,0,0,0,0,0,0,0,0,0,0,0,0,0,0,0,0,0,0,0,0,0,0,0,0,0
2225,  1852592,  -302,    -2,   389,    85,    -1,   -50,     1,   -50,0,0,0,0,0,0,0,0,0,0,0,0,0,0,0,0,0,0,0,0,0,0,0,0,0,0,0,0,0,0,0,0
2226,  1853425,  -294,     2,   386,    94,     0,   -49,     0,   -49,0,0,0,0,0,0,0,0,0,0,0,0,0,0,0,0,0,0,0,0,0,0,0,0,0,0,0,0,0,0,0,0
2227,  1854258,  -292,     2,   386,    96,     0,   -50,     0,   -51,0,0,0,0,0,0,0,0,0,0,0,0,0,0,0,0,0,0,0,0,0,0,0,0,0,0,0,0,0,0,0,0
2228,  1855091,  -289,     0,   385,    96,     1,   -50,     1,   -48,0,0,0,0,0,0,0,0,0,0,0,0,0,0,0,0,0,0,0,0,0,0,0,0,0,0,0,0,0,0,0,0
2229,  1855924,  -284,     1,   387,   104,     0,   -49,     0,   -50,0,0,0,0,0,0,0,0,0,0,0,0,0,0,0,0,0,0,0,0,0,0,0,0,0,0,0,0,0,0,0,0
2230,  1856757,  -281,     1,   386,   106,     0,   -50,     0,   -50,0,0,0,0,0,0,0,0,0,0,0,0,0,0,0,0,0,0,0,0,0,0,0,0,0,0,0,0,0,0,0,0
2231,  1857590,  -276,     2,   384,   111,     1,   -49,    -1,   -49,0,0,0,0,0,0,0,0,0,0,0,0,0,0,0,0,0,0,0,0,0,0,0,0,0,0,0,0,0,0,0,0
2232,  1858423,  -272,    -1,   383,   111,    -1,   -50,     0,   -50,0,0,0,0,0,0,0,0,0,0,0,0,0,0,0,0,0,0,0,0,0,0,0,0,0,0,0,0,0,0,0,0
2233,  1859256,  -266,     1,   384,   119,    -1,   -51,     0,   -51,0,0,0,0,0,0,0,0,0,0,0,0,0,0,0,0,0,0,0,0,0,0,0,0,0,0,0,0,0,0,0,0
2234,  1860089,  -262,     1,   383,   122,     1,   -49,    -2,   -50,0,0,0,0,0,0,0,0,0,0,0,0,0,0,0,0,0,0,0,0,0,0,0,0,0,0,0,0,0,0,0,0
2235,  1860922,  -259,     2,   383,   126,     1,   -51,     0,   -50,0,0,0,0,0,0,0,0,0,0,0,0,0,0,0,0,0,0,0,0,0,0,0,0,0,0,0,0,0,0,0,0
2236,  1861755,  -253,     0,   382,   129,    -1,   -50,     0,   -51,0,0,0,0,0,0,0,0,0,0,0,0,0,0,0,0,0,0,0,0,0,0,0,0,0,0,0,0,0,0,0,0
2237,  1862588,  -249,     3,   382,   136,     1,   -48,     0,   -47,0,0,0,0,0,0,0,0,0,0,0,0,0,0,0,0,0,0,0,0,0,0,0,0,0,0,0,0,0,0,0,0
2238,  1863421,  -244,     2,   380,   138,    -1,   -48,     0,   -49,0,0,0,0,0,0,0,0,0,0,0,0,0,0,0,0,0,0,0,0,0,0,0,0,0,0,0,0,0,0,0,0
2239,  1864254,  -242,     1,   380,   139,     1,   -49,     0,   -48,0,0,0,0,0,0,0,0,0,0,0,0,0,0,0,0,0,0,0,0,0,0,0,0,0,0,0,0,0,0,0,0
2240,  1865087,  -235,     1,   379,   146,     0,   -49,    -1,   -50,0,0,0,0,0,0,0,0,0,0,0,0,0,0,0,0,0,0,0,0,0,0,0,0,0,0,0,0,0,0,0,0
2241,  1865920,  -231,     2,   381,   152,     0,   -49,     1,   -48,0,0,0,0,0,0,0,0,0,0,0,0,0,0,0,0,0,0,0,0,0,0,0,0,0,0,0,0,0,0,0,0
2242,  1866753,  -226,     2,   378,   154,    -1,   -49,     0,   -50,0,0,0,0,0,0,0,0,0,0,0,0,0,0,0,0,0,0,0,0,0,0,0,0,0,0,0,0,0,0,0,0
2243,  1867586,  -222,     0,   379,   157,     2,   -48,    -1,   -47,0,0,0,0,0,0,0,0,0,0,0,0,0,0,0,0,0,0,0,0,0,0,0,0,0,0,0,0,0,0,0,0
2244,  1868419,  -215,     3,   377,   165,    -1,   -50,    -1,   -52,0,0,0,0,0,0,0,0,0,0,0,0,0,0,0,0,0,0,0,0,0,0,0,0,0,0,0,0,0,0,0,0
2245,  1869252,  -210,     2,   377,   169,     0,   -48,     0,   -48,0,0,0,0,0,0,0,0,0,0,0,0,0,0,0,0,0,0,0,0,0,0,0,0,0,0,0,0,0,0,0,0
2246,  1870085,  -204,     1,   376,   173,    -1,   -49,     0,   -50,0,0,0,0,0,0,0,0,0,0,0,0,0,0,0,0,0,0,0,0,0,0,0,0,0,0,0,0,0,0,0,0
2247,  1870918,  -198,     2,   375,   179,     1,   -50,    -1,   -50,0,0,0,0,0,0,0,0,0,0,0,0,0,0,0,0,0,0,0,0,0,0,0,0,0,0,0,0,0,0,0,0
2248,  1871751,  -194,     3,   374,   184,    -1,   -48,    -1,   -50,0,0,0,0,0,0,0,0,0,0,0,0,0,0,0,0,0,0,0,0,0,0,0,0,0,0,0,0,0,0,0,0
2249,  1872584,  -190,     1,   376,   187,     0,   -48,     0,   -48,0,0,0,0,0,0,0,0,0,0,0,0,0,0,0,0,0,0,0,0,0,0,0,0,0,0,0,0,0,0,0,0
2250,  1873417,  -182,     3,   374,   195,    -2,   -49,    -1,   -51,0,0,0,0,0,0,0,0,0,0,0,0,0,0,0,0,0,0,0,0,0,0,0,0,0,0,0,0,0,0,0,0
2251,  1874250,  -179,     2,   373,   196,    -1,   -49,     0,   -50,0,0,0,0,0,0,0,0,0,0,0,0,0,0,0,0,0,0,0,0,0,0,0,0,0,0,0,0,0,0,0,0
2252,  1875083,  -173,     0,   372,   200,     1,   -48,     0,   -47,0,0,0,0,0,0,0,0,0,0,0,0,0,0,0,0,0,0,0,0,0,0,0,0,0,0,0,0,0,0,0,0
2253,  1875916,  -167,     1,   374,   209,     1,   -49,    -1,   -49,0,0,0,0,0,0,0,0,0,0,0,0,0,0,0,0,0,0,0,0,0,0,0,0,0,0,0,0,0,0,0,0
2254,  1876749,  -160,     2,   370,   212,     1,   -49,     0,   -48,0,0,0,0,0,0,0,0,0,0,0,0,0,0,0,0,0,0,0,0,0,0,0,0,0,0,0,0,0,0,0,0
2255,  1877582,  -154,     2,   370,   219,     0,   -50,    -1,   -50,0,0,0,0,0,0,0,0,0,0,0,0,0,0,0,0,0,0,0,0,0,0,0,0,0,0,0,0,0,0,0,0
2256,  1878415,  -149,     1,   369,   222,    -1,   -48,     0,   -49,0,0,0,0,0,0,0,0,0,0,0,0,0,0,0,0,0,0,0,0,0,0,0,0,0,0,0,0,0,0,0,0
2257,  1879248,  -143,     2,   369,   228,    -1,   -48,     0,   -50,0,0,0,0,0,0,0,0,0,0,0,0,0,0,0,0,0,0,0,0,0,0,0,0,0,0,0,0,0,0,0,0
2258,  1880081,  -136,     1,   369,   234,     0,   -49,    -1,   -49,0,0,0,0,0,0,0,0,0,0,0,0,0,0,0,0,0,0,0,0,0,0,0,0,0,0,0,0,0,0,0,0
2259,  1880914,  -132,     1,   367,   236,     1,   -47,    -1,   -47,0,0,0,0,0,0,0,0,0,0,0,0,0,0,0,0,0,0,0,0,0,0,0,0,0,0,0,0,0,0,0,0
2260,  1881747,  -126,     3,   366,   243,     1,   -50,    -1,   -50,0,0,0,0,0,0,0,0,0,0,0,0,0,0,0,0,0,0,0,0,0,0,0,0,0,0,0,0,0,0,0,0
2261,  1882580,  -117,     2,   366,   251,     0,   -50,     0,   -50,0,0,0,0,0,0,0,0,0,0,0,0,0,0,0,0,0,0,0,0,0,0,0,0,0,0,0,0,0,0,0,0
2262,  1883413,  -113,     4,   368,   259,     1,   -47,    -1,   -47,0,0,0,0,0,0,0,0,0,0,0,0,0,0,0,0,0,0,0,0,0,0,0,0,0,0,0,0,0,0,0,0
2263,  1884246,  -105,     1,   366,   262,     1,   -50,     0,   -49,0,0,0,0,0,0,0,0,0,0,0,0,0,0,0,0,0,0,0,0,0,0,0,0,0,0,0,0,0,0,0,0
2264,  1885079,  -100,     1,   365,   266,     1,   -48,     0,   -47,0,0,0,0,0,0,0,0,0,0,0,0,0,0,0,0,0,0,0,0,0,0,0,0,0,0,0,0,0,0,0,0
2265,  1885912,   -94,     1,   365,   273,     0,   -47,     0,   -48,0,0,0,0,0,0,0,0,0,0,0,0,0,0,0,0,0,0,0,0,0,0,0,0,0,0,0,0,0,0,0,0
2266,  1886745,   -87,     0,   364,   278,     0,   -48,    -1,   -49,0,0,0,0,0,0,0,0,0,0,0,0,0,0,0,0,0,0,0,0,0,0,0,0,0,0,0,0,0,0,0,0
2267,  1887578,   -81,     0,   363,   283,    -1,   -50,    -1,   -51,0,0,0,0,0,0,0,0,0,0,0,0,0,0,0,0,0,0,0,0,0,0,0,0,0,0,0,0,0,0,0,0
2268,  1888411,   -75,     0,   363,   289,     0,   -49,     0,   -49,0,0,0,0,0,0,0,0,0,0,0,0,0,0,0,0,0,0,0,0,0,0,0,0,0,0,0,0,0,0,0,0
2269,  1889244,   -71,     1,   363,   294,     2,   -48,     0,   -47,0,0,0,0,0,0,0,0,0,0,0,0,0,0,0,0,0,0,0,0,0,0,0,0,0,0,0,0,0,0,0,0
2270,  1890077,   -63,     0,   361,   299,     1,   -48,     0,   -47,0,0,0,0,0,0,0,0,0,0,0,0,0,0,0,0,0,0,0,0,0,0,0,0,0,0,0,0,0,0,0,0
2271,  1890910,   -57,     2,   362,   307,    -1,   -48,     0,   -49,0,0,0,0,0,0,0,0,0,0,0,0,0,0,0,0,0,0,0,0,0,0,0,0,0,0,0,0,0,0,0,0
2272,  1891743,   -51,     0,   360,   310,    -1,   -49,    -1,   -50,0,0,0,0,0,0,0,0,0,0,0,0,0,0,0,0,0,0,0,0,0,0,0,0,0,0,0,0,0,0,0,0
2273,  1892576,   -43,     0,   359,   317,     0,   -49,    -1,   -50,0,0,0,0,0,0,0,0,0,0,0,0,0,0,0,0,0,0,0,0,0,0,0,0,0,0,0,0,0,0,0,0
2274,  1893409,   -36,     2,   359,   325,    -1,   -48,    -1,   -50,0,0,0,0,0,0,0,0,0,0,0,0,0,0,0,0,0,0,0,0,0,0,0,0,0,0,0,0,0,0,0,0
2275,  1894242,   -30,     0,   358,   329,    -1,   -50,    -1,   -52,0,0,0,0,0,0,0,0,0,0,0,0,0,0,0,0,0,0,0,0,0,0,0,0,0,0,0,0,0,0,0,0
2276,  1895075,   -23,     0,   359,   336,     0,   -48,    -1,   -49,0,0,0,0,0,0,0,0,0,0,0,0,0,0,0,0,0,0,0,0,0,0,0,0,0,0,0,0,0,0,0,0
2277,  1895908,   -17,     2,   355,   341,     0,   -49,     0,   -49,0,0,0,0,0,0,0,0,0,0,0,0,0,0,0,0,0,0,0,0,0,0,0,0,0,0,0,0,0,0,0,0
2278,  1896741,   -11,    -1,   355,   344,     0,   -47,     0,   -47,0,0,0,0,0,0,0,0,0,0,0,0,0,0,0,0,0,0,0,0,0,0,0,0,0,0,0,0,0,0,0,0
2279,  1897574,    -5,     1,   357,   353,    -1,   -47,     0,   -48,0,0,0,0,0,0,0,0,0,0,0,0,0,0,0,0,0,0,0,0,0,0,0,0,0,0,0,0,0,0,0,0
2280,  1898407,     1,     1,   354,   357,     0,   -49,     1,   -48,0,0,0,0,0,0,0,0,0,0,0,0,0,0,0,0,0,0,0,0,0,0,0,0,0,0,0,0,0,0,0,0
2281,  1899240,     8,     2,   353,   364,     0,   -48,    -1,   -48,0,0,0,0,0,0,0,0,0,0,0,0,0,0,0,0,0,0,0,0,0,0,0,0,0,0,0,0,0,0,0,0
2282,  1900073,    13,     2,   353,   368,     0,   -48,     0,   -48,0,0,0,0,0,0,0,0,0,0,0,0,0,0,0,0,0,0,0,0,0,0,0,0,0,0,0,0,0,0,0,0
2283,  1900906,    20,     0,   355,   375,     0,   -50,     0,   -50,0,0,0,0,0,0,0,0,0,0,0,0,0,0,0,0,0,0,0,0,0,0,0,0,0,0,0,0,0,0,0,0
2284,  1901739,    26,     2,   352,   381,    -1,   -46,     1,   -46,0,0,0,0,0,0,0,0,0,0,0,0,0,0,0,0,0,0,0,0,0,0,0,0,0,0,0,0,0,0,0,0
2285,  1902572,    31,     2,   352,   385,     0,   -48,     0,   -49,0,0,0,0,0,0,0,0,0,0,0,0,0,0,0,0,0,0,0,0,0,0,0,0,0,0,0,0,0,0,0,0
2286,  1903405,    37,     1,   349,   387,    -1,   -48,     0,   -49,0,0,0,0,0,0,0,0,0,0,0,0,0,0,0,0,0,0,0,0,0,0,0,0,0,0,0,0,0,0,0,0
2287,  1904238,    44,     2,   350,   396,    -2,   -46,    -1,   -49,0,0,0,0,0,0,0,0,0,0,0,0,0,0,0,0,0,0,0,0,0,0,0,0,0,0,0,0,0,0,0,0
2288,  1905071,    49,     1,   349,   399,    -2,   -48,     0,   -49,0,0,0,0,0,0,0,0,0,0,0,0,0,0,0,0,0,0,0,0,0,0,0,0,0,0,0,0,0,0,0,0
2289,  1905904,    55,     1,   349,   405,     0,   -47,     0,   -48,0,0,0,0,0,0,0,0,0,0,0,0,0,0,0,0,0,0,0,0,0,0,0,0,0,0,0,0,0,0,0,0
2290,  1906737,    61,     1,   347,   409,     2,   -46,    -1,   -46,0,0,0,0,0,0,0,0,0,0,0,0,0,0,0,0,0,0,0,0,0,0,0,0,0,0,0,0,0,0,0,0
2291,  1907570,    66,    -1,   347,   412,     1,   -46,    -2,   -47,0,0,0,0,0,0,0,0,0,0,0,0,0,0,0,0,0,0,0,0,0,0,0,0,0,0,0,0,0,0,0,0
2292,  1908403,    72,     2,   348,   421,    -1,   -49,     0,   -50,0,0,0,0,0,0,0,0,0,0,0,0,0,0,0,0,0,0,0,0,0,0,0,0,0,0,0,0,0,0,0,0
2293,  1909236,    78,     0,   347,   424,    -1,   -47,    -1,   -49,0,0,0,0,0,0,0,0,0,0,0,0,0,0,0,0,0,0,0,0,0,0,0,0,0,0,0,0,0,0,0,0
2294,  1910069,    83,     0,   345,   428,     0,   -48,    -1,   -49,0,0,0,0,0,0,0,0,0,0,0,0,0,0,0,0,0,0,0,0,0,0,0,0,0,0,0,0,0,0,0,0
2295,  1910902,    89,     1,   345,   435,     1,   -47,    -1,   -46,0,0,0,0,0,0,0,0,0,0,0,0,0,0,0,0,0,0,0,0,0,0,0,0,0,0,0,0,0,0,0,0
2296,  1911735,    95,    -1,   344,   438,     0,   -47,     0,   -48,0,0,0,0,0,0,0,0,0,0,0,0,0,0,0,0,0,0,0,0,0,0,0,0,0,0,0,0,0,0,0,0
2297,  1912568,   100,    -1,   343,   442,     0,   -48,     0,   -49,0,0,0,0,0,0,0,0,0,0,0,0,0,0,0,0,0,0,0,0,0,0,0,0,0,0,0,0,0,0,0,0
2298,  1913401,   106,     1,   344,   450,     0,   -48,    -1,   -49,0,0,0,0,0,0,0,0,0,0,0,0,0,0,0,0,0,0,0,0,0,0,0,0,0,0,0,0,0,0,0,0
2299,  1914234,   112,     2,   342,   456,     0,   -48,    -1,   -50,0,0,0,0,0,0,0,0,0,0,0,0,0,0,0,0,0,0,0,0,0,0,0,0,0,0,0,0,0,0,0,0
2300,  1915067,   117,     1,   342,   460,     0,   -47,     0,   -48,0,0,0,0,0,0,0,0,0,0,0,0,0,0,0,0,0,0,0,0,0,0,0,0,0,0,0,0,0,0,0,0
2301,  1915900,   123,     4,   342,   468,     0,   -48,     1,   -47,0,0,0,0,0,0,0,0,0,0,0,0,0,0,0,0,0,0,0,0,0,0,0,0,0,0,0,0,0,0,0,0
2302,  1916733,   128,     1,   340,   469,    -2,   -49,     0,   -51,0,0,0,0,0,0,0,0,0,0,0,0,0,0,0,0,0,0,0,0,0,0,0,0,0,0,0,0,0,0,0,0
2303,  1917566,   133,     2,   339,   474,    -1,   -45,     0,   -46,0,0,0,0,0,0,0,0,0,0,0,0,0,0,0,0,0,0,0,0,0,0,0,0,0,0,0,0,0,0,0,0
2304,  1918399,   137,     3,   338,   478,     1,   -48,     0,   -48,0,0,0,0,0,0,0,0,0,0,0,0,0,0,0,0,0,0,0,0,0,0,0,0,0,0,0,0,0,0,0,0
2305,  1919232,   142,     2,   338,   481,    -1,   -47,    -1,   -49,0,0,0,0,0,0,0,0,0,0,0,0,0,0,0,0,0,0,0,0,0,0,0,0,0,0,0,0,0,0,0,0
2306,  1920065,   150,     2,   337,   489,    -1,   -48,    -2,   -50,0,0,0,0,0,0,0,0,0,0,0,0,0,0,0,0,0,0,0,0,0,0,0,0,0,0,0,0,0,0,0,0
2307,  1920898,   153,     1,   338,   491,     0,   -48,     1,   -47,0,0,0,0,0,0,0,0,0,0,0,0,0,0,0,0,0,0,0,0,0,0,0,0,0,0,0,0,0,0,0,0
2308,  1921731,   157,     2,   336,   495,    -1,   -47,    -1,   -49,0,0,0,0,0,0,0,0,0,0,0,0,0,0,0,0,0,0,0,0,0,0,0,0,0,0,0,0,0,0,0,0
2309,  1922564,   163,     2,   336,   500,    -1,   -48,     1,   -47,0,0,0,0,0,0,0,0,0,0,0,0,0,0,0,0,0,0,0,0,0,0,0,0,0,0,0,0,0,0,0,0
2310,  1923397,   169,     1,   334,   503,     0,   -48,     1,   -47,0,0,0,0,0,0,0,0,0,0,0,0,0,0,0,0,0,0,0,0,0,0,0,0,0,0,0,0,0,0,0,0
2311,  1924230,   172,     2,   335,   509,    -1,   -47,    -2,   -49,0,0,0,0,0,0,0,0,0,0,0,0,0,0,0,0,0,0,0,0,0,0,0,0,0,0,0,0,0,0,0,0
2312,  1925063,   178,     2,   333,   513,     1,   -46,    -1,   -47,0,0,0,0,0,0,0,0,0,0,0,0,0,0,0,0,0,0,0,0,0,0,0,0,0,0,0,0,0,0,0,0
2313,  1925896,   184,     0,   335,   519,     0,   -46,    -1,   -47,0,0,0,0,0,0,0,0,0,0,0,0,0,0,0,0,0,0,0,0,0,0,0,0,0,0,0,0,0,0,0,0
2314,  1926729,   186,     2,   333,   521,     1,   -47,     0,   -46,0,0,0,0,0,0,0,0,0,0,0,0,0,0,0,0,0,0,0,0,0,0,0,0,0,0,0,0,0,0,0,0
2315,  1927562,   191,     1,   332,   524,     0,   -47,    -2,   -49,0,0,0,0,0,0,0,0,0,0,0,0,0,0,0,0,0,0,0,0,0,0,0,0,0,0,0,0,0,0,0,0
2316,  1928395,   197,     1,   333,   531,     0,   -48,    -1,   -50,0,0,0,0,0,0,0,0,0,0,0,0,0,0,0,0,0,0,0,0,0,0,0,0,0,0,0,0,0,0,0,0
2317,  1929228,   201,     3,   332,   536,     0,   -47,    -1,   -47,0,0,0,0,0,0,0,0,0,0,0,0,0,0,0,0,0,0,0,0,0,0,0,0,0,0,0,0,0,0,0,0
2318,  1930061,   205,     0,   330,   535,     0,   -47,     0,   -47,0,0,0,0,0,0,0,0,0,0,0,0,0,0,0,0,0,0,0,0,0,0,0,0,0,0,0,0,0,0,0,0
2319,  1930894,   209,     0,   329,   537,    -2,   -48,     0,   -49,0,0,0,0,0,0,0,0,0,0,0,0,0,0,0,0,0,0,0,0,0,0,0,0,0,0,0,0,0,0,0,0
2320,  1931727,   215,     1,   330,   546,     0,   -47,     1,   -46,0,0,0,0,0,0,0,0,0,0,0,0,0,0,0,0,0,0,0,0,0,0,0,0,0,0,0,0,0,0,0,0
2321,  1932560,   219,     0,   329,   548,     0,   -47,     0,   -47,0,0,0,0,0,0,0,0,0,0,0,0,0,0,0,0,0,0,0,0,0,0,0,0,0,0,0,0,0,0,0,0
2322,  1933393,   224,     0,   327,   551,     0,   -47,    -1,   -48,0,0,0,0,0,0,0,0,0,0,0,0,0,0,0,0,0,0,0,0,0,0,0,0,0,0,0,0,0,0,0,0
2323,  1934226,   227,     2,   327,   556,     1,   -45,     1,   -43,0,0,0,0,0,0,0,0,0,0,0,0,0,0,0,0,0,0,0,0,0,0,0,0,0,0,0,0,0,0,0,0
2324,  1935059,   230,     1,   329,   559,     1,   -46,    -1,   -46,0,0,0,0,0,0,0,0,0,0,0,0,0,0,0,0,0,0,0,0,0,0,0,0,0,0,0,0,0,0,0,0
2325,  1935892,   235,     2,   324,   561,     0,   -48,     0,   -48,0,0,0,0,0,0,0,0,0,0,0,0,0,0,0,0,0,0,0,0,0,0,0,0,0,0,0,0,0,0,0,0
2326,  1936725,   240,     1,   324,   565,     0,   -46,     0,   -47,0,0,0,0,0,0,0,0,0,0,0,0,0,0,0,0,0,0,0,0,0,0,0,0,0,0,0,0,0,0,0,0
2327,  1937558,   242,     2,   325,   569,     2,   -47,    -2,   -46,0,0,0,0,0,0,0,0,0,0,0,0,0,0,0,0,0,0,0,0,0,0,0,0,0,0,0,0,0,0,0,0
2328,  1938391,   248,     2,   324,   573,     1,   -46,     0,   -45,0,0,0,0,0,0,0,0,0,0,0,0,0,0,0,0,0,0,0,0,0,0,0,0,0,0,0,0,0,0,0,0
2329,  1939224,   249,     2,   323,   573,     1,   -46,    -1,   -45,0,0,0,0,0,0,0,0,0,0,0,0,0,0,0,0,0,0,0,0,0,0,0,0,0,0,0,0,0,0,0,0
2330,  1940057,   255,     1,   324,   579,     2,   -47,     0,   -45,0,0,0,0,0,0,0,0,0,0,0,0,0,0,0,0,0,0,0,0,0,0,0,0,0,0,0,0,0,0,0,0
2331,  1940890,   257,     1,   320,   578,    -2,   -47,     0,   -50,0,0,0,0,0,0,0,0,0,0,0,0,0,0,0,0,0,0,0,0,0,0,0,0,0,0,0,0,0,0,0,0
2332,  1941723,   261,     2,   320,   583,     0,   -47,    -1,   -48,0,0,0,0,0,0,0,0,0,0,0,0,0,0,0,0,0,0,0,0,0,0,0,0,0,0,0,0,0,0,0,0
2333,  1942556,   265,     2,   321,   588,     0,   -48,     1,   -48,0,0,0,0,0,0,0,0,0,0,0,0,0,0,0,0,0,0,0,0,0,0,0,0,0,0,0,0,0,0,0,0
2334,  1943389,   267,     1,   321,   589,     1,   -46,     0,   -46,0,0,0,0,0,0,0,0,0,0,0,0,0,0,0,0,0,0,0,0,0,0,0,0,0,0,0,0,0,0,0,0
2335,  1944222,   268,     1,   321,   589,    -1,   -48,     0,   -49,0,0,0,0,0,0,0,0,0,0,0,0,0,0,0,0,0,0,0,0,0,0,0,0,0,0,0,0,0,0,0,0
2336,  1945055,   271,     2,   319,   592,     0,   -47,    -2,   -49,0,0,0,0,0,0,0,0,0,0,0,0,0,0,0,0,0,0,0,0,0,0,0,0,0,0,0,0,0,0,0,0
2337,  1945888,   274,     2,   318,   594,     0,   -46,     1,   -45,0,0,0,0,0,0,0,0,0,0,0,0,0,0,0,0,0,0,0,0,0,0,0,0,0,0,0,0,0,0,0,0
2338,  1946721,   276,     2,   317,   594,    -1,   -46,    -1,   -48,0,0,0,0,0,0,0,0,0,0,0,0,0,0,0,0,0,0,0,0,0,0,0,0,0,0,0,0,0,0,0,0
2339,  1947554,   281,     0,   317,   598,     0,   -46,     0,   -46,0,0,0,0,0,0,0,0,0,0,0,0,0,0,0,0,0,0,0,0,0,0,0,0,0,0,0,0,0,0,0,0
2340,  1948387,   283,     1,   316,   600,     0,   -47,    -1,   -48,0,0,0,0,0,0,0,0,0,0,0,0,0,0,0,0,0,0,0,0,0,0,0,0,0,0,0,0,0,0,0,0
2341,  1949220,   284,     1,   315,   600,    -2,   -47,    -1,   -49,0,0,0,0,0,0,0,0,0,0,0,0,0,0,0,0,0,0,0,0,0,0,0,0,0,0,0,0,0,0,0,0
2342,  1950053,   289,     0,   316,   605,    -1,   -45,     0,   -45,0,0,0,0,0,0,0,0,0,0,0,0,0,0,0,0,0,0,0,0,0,0,0,0,0,0,0,0,0,0,0,0
2343,  1950886,   290,     2,   315,   606,     1,   -45,     0,   -44,0,0,0,0,0,0,0,0,0,0,0,0,0,0,0,0,0,0,0,0,0,0,0,0,0,0,0,0,0,0,0,0
2344,  1951719,   293,     1,   314,   607,    -1,   -44,    -1,   -46,0,0,0,0,0,0,0,0,0,0,0,0,0,0,0,0,0,0,0,0,0,0,0,0,0,0,0,0,0,0,0,0
2345,  1952552,   296,     2,   314,   612,     0,   -45,     0,   -46,0,0,0,0,0,0,0,0,0,0,0,0,0,0,0,0,0,0,0,0,0,0,0,0,0,0,0,0,0,0,0,0
2346,  1953385,   300,     1,   313,   614,    -1,   -45,     0,   -46,0,0,0,0,0,0,0,0,0,0,0,0,0,0,0,0,0,0,0,0,0,0,0,0,0,0,0,0,0,0,0,0
2347,  1954218,   300,     2,   312,   614,     0,   -46,     0,   -46,0,0,0,0,0,0,0,0,0,0,0,0,0,0,0,0,0,0,0,0,0,0,0,0,0,0,0,0,0,0,0,0
2348,  1955051,   304,     1,   312,   617,    -2,   -47,     1,   -48,0,0,0,0,0,0,0,0,0,0,0,0,0,0,0,0,0,0,0,0,0,0,0,0,0,0,0,0,0,0,0,0
2349,  1955884,   307,     1,   311,   619,     1,   -45,     0,   -44,0,0,0,0,0,0,0,0,0,0,0,0,0,0,0,0,0,0,0,0,0,0,0,0,0,0,0,0,0,0,0,0
2350,  1956717,   308,     1,   309,   618,     1,   -46,    -1,   -46,0,0,0,0,0,0,0,0,0,0,0,0,0,0,0,0,0,0,0,0,0,0,0,0,0,0,0,0,0,0,0,0
2351,  1957550,   308,     2,   309,   619,     0,   -45,     0,   -44,0,0,0,0,0,0,0,0,0,0,0,0,0,0,0,0,0,0,0,0,0,0,0,0,0,0,0,0,0,0,0,0
2352,  1958383,   313,     2,   310,   625,     0,   -47,     1,   -47,0,0,0,0,0,0,0,0,0,0,0,0,0,0,0,0,0,0,0,0,0,0,0,0,0,0,0,0,0,0,0,0
2353,  1959216,   315,     2,   308,   625,    -1,   -46,     0,   -46,0,0,0,0,0,0,0,0,0,0,0,0,0,0,0,0,0,0,0,0,0,0,0,0,0,0,0,0,0,0,0,0
2354,  1960049,   318,     1,   308,   627,     2,   -45,    -1,   -44,0,0,0,0,0,0,0,0,0,0,0,0,0,0,0,0,0,0,0,0,0,0,0,0,0,0,0,0,0,0,0,0
2355,  1960882,   318,    -1,   307,   624,    -1,   -46,     0,   -47,0,0,0,0,0,0,0,0,0,0,0,0,0,0,0,0,0,0,0,0,0,0,0,0,0,0,0,0,0,0,0,0
2356,  1961715,   321,     2,   306,   629,     0,   -46,     0,   -46,0,0,0,0,0,0,0,0,0,0,0,0,0,0,0,0,0,0,0,0,0,0,0,0,0,0,0,0,0,0,0,0
2357,  1962548,   322,     4,   305,   630,     0,   -46,     0,   -46,0,0,0,0,0,0,0,0,0,0,0,0,0,0,0,0,0,0,0,0,0,0,0,0,0,0,0,0,0,0,0,0
2358,  1963381,   322,     3,   306,   631,     2,   -45,    -1,   -45,0,0,0,0,0,0,0,0,0,0,0,0,0,0,0,0,0,0,0,0,0,0,0,0,0,0,0,0,0,0,0,0
2359,  1964214,   324,     0,   305,   629,     0,   -45,     0,   -45,0,0,0,0,0,0,0,0,0,0,0,0,0,0,0,0,0,0,0,0,0,0,0,0,0,0,0,0,0,0,0,0
2360,  1965047,   326,     2,   305,   633,    -1,   -46,    -2,   -49,0,0,0,0,0,0,0,0,0,0,0,0,0,0,0,0,0,0,0,0,0,0,0,0,0,0,0,0,0,0,0,0
2361,  1965880,   328,     1,   304,   633,     1,   -47,     2,   -44,0,0,0,0,0,0,0,0,0,0,0,0,0,0,0,0,0,0,0,0,0,0,0,0,0,0,0,0,0,0,0,0
2362,  1966713,   329,     0,   304,   632,    -2,   -45,     0,   -46,0,0,0,0,0,0,0,0,0,0,0,0,0,0,0,0,0,0,0,0,0,0,0,0,0,0,0,0,0,0,0,0
2363,  1967546,   331,     0,   301,   632,    -1,   -46,     0,   -47,0,0,0,0,0,0,0,0,0,0,0,0,0,0,0,0,0,0,0,0,0,0,0,0,0,0,0,0,0,0,0,0
2364,  1968379,   330,     2,   301,   633,    -1,   -45,    -1,   -47,0,0,0,0,0,0,0,0,0,0,0,0,0,0,0,0,0,0,0,0,0,0,0,0,0,0,0,0,0,0,0,0
2365,  1969212,   334,     0,   301,   635,     2,   -45,     0,   -43,0,0,0,0,0,0,0,0,0,0,0,0,0,0,0,0,0,0,0,0,0,0,0,0,0,0,0,0,0,0,0,0
2366,  1970045,   334,     1,   301,   636,     1,   -45,    -1,   -46,0,0,0,0,0,0,0,0,0,0,0,0,0,0,0,0,0,0,0,0,0,0,0,0,0,0,0,0,0,0,0,0
2367,  1970878,   335,     2,   299,   636,    -1,   -44,     0,   -45,0,0,0,0,0,0,0,0,0,0,0,0,0,0,0,0,0,0,0,0,0,0,0,0,0,0,0,0,0,0,0,0
2368,  1971711,   336,     1,   299,   636,     0,   -45,     0,   -45,0,0,0,0,0,0,0,0,0,0,0,0,0,0,0,0,0,0,0,0,0,0,0,0,0,0,0,0,0,0,0,0
2369,  1972544,   338,     1,   299,   638,    -1,   -45,    -2,   -49,0,0,0,0,0,0,0,0,0,0,0,0,0,0,0,0,0,0,0,0,0,0,0,0,0,0,0,0,0,0,0,0
2370,  1973377,   337,     1,   299,   637,     2,   -45,     0,   -44,0,0,0,0,0,0,0,0,0,0,0,0,0,0,0,0,0,0,0,0,0,0,0,0,0,0,0,0,0,0,0,0
2371,  1974210,   339,     1,   296,   636,     0,   -46,     1,   -46,0,0,0,0,0,0,0,0,0,0,0,0,0,0,0,0,0,0,0,0,0,0,0,0,0,0,0,0,0,0,0,0
2372,  1975043,   339,     2,   296,   637,     0,   -46,     0,   -47,0,0,0,0,0,0,0,0,0,0,0,0,0,0,0,0,0,0,0,0,0,0,0,0,0,0,0,0,0,0,0,0
2373,  1975876,   339,    -1,   297,   635,    -1,   -46,     0,   -46,0,0,0,0,0,0,0,0,0,0,0,0,0,0,0,0,0,0,0,0,0,0,0,0,0,0,0,0,0,0,0,0
2374,  1976709,   341,     2,   295,   637,    -1,   -44,    -1,   -46,0,0,0,0,0,0,0,0,0,0,0,0,0,0,0,0,0,0,0,0,0,0,0,0,0,0,0,0,0,0,0,0
2375,  1977542,   340,     2,   296,   638,     1,   -44,     0,   -43,0,0,0,0,0,0,0,0,0,0,0,0,0,0,0,0,0,0,0,0,0,0,0,0,0,0,0,0,0,0,0,0
2376,  1978375,   343,     2,   296,   641,     0,   -46,    -1,   -47,0,0,0,0,0,0,0,0,0,0,0,0,0,0,0,0,0,0,0,0,0,0,0,0,0,0,0,0,0,0,0,0
2377,  1979208,   343,     2,   295,   640,     0,   -45,     0,   -46,0,0,0,0,0,0,0,0,0,0,0,0,0,0,0,0,0,0,0,0,0,0,0,0,0,0,0,0,0,0,0,0
2378,  1980041,   343,     2,   294,   639,     0,   -45,     0,   -46,0,0,0,0,0,0,0,0,0,0,0,0,0,0,0,0,0,0,0,0,0,0,0,0,0,0,0,0,0,0,0,0
2379,  1980874,   344,     2,   293,   639,     0,   -47,     0,   -48,0,0,0,0,0,0,0,0,0,0,0,0,0,0,0,0,0,0,0,0,0,0,0,0,0,0,0,0,0,0,0,0
2380,  1981707,   343,     2,   293,   638,     1,   -44,     0,   -43,0,0,0,0,0,0,0,0,0,0,0,0,0,0,0,0,0,0,0,0,0,0,0,0,0,0,0,0,0,0,0,0
2381,  1982540,   344,     1,   291,   636,     0,   -45,    -1,   -47,0,0,0,0,0,0,0,0,0,0,0,0,0,0,0,0,0,0,0,0,0,0,0,0,0,0,0,0,0,0,0,0
2382,  1983373,   343,     2,   290,   635,    -1,   -45,    -1,   -46,0,0,0,0,0,0,0,0,0,0,0,0,0,0,0,0,0,0,0,0,0,0,0,0,0,0,0,0,0,0,0,0
2383,  1984206,   345,     2,   291,   637,     0,   -46,     0,   -45,0,0,0,0,0,0,0,0,0,0,0,0,0,0,0,0,0,0,0,0,0,0,0,0,0,0,0,0,0,0,0,0
2384,  1985039,   344,     2,   290,   636,     1,   -45,     0,   -45,0,0,0,0,0,0,0,0,0,0,0,0,0,0,0,0,0,0,0,0,0,0,0,0,0,0,0,0,0,0,0,0
2385,  1985872,   345,    -1,   290,   634,     1,   -45,     0,   -43,0,0,0,0,0,0,0,0,0,0,0,0,0,0,0,0,0,0,0,0,0,0,0,0,0,0,0,0,0,0,0,0
2386,  1986705,   343,     2,   289,   634,    -1,   -45,    -1,   -47,0,0,0,0,0,0,0,0,0,0,0,0,0,0,0,0,0,0,0,0,0,0,0,0,0,0,0,0,0,0,0,0
2387,  1987538,   344,     2,   288,   634,     1,   -43,     0,   -42,0,0,0,0,0,0,0,0,0,0,0,0,0,0,0,0,0,0,0,0,0,0,0,0,0,0,0,0,0,0,0,0
2388,  1988371,   345,     2,   291,   637,     0,   -44,    -1,   -45,0,0,0,0,0,0,0,0,0,0,0,0,0,0,0,0,0,0,0,0,0,0,0,0,0,0,0,0,0,0,0,0
2389,  1989204,   344,     2,   287,   633,     1,   -44,     1,   -42,0,0,0,0,0,0,0,0,0,0,0,0,0,0,0,0,0,0,0,0,0,0,0,0,0,0,0,0,0,0,0,0
2390,  1990037,   344,     2,   288,   633,     0,   -45,     0,   -45,0,0,0,0,0,0,0,0,0,0,0,0,0,0,0,0,0,0,0,0,0,0,0,0,0,0,0,0,0,0,0,0
2391,  1990870,   345,     3,   286,   634,     1,   -45,     1,   -44,0,0,0,0,0,0,0,0,0,0,0,0,0,0,0,0,0,0,0,0,0,0,0,0,0,0,0,0,0,0,0,0
2392,  1991703,   344,     2,   285,   631,     0,   -45,    -1,   -46,0,0,0,0,0,0,0,0,0,0,0,0,0,0,0,0,0,0,0,0,0,0,0,0,0,0,0,0,0,0,0,0
2393,  1992536,   345,     0,   285,   630,     0,   -45,     0,   -46,0,0,0,0,0,0,0,0,0,0,0,0,0,0,0,0,0,0,0,0,0,0,0,0,0,0,0,0,0,0,0,0
2394,  1993369,   344,     2,   284,   630,     0,   -46,    -1,   -47,0,0,0,0,0,0,0,0,0,0,0,0,0,0,0,0,0,0,0,0,0,0,0,0,0,0,0,0,0,0,0,0
2395,  1994202,   344,     1,   284,   629,     0,   -45,     0,   -45,0,0,0,0,0,0,0,0,0,0,0,0,0,0,0,0,0,0,0,0,0,0,0,0,0,0,0,0,0,0,0,0
2396,  1995035,   344,     2,   284,   630,     0,   -45,     0,   -44,0,0,0,0,0,0,0,0,0,0,0,0,0,0,0,0,0,0,0,0,0,0,0,0,0,0,0,0,0,0,0,0
2397,  1995868,   343,     3,   282,   628,     0,   -44,    -1,   -45,0,0,0,0,0,0,0,0,0,0,0,0,0,0,0,0,0,0,0,0,0,0,0,0,0,0,0,0,0,0,0,0
2398,  1996701,   344,     1,   281,   626,     0,   -46,     0,   -46,0,0,0,0,0,0,0,0,0,0,0,0,0,0,0,0,0,0,0,0,0,0,0,0,0,0,0,0,0,0,0,0
2399,  1997534,   344,     2,   283,   628,     1,   -43,    -2,   -45,0,0,0,0,0,0,0,0,0,0,0,0,0,0,0,0,0,0,0,0,0,0,0,0,0,0,0,0,0,0,0,0
2400,  1998367,   344,     1,   282,   626,     1,   -44,     0,   -43,0,0,0,0,0,0,0,0,0,0,0,0,0,0,0,0,0,0,0,0,0,0,0,0,0,0,0,0,0,0,0,0
2401,  1999200,   344,     1,   280,   624,     0,   -45,    -1,   -47,0,0,0,0,0,0,0,0,0,0,0,0,0,0,0,0,0,0,0,0,0,0,0,0,0,0,0,0,0,0,0,0
2402,  2000033,   342,     1,   279,   622,     1,   -44,     0,   -43,0,0,0,0,0,0,0,0,0,0,0,0,0,0,0,0,0,0,0,0,0,0,0,0,0,0,0,0,0,0,0,0
2403,  2000866,   342,     2,   278,   622,     1,   -45,    -1,   -46,0,0,0,0,0,0,0,0,0,0,0,0,0,0,0,0,0,0,0,0,0,0,0,0,0,0,0,0,0,0,0,0
2404,  2001699,   340,     2,   277,   618,     0,   -46,    -1,   -47,0,0,0,0,0,0,0,0,0,0,0,0,0,0,0,0,0,0,0,0,0,0,0,0,0,0,0,0,0,0,0,0
2405,  2002532,   338,     1,   279,   617,    -1,   -44,     1,   -44,0,0,0,0,0,0,0,0,0,0,0,0,0,0,0,0,0,0,0,0,0,0,0,0,0,0,0,0,0,0,0,0
2406,  2003365,   341,     1,   279,   621,     2,   -44,     0,   -42,0,0,0,0,0,0,0,0,0,0,0,0,0,0,0,0,0,0,0,0,0,0,0,0,0,0,0,0,0,0,0,0
2407,  2004198,   339,     0,   278,   617,     0,   -43,    -1,   -44,0,0,0,0,0,0,0,0,0,0,0,0,0,0,0,0,0,0,0,0,0,0,0,0,0,0,0,0,0,0,0,0
2408,  2005031,   340,     0,   277,   617,     0,   -44,     0,   -45,0,0,0,0,0,0,0,0,0,0,0,0,0,0,0,0,0,0,0,0,0,0,0,0,0,0,0,0,0,0,0,0
2409,  2005864,   340,     1,   277,   617,     0,   -46,    -1,   -48,0,0,0,0,0,0,0,0,0,0,0,0,0,0,0,0,0,0,0,0,0,0,0,0,0,0,0,0,0,0,0,0
2410,  2006697,   337,     1,   275,   613,     0,   -43,    -1,   -44,0,0,0,0,0,0,0,0,0,0,0,0,0,0,0,0,0,0,0,0,0,0,0,0,0,0,0,0,0,0,0,0
2411,  2007530,   338,     1,   277,   615,     1,   -44,     0,   -43,0,0,0,0,0,0,0,0,0,0,0,0,0,0,0,0,0,0,0,0,0,0,0,0,0,0,0,0,0,0,0,0
2412,  2008363,   338,     2,   275,   614,     0,   -45,    -1,   -45,0,0,0,0,0,0,0,0,0,0,0,0,0,0,0,0,0,0,0,0,0,0,0,0,0,0,0,0,0,0,0,0
2413,  2009196,   337,     3,   274,   613,     0,   -45,     0,   -45,0,0,0,0,0,0,0,0,0,0,0,0,0,0,0,0,0,0,0,0,0,0,0,0,0,0,0,0,0,0,0,0
2414,  2010029,   337,     1,   272,   610,     0,   -45,    -1,   -45,0,0,0,0,0,0,0,0,0,0,0,0,0,0,0,0,0,0,0,0,0,0,0,0,0,0,0,0,0,0,0,0
2415,  2010862,   336,     1,   273,   609,     1,   -45,     0,   -44,0,0,0,0,0,0,0,0,0,0,0,0,0,0,0,0,0,0,0,0,0,0,0,0,0,0,0,0,0,0,0,0
2416,  2011695,   335,     1,   271,   607,     0,   -44,     0,   -44,0,0,0,0,0,0,0,0,0,0,0,0,0,0,0,0,0,0,0,0,0,0,0,0,0,0,0,0,0,0,0,0
2417,  2012528,   335,     0,   271,   606,     0,   -44,    -1,   -46,0,0,0,0,0,0,0,0,0,0,0,0,0,0,0,0,0,0,0,0,0,0,0,0,0,0,0,0,0,0,0,0
2418,  2013361,   334,     3,   270,   606,     1,   -44,     1,   -42,0,0,0,0,0,0,0,0,0,0,0,0,0,0,0,0,0,0,0,0,0,0,0,0,0,0,0,0,0,0,0,0
2419,  2014194,   335,     1,   270,   605,     2,   -44,     0,   -42,0,0,0,0,0,0,0,0,0,0,0,0,0,0,0,0,0,0,0,0,0,0,0,0,0,0,0,0,0,0,0,0
2420,  2015027,   334,     1,   269,   604,     0,   -43,     0,   -43,0,0,0,0,0,0,0,0,0,0,0,0,0,0,0,0,0,0,0,0,0,0,0,0,0,0,0,0,0,0,0,0
2421,  2015860,   333,     2,   270,   605,     0,   -46,     1,   -44,0,0,0,0,0,0,0,0,0,0,0,0,0,0,0,0,0,0,0,0,0,0,0,0,0,0,0,0,0,0,0,0
2422,  2016693,   332,     2,   267,   601,    -1,   -44,    -1,   -45,0,0,0,0,0,0,0,0,0,0,0,0,0,0,0,0,0,0,0,0,0,0,0,0,0,0,0,0,0,0,0,0
2423,  2017526,   332,     2,   266,   600,     1,   -44,     0,   -43,0,0,0,0,0,0,0,0,0,0,0,0,0,0,0,0,0,0,0,0,0,0,0,0,0,0,0,0,0,0,0,0
2424,  2018359,   333,     2,   266,   600,    -1,   -45,    -1,   -47,0,0,0,0,0,0,0,0,0,0,0,0,0,0,0,0,0,0,0,0,0,0,0,0,0,0,0,0,0,0,0,0
2425,  2019192,   330,     2,   268,   599,     0,   -44,    -1,   -45,0,0,0,0,0,0,0,0,0,0,0,0,0,0,0,0,0,0,0,0,0,0,0,0,0,0,0,0,0,0,0,0
2426,  2020025,   329,     4,   268,   600,     1,   -44,     1,   -43,0,0,0,0,0,0,0,0,0,0,0,0,0,0,0,0,0,0,0,0,0,0,0,0,0,0,0,0,0,0,0,0
2427,  2020858,   330,     1,   267,   598,    -2,   -43,    -1,   -46,0,0,0,0,0,0,0,0,0,0,0,0,0,0,0,0,0,0,0,0,0,0,0,0,0,0,0,0,0,0,0,0
2428,  2021691,   330,     1,   267,   597,     1,   -45,     0,   -45,0,0,0,0,0,0,0,0,0,0,0,0,0,0,0,0,0,0,0,0,0,0,0,0,0,0,0,0,0,0,0,0
2429,  2022524,   331,     3,   268,   601,     0,   -44,     0,   -44,0,0,0,0,0,0,0,0,0,0,0,0,0,0,0,0,0,0,0,0,0,0,0,0,0,0,0,0,0,0,0,0
2430,  2023357,   328,     2,   266,   595,     0,   -44,     0,   -45,0,0,0,0,0,0,0,0,0,0,0,0,0,0,0,0,0,0,0,0,0,0,0,0,0,0,0,0,0,0,0,0
2431,  2024190,   329,     2,   266,   596,     0,   -44,    -1,   -46,0,0,0,0,0,0,0,0,0,0,0,0,0,0,0,0,0,0,0,0,0,0,0,0,0,0,0,0,0,0,0,0
2432,  2025023,   327,     2,   264,   593,     0,   -45,    -1,   -45,0,0,0,0,0,0,0,0,0,0,0,0,0,0,0,0,0,0,0,0,0,0,0,0,0,0,0,0,0,0,0,0
2433,  2025856,   325,     2,   265,   591,    -2,   -44,     1,   -44,0,0,0,0,0,0,0,0,0,0,0,0,0,0,0,0,0,0,0,0,0,0,0,0,0,0,0,0,0,0,0,0
2434,  2026689,   326,     2,   264,   591,    -1,   -44,    -1,   -46,0,0,0,0,0,0,0,0,0,0,0,0,0,0,0,0,0,0,0,0,0,0,0,0,0,0,0,0,0,0,0,0
2435,  2027522,   325,     1,   263,   589,    -1,   -43,     0,   -45,0,0,0,0,0,0,0,0,0,0,0,0,0,0,0,0,0,0,0,0,0,0,0,0,0,0,0,0,0,0,0,0
2436,  2028355,   325,     1,   262,   588,     1,   -44,    -1,   -44,0,0,0,0,0,0,0,0,0,0,0,0,0,0,0,0,0,0,0,0,0,0,0,0,0,0,0,0,0,0,0,0
2437,  2029188,   323,     1,   263,   586,    -2,   -43,     0,   -44,0,0,0,0,0,0,0,0,0,0,0,0,0,0,0,0,0,0,0,0,0,0,0,0,0,0,0,0,0,0,0,0
2438,  2030021,   323,     1,   262,   585,    -1,   -45,     0,   -45,0,0,0,0,0,0,0,0,0,0,0,0,0,0,0,0,0,0,0,0,0,0,0,0,0,0,0,0,0,0,0,0
2439,  2030854,   322,     0,   262,   583,    -1,   -43,     0,   -44,0,0,0,0,0,0,0,0,0,0,0,0,0,0,0,0,0,0,0,0,0,0,0,0,0,0,0,0,0,0,0,0
2440,  2031687,   323,     1,   261,   584,     0,   -44,     0,   -44,0,0,0,0,0,0,0,0,0,0,0,0,0,0,0,0,0,0,0,0,0,0,0,0,0,0,0,0,0,0,0,0
2441,  2032520,   321,     0,   259,   580,    -1,   -43,    -1,   -45,0,0,0,0,0,0,0,0,0,0,0,0,0,0,0,0,0,0,0,0,0,0,0,0,0,0,0,0,0,0,0,0
2442,  2033353,   320,     1,   261,   581,     0,   -44,    -1,   -45,0,0,0,0,0,0,0,0,0,0,0,0,0,0,0,0,0,0,0,0,0,0,0,0,0,0,0,0,0,0,0,0
2443,  2034186,   321,     0,   257,   578,    -1,   -43,     0,   -44,0,0,0,0,0,0,0,0,0,0,0,0,0,0,0,0,0,0,0,0,0,0,0,0,0,0,0,0,0,0,0,0
2444,  2035019,   319,     1,   258,   577,    -1,   -43,    -1,   -45,0,0,0,0,0,0,0,0,0,0,0,0,0,0,0,0,0,0,0,0,0,0,0,0,0,0,0,0,0,0,0,0
2445,  2035852,   319,     0,   255,   574,     0,   -44,     0,   -44,0,0,0,0,0,0,0,0,0,0,0,0,0,0,0,0,0,0,0,0,0,0,0,0,0,0,0,0,0,0,0,0
2446,  2036685,   318,     2,   255,   574,     1,   -44,     0,   -43,0,0,0,0,0,0,0,0,0,0,0,0,0,0,0,0,0,0,0,0,0,0,0,0,0,0,0,0,0,0,0,0
2447,  2037518,   321,     1,   255,   577,     0,   -44,    -1,   -45,0,0,0,0,0,0,0,0,0,0,0,0,0,0,0,0,0,0,0,0,0,0,0,0,0,0,0,0,0,0,0,0
2448,  2038351,   316,     1,   255,   572,    -1,   -43,    -1,   -45,0,0,0,0,0,0,0,0,0,0,0,0,0,0,0,0,0,0,0,0,0,0,0,0,0,0,0,0,0,0,0,0
2449,  2039184,   318,     2,   254,   573,     2,   -42,     0,   -40,0,0,0,0,0,0,0,0,0,0,0,0,0,0,0,0,0,0,0,0,0,0,0,0,0,0,0,0,0,0,0,0
2450,  2040017,   315,     1,   253,   569,     1,   -42,     0,   -40,0,0,0,0,0,0,0,0,0,0,0,0,0,0,0,0,0,0,0,0,0,0,0,0,0,0,0,0,0,0,0,0
2451,  2040850,   317,     1,   253,   570,     1,   -43,    -1,   -44,0,0,0,0,0,0,0,0,0,0,0,0,0,0,0,0,0,0,0,0,0,0,0,0,0,0,0,0,0,0,0,0
2452,  2041683,   315,     2,   253,   569,     0,   -45,     0,   -45,0,0,0,0,0,0,0,0,0,0,0,0,0,0,0,0,0,0,0,0,0,0,0,0,0,0,0,0,0,0,0,0
2453,  2042516,   317,     0,   252,   569,     0,   -44,    -1,   -44,0,0,0,0,0,0,0,0,0,0,0,0,0,0,0,0,0,0,0,0,0,0,0,0,0,0,0,0,0,0,0,0
2454,  2043349,   314,     1,   251,   566,     0,   -43,     0,   -43,0,0,0,0,0,0,0,0,0,0,0,0,0,0,0,0,0,0,0,0,0,0,0,0,0,0,0,0,0,0,0,0
2455,  2044182,   313,     2,   250,   564,     0,   -42,     0,   -41,0,0,0,0,0,0,0,0,0,0,0,0,0,0,0,0,0,0,0,0,0,0,0,0,0,0,0,0,0,0,0,0
2456,  2045015,   312,     1,   250,   562,     0,   -43,    -1,   -44,0,0,0,0,0,0,0,0,0,0,0,0,0,0,0,0,0,0,0,0,0,0,0,0,0,0,0,0,0,0,0,0
2457,  2045848,   312,     1,   249,   561,    -2,   -42,    -1,   -44,0,0,0,0,0,0,0,0,0,0,0,0,0,0,0,0,0,0,0,0,0,0,0,0,0,0,0,0,0,0,0,0
2458,  2046681,   310,     0,   248,   558,     1,   -43,    -2,   -44,0,0,0,0,0,0,0,0,0,0,0,0,0,0,0,0,0,0,0,0,0,0,0,0,0,0,0,0,0,0,0,0
2459,  2047514,   312,     1,   248,   560,     0,   -43,     0,   -43,0,0,0,0,0,0,0,0,0,0,0,0,0,0,0,0,0,0,0,0,0,0,0,0,0,0,0,0,0,0,0,0
2460,  2048347,   310,     0,   246,   556,     2,   -43,     0,   -40,0,0,0,0,0,0,0,0,0,0,0,0,0,0,0,0,0,0,0,0,0,0,0,0,0,0,0,0,0,0,0,0
2461,  2049180,   309,     1,   247,   556,     0,   -43,    -1,   -45,0,0,0,0,0,0,0,0,0,0,0,0,0,0,0,0,0,0,0,0,0,0,0,0,0,0,0,0,0,0,0,0
2462,  2050013,   308,     1,   246,   554,     0,   -43,     0,   -43,0,0,0,0,0,0,0,0,0,0,0,0,0,0,0,0,0,0,0,0,0,0,0,0,0,0,0,0,0,0,0,0
2463,  2050846,   309,     2,   245,   555,    -2,   -43,     1,   -44,0,0,0,0,0,0,0,0,0,0,0,0,0,0,0,0,0,0,0,0,0,0,0,0,0,0,0,0,0,0,0,0
2464,  2051679,   308,     1,   245,   554,     0,   -43,     0,   -43,0,0,0,0,0,0,0,0,0,0,0,0,0,0,0,0,0,0,0,0,0,0,0,0,0,0,0,0,0,0,0,0
2465,  2052512,   307,     2,   243,   552,    -2,   -42,     0,   -44,0,0,0,0,0,0,0,0,0,0,0,0,0,0,0,0,0,0,0,0,0,0,0,0,0,0,0,0,0,0,0,0
2466,  2053345,   307,     3,   244,   553,     1,   -41,     0,   -40,0,0,0,0,0,0,0,0,0,0,0,0,0,0,0,0,0,0,0,0,0,0,0,0,0,0,0,0,0,0,0,0
2467,  2054178,   306,     2,   242,   549,     0,   -42,     0,   -42,0,0,0,0,0,0,0,0,0,0,0,0,0,0,0,0,0,0,0,0,0,0,0,0,0,0,0,0,0,0,0,0
2468,  2055011,   305,     2,   242,   548,     0,   -43,     0,   -44,0,0,0,0,0,0,0,0,0,0,0,0,0,0,0,0,0,0,0,0,0,0,0,0,0,0,0,0,0,0,0,0
2469,  2055844,   305,     2,   241,   547,    -1,   -44,    -1,   -46,0,0,0,0,0,0,0,0,0,0,0,0,0,0,0,0,0,0,0,0,0,0,0,0,0,0,0,0,0,0,0,0
2470,  2056677,   304,     4,   240,   548,     0,   -43,    -2,   -44,0,0,0,0,0,0,0,0,0,0,0,0,0,0,0,0,0,0,0,0,0,0,0,0,0,0,0,0,0,0,0,0
2471,  2057510,   305,     1,   240,   545,     0,   -43,     0,   -43,0,0,0,0,0,0,0,0,0,0,0,0,0,0,0,0,0,0,0,0,0,0,0,0,0,0,0,0,0,0,0,0
2472,  2058343,   303,     1,   238,   542,     0,   -43,    -1,   -43,0,0,0,0,0,0,0,0,0,0,0,0,0,0,0,0,0,0,0,0,0,0,0,0,0,0,0,0,0,0,0,0
2473,  2059176,   304,     3,   239,   545,    -2,   -43,    -1,   -45,0,0,0,0,0,0,0,0,0,0,0,0,0,0,0,0,0,0,0,0,0,0,0,0,0,0,0,0,0,0,0,0
2474,  2060009,   303,     2,   237,   542,    -1,   -43,    -1,   -45,0,0,0,0,0,0,0,0,0,0,0,0,0,0,0,0,0,0,0,0,0,0,0,0,0,0,0,0,0,0,0,0
2475,  2060842,   301,     5,   237,   542,     1,   -42,    -1,   -42,0,0,0,0,0,0,0,0,0,0,0,0,0,0,0,0,0,0,0,0,0,0,0,0,0,0,0,0,0,0,0,0
2476,  2061675,   299,     2,   236,   536,     0,   -44,     0,   -44,0,0,0,0,0,0,0,0,0,0,0,0,0,0,0,0,0,0,0,0,0,0,0,0,0,0,0,0,0,0,0,0
2477,  2062508,   301,     2,   233,   536,    -1,   -43,    -1,   -45,0,0,0,0,0,0,0,0,0,0,0,0,0,0,0,0,0,0,0,0,0,0,0,0,0,0,0,0,0,0,0,0
2478,  2063341,   301,     4,   235,   539,     0,   -44,    -1,   -45,0,0,0,0,0,0,0,0,0,0,0,0,0,0,0,0,0,0,0,0,0,0,0,0,0,0,0,0,0,0,0,0
2479,  2064174,   299,     3,   233,   534,     0,   -43,     1,   -42,0,0,0,0,0,0,0,0,0,0,0,0,0,0,0,0,0,0,0,0,0,0,0,0,0,0,0,0,0,0,0,0
2480,  2065007,   299,     3,   232,   533,     0,   -44,    -1,   -45,0,0,0,0,0,0,0,0,0,0,0,0,0,0,0,0,0,0,0,0,0,0,0,0,0,0,0,0,0,0,0,0
2481,  2065840,   299,     2,   233,   533,     0,   -44,     0,   -44,0,0,0,0,0,0,0,0,0,0,0,0,0,0,0,0,0,0,0,0,0,0,0,0,0,0,0,0,0,0,0,0
2482,  2066673,   296,     2,   231,   528,     1,   -43,     0,   -42,0,0,0,0,0,0,0,0,0,0,0,0,0,0,0,0,0,0,0,0,0,0,0,0,0,0,0,0,0,0,0,0
2483,  2067506,   296,     1,   229,   526,     0,   -43,     0,   -43,0,0,0,0,0,0,0,0,0,0,0,0,0,0,0,0,0,0,0,0,0,0,0,0,0,0,0,0,0,0,0,0
2484,  2068339,   296,     1,   231,   527,     0,   -43,    -2,   -45,0,0,0,0,0,0,0,0,0,0,0,0,0,0,0,0,0,0,0,0,0,0,0,0,0,0,0,0,0,0,0,0
2485,  2069172,   296,     1,   229,   525,    -1,   -42,     0,   -43,0,0,0,0,0,0,0,0,0,0,0,0,0,0,0,0,0,0,0,0,0,0,0,0,0,0,0,0,0,0,0,0
2486,  2070005,   296,     2,   229,   526,     1,   -43,    -1,   -44,0,0,0,0,0,0,0,0,0,0,0,0,0,0,0,0,0,0,0,0,0,0,0,0,0,0,0,0,0,0,0,0
2487,  2070838,   292,     1,   229,   521,     0,   -43,     2,   -42,0,0,0,0,0,0,0,0,0,0,0,0,0,0,0,0,0,0,0,0,0,0,0,0,0,0,0,0,0,0,0,0
2488,  2071671,   293,     1,   226,   520,     0,   -43,     1,   -42,0,0,0,0,0,0,0,0,0,0,0,0,0,0,0,0,0,0,0,0,0,0,0,0,0,0,0,0,0,0,0,0
2489,  2072504,   295,     2,   225,   521,     0,   -43,     0,   -44,0,0,0,0,0,0,0,0,0,0,0,0,0,0,0,0,0,0,0,0,0,0,0,0,0,0,0,0,0,0,0,0
2490,  2073337,   294,     0,   223,   517,     0,   -43,     1,   -42,0,0,0,0,0,0,0,0,0,0,0,0,0,0,0,0,0,0,0,0,0,0,0,0,0,0,0,0,0,0,0,0
2491,  2074170,   293,     1,   225,   518,     0,   -42,    -1,   -43,0,0,0,0,0,0,0,0,0,0,0,0,0,0,0,0,0,0,0,0,0,0,0,0,0,0,0,0,0,0,0,0
2492,  2075003,   293,     1,   224,   517,    -1,   -42,     0,   -44,0,0,0,0,0,0,0,0,0,0,0,0,0,0,0,0,0,0,0,0,0,0,0,0,0,0,0,0,0,0,0,0
2493,  2075836,   292,     3,   222,   516,     0,   -41,     0,   -42,0,0,0,0,0,0,0,0,0,0,0,0,0,0,0,0,0,0,0,0,0,0,0,0,0,0,0,0,0,0,0,0
2494,  2076669,   292,     2,   222,   515,     1,   -42,     0,   -41,0,0,0,0,0,0,0,0,0,0,0,0,0,0,0,0,0,0,0,0,0,0,0,0,0,0,0,0,0,0,0,0
2495,  2077502,   289,     2,   221,   511,    -1,   -42,    -1,   -43,0,0,0,0,0,0,0,0,0,0,0,0,0,0,0,0,0,0,0,0,0,0,0,0,0,0,0,0,0,0,0,0
2496,  2078335,   288,     1,   220,   508,    -1,   -42,    -1,   -44,0,0,0,0,0,0,0,0,0,0,0,0,0,0,0,0,0,0,0,0,0,0,0,0,0,0,0,0,0,0,0,0
2497,  2079168,   290,     1,   220,   510,     0,   -43,     0,   -43,0,0,0,0,0,0,0,0,0,0,0,0,0,0,0,0,0,0,0,0,0,0,0,0,0,0,0,0,0,0,0,0
2498,  2080001,   289,     1,   217,   506,     0,   -42,     0,   -43,0,0,0,0,0,0,0,0,0,0,0,0,0,0,0,0,0,0,0,0,0,0,0,0,0,0,0,0,0,0,0,0
2499,  2080834,   288,     2,   216,   506,     2,   -42,    -1,   -42,0,0,0,0,0,0,0,0,0,0,0,0,0,0,0,0,0,0,0,0,0,0,0,0,0,0,0,0,0,0,0,0
2500,  2081667,   287,     2,   216,   504,     0,   -43,     1,   -42,0,0,0,0,0,0,0,0,0,0,0,0,0,0,0,0,0,0,0,0,0,0,0,0,0,0,0,0,0,0,0,0
2501,  2082500,   287,     2,   214,   502,     0,   -42,     0,   -43,0,0,0,0,0,0,0,0,0,0,0,0,0,0,0,0,0,0,0,0,0,0,0,0,0,0,0,0,0,0,0,0
2502,  2083333,   286,     1,   212,   498,     1,   -42,     0,   -41,0,0,0,0,0,0,0,0,0,0,0,0,0,0,0,0,0,0,0,0,0,0,0,0,0,0,0,0,0,0,0,0
2503,  2084166,   285,     0,   214,   498,     1,   -42,     0,   -41,0,0,0,0,0,0,0,0,0,0,0,0,0,0,0,0,0,0,0,0,0,0,0,0,0,0,0,0,0,0,0,0
2504,  2084999,   287,     2,   212,   500,     0,   -43,    -1,   -44,0,0,0,0,0,0,0,0,0,0,0,0,0,0,0,0,0,0,0,0,0,0,0,0,0,0,0,0,0,0,0,0
2505,  2085832,   284,     2,   210,   495,     1,   -42,     0,   -42,0,0,0,0,0,0,0,0,0,0,0,0,0,0,0,0,0,0,0,0,0,0,0,0,0,0,0,0,0,0,0,0
2506,  2086665,   284,     4,   210,   497,     1,   -42,     0,   -41,0,0,0,0,0,0,0,0,0,0,0,0,0,0,0,0,0,0,0,0,0,0,0,0,0,0,0,0,0,0,0,0
2507,  2087498,   282,     0,   211,   492,     0,   -43,     0,   -43,0,0,0,0,0,0,0,0,0,0,0,0,0,0,0,0,0,0,0,0,0,0,0,0,0,0,0,0,0,0,0,0
2508,  2088331,   281,     1,   207,   488,     2,   -43,    -1,   -42,0,0,0,0,0,0,0,0,0,0,0,0,0,0,0,0,0,0,0,0,0,0,0,0,0,0,0,0,0,0,0,0
2509,  2089164,   284,     1,   206,   490,     0,   -43,     0,   -43,0,0,0,0,0,0,0,0,0,0,0,0,0,0,0,0,0,0,0,0,0,0,0,0,0,0,0,0,0,0,0,0
2510,  2089997,   282,     3,   203,   487,     0,   -42,     1,   -41,0,0,0,0,0,0,0,0,0,0,0,0,0,0,0,0,0,0,0,0,0,0,0,0,0,0,0,0,0,0,0,0
2511,  2090830,   281,     2,   203,   486,    -1,   -43,     0,   -44,0,0,0,0,0,0,0,0,0,0,0,0,0,0,0,0,0,0,0,0,0,0,0,0,0,0,0,0,0,0,0,0
2512,  2091663,   282,     1,   203,   485,     1,   -42,    -1,   -42,0,0,0,0,0,0,0,0,0,0,0,0,0,0,0,0,0,0,0,0,0,0,0,0,0,0,0,0,0,0,0,0
2513,  2092496,   281,     1,   200,   481,     0,   -42,    -1,   -43,0,0,0,0,0,0,0,0,0,0,0,0,0,0,0,0,0,0,0,0,0,0,0,0,0,0,0,0,0,0,0,0
2514,  2093329,   280,     2,   201,   482,     1,   -42,     0,   -42,0,0,0,0,0,0,0,0,0,0,0,0,0,0,0,0,0,0,0,0,0,0,0,0,0,0,0,0,0,0,0,0
2515,  2094162,   279,     2,   198,   478,    -1,   -42,     0,   -43,0,0,0,0,0,0,0,0,0,0,0,0,0,0,0,0,0,0,0,0,0,0,0,0,0,0,0,0,0,0,0,0
2516,  2094995,   278,     1,   196,   474,     0,   -41,    -1,   -42,0,0,0,0,0,0,0,0,0,0,0,0,0,0,0,0,0,0,0,0,0,0,0,0,0,0,0,0,0,0,0,0
2517,  2095828,   278,     1,   194,   472,    -1,   -40,    -1,   -41,0,0,0,0,0,0,0,0,0,0,0,0,0,0,0,0,0,0,0,0,0,0,0,0,0,0,0,0,0,0,0,0
2518,  2096661,   279,     2,   192,   472,     1,   -41,    -1,   -42,0,0,0,0,0,0,0,0,0,0,0,0,0,0,0,0,0,0,0,0,0,0,0,0,0,0,0,0,0,0,0,0
2519,  2097494,   275,     3,   191,   469,     0,   -42,    -2,   -44,0,0,0,0,0,0,0,0,0,0,0,0,0,0,0,0,0,0,0,0,0,0,0,0,0,0,0,0,0,0,0,0
2520,  2098327,   276,     2,   192,   469,     1,   -43,    -1,   -44,0,0,0,0,0,0,0,0,0,0,0,0,0,0,0,0,0,0,0,0,0,0,0,0,0,0,0,0,0,0,0,0
2521,  2099160,   276,     1,   188,   464,     0,   -41,     0,   -42,0,0,0,0,0,0,0,0,0,0,0,0,0,0,0,0,0,0,0,0,0,0,0,0,0,0,0,0,0,0,0,0
2522,  2099993,   275,     1,   187,   462,     0,   -41,     0,   -42,0,0,0,0,0,0,0,0,0,0,0,0,0,0,0,0,0,0,0,0,0,0,0,0,0,0,0,0,0,0,0,0
2523,  2100826,   275,     2,   187,   463,     0,   -42,     0,   -41,0,0,0,0,0,0,0,0,0,0,0,0,0,0,0,0,0,0,0,0,0,0,0,0,0,0,0,0,0,0,0,0
2524,  2101659,   274,     2,   184,   459,     1,   -41,    -1,   -41,0,0,0,0,0,0,0,0,0,0,0,0,0,0,0,0,0,0,0,0,0,0,0,0,0,0,0,0,0,0,0,0
2525,  2102492,   274,     2,   181,   456,     1,   -42,    -1,   -42,0,0,0,0,0,0,0,0,0,0,0,0,0,0,0,0,0,0,0,0,0,0,0,0,0,0,0,0,0,0,0,0
2526,  2103325,   272,     1,   180,   453,    -1,   -42,     0,   -43,0,0,0,0,0,0,0,0,0,0,0,0,0,0,0,0,0,0,0,0,0,0,0,0,0,0,0,0,0,0,0,0
2527,  2104158,   272,     1,   179,   451,     1,   -41,     0,   -40,0,0,0,0,0,0,0,0,0,0,0,0,0,0,0,0,0,0,0,0,0,0,0,0,0,0,0,0,0,0,0,0
2528,  2104991,   272,     2,   176,   450,     0,   -42,    -1,   -44,0,0,0,0,0,0,0,0,0,0,0,0,0,0,0,0,0,0,0,0,0,0,0,0,0,0,0,0,0,0,0,0
2529,  2105824,   272,     2,   175,   448,    -2,   -41,     0,   -43,0,0,0,0,0,0,0,0,0,0,0,0,0,0,0,0,0,0,0,0,0,0,0,0,0,0,0,0,0,0,0,0
2530,  2106657,   269,     0,   174,   443,     1,   -42,    -1,   -41,0,0,0,0,0,0,0,0,0,0,0,0,0,0,0,0,0,0,0,0,0,0,0,0,0,0,0,0,0,0,0,0
2531,  2107490,   269,     1,   172,   441,     0,   -41,    -1,   -41,0,0,0,0,0,0,0,0,0,0,0,0,0,0,0,0,0,0,0,0,0,0,0,0,0,0,0,0,0,0,0,0
2532,  2108323,   270,     3,   169,   441,    -1,   -42,     1,   -42,0,0,0,0,0,0,0,0,0,0,0,0,0,0,0,0,0,0,0,0,0,0,0,0,0,0,0,0,0,0,0,0
2533,  2109156,   269,     0,   169,   437,     0,   -42,    -1,   -42,0,0,0,0,0,0,0,0,0,0,0,0,0,0,0,0,0,0,0,0,0,0,0,0,0,0,0,0,0,0,0,0
2534,  2109989,   269,     2,   167,   437,     0,   -41,    -1,   -41,0,0,0,0,0,0,0,0,0,0,0,0,0,0,0,0,0,0,0,0,0,0,0,0,0,0,0,0,0,0,0,0
2535,  2110822,   269,     0,   163,   432,     0,   -42,    -1,   -43,0,0,0,0,0,0,0,0,0,0,0,0,0,0,0,0,0,0,0,0,0,0,0,0,0,0,0,0,0,0,0,0
2536,  2111655,   269,     1,   162,   432,    -1,   -42,    -1,   -43,0,0,0,0,0,0,0,0,0,0,0,0,0,0,0,0,0,0,0,0,0,0,0,0,0,0,0,0,0,0,0,0
2537,  2112488,   269,     1,   160,   429,    -1,   -41,    -1,   -43,0,0,0,0,0,0,0,0,0,0,0,0,0,0,0,0,0,0,0,0,0,0,0,0,0,0,0,0,0,0,0,0
2538,  2113321,   267,     1,   157,   424,    -1,   -40,    -1,   -43,0,0,0,0,0,0,0,0,0,0,0,0,0,0,0,0,0,0,0,0,0,0,0,0,0,0,0,0,0,0,0,0
2539,  2114154,   267,     0,   156,   422,    -1,   -41,     0,   -41,0,0,0,0,0,0,0,0,0,0,0,0,0,0,0,0,0,0,0,0,0,0,0,0,0,0,0,0,0,0,0,0
2540,  2114987,   268,     1,   152,   420,     1,   -43,    -1,   -44,0,0,0,0,0,0,0,0,0,0,0,0,0,0,0,0,0,0,0,0,0,0,0,0,0,0,0,0,0,0,0,0
2541,  2115820,   269,     1,   153,   422,     0,   -41,     1,   -41,0,0,0,0,0,0,0,0,0,0,0,0,0,0,0,0,0,0,0,0,0,0,0,0,0,0,0,0,0,0,0,0
2542,  2116653,   267,     1,   149,   416,     1,   -41,    -1,   -41,0,0,0,0,0,0,0,0,0,0,0,0,0,0,0,0,0,0,0,0,0,0,0,0,0,0,0,0,0,0,0,0
2543,  2117486,   267,     1,   145,   413,     1,   -41,     0,   -40,0,0,0,0,0,0,0,0,0,0,0,0,0,0,0,0,0,0,0,0,0,0,0,0,0,0,0,0,0,0,0,0
2544,  2118319,   267,     2,   145,   413,    -1,   -42,     1,   -42,0,0,0,0,0,0,0,0,0,0,0,0,0,0,0,0,0,0,0,0,0,0,0,0,0,0,0,0,0,0,0,0
2545,  2119152,   266,     2,   141,   408,     0,   -42,    -1,   -43,0,0,0,0,0,0,0,0,0,0,0,0,0,0,0,0,0,0,0,0,0,0,0,0,0,0,0,0,0,0,0,0
2546,  2119985,   265,     2,   140,   407,    -2,   -41,     1,   -41,0,0,0,0,0,0,0,0,0,0,0,0,0,0,0,0,0,0,0,0,0,0,0,0,0,0,0,0,0,0,0,0
2547,  2120818,   264,     2,   137,   402,    -1,   -41,     0,   -42,0,0,0,0,0,0,0,0,0,0,0,0,0,0,0,0,0,0,0,0,0,0,0,0,0,0,0,0,0,0,0,0
2548,  2121651,   264,     3,   136,   402,     1,   -42,    -1,   -42,0,0,0,0,0,0,0,0,0,0,0,0,0,0,0,0,0,0,0,0,0,0,0,0,0,0,0,0,0,0,0,0
2549,  2122484,   265,     2,   132,   398,     1,   -42,     0,   -41,0,0,0,0,0,0,0,0,0,0,0,0,0,0,0,0,0,0,0,0,0,0,0,0,0,0,0,0,0,0,0,0
2550,  2123317,   263,     0,   130,   392,     0,   -41,    -1,   -41,0,0,0,0,0,0,0,0,0,0,0,0,0,0,0,0,0,0,0,0,0,0,0,0,0,0,0,0,0,0,0,0
2551,  2124150,   263,     1,   126,   389,    -1,   -41,     0,   -42,0,0,0,0,0,0,0,0,0,0,0,0,0,0,0,0,0,0,0,0,0,0,0,0,0,0,0,0,0,0,0,0
2552,  2124983,   262,     1,   124,   387,    -1,   -40,     0,   -41,0,0,0,0,0,0,0,0,0,0,0,0,0,0,0,0,0,0,0,0,0,0,0,0,0,0,0,0,0,0,0,0
2553,  2125816,   261,     1,   122,   383,    -1,   -41,     1,   -41,0,0,0,0,0,0,0,0,0,0,0,0,0,0,0,0,0,0,0,0,0,0,0,0,0,0,0,0,0,0,0,0
2554,  2126649,   261,     1,   117,   378,     0,   -40,    -1,   -41,0,0,0,0,0,0,0,0,0,0,0,0,0,0,0,0,0,0,0,0,0,0,0,0,0,0,0,0,0,0,0,0
2555,  2127482,   260,     0,   118,   377,     0,   -41,    -1,   -41,0,0,0,0,0,0,0,0,0,0,0,0,0,0,0,0,0,0,0,0,0,0,0,0,0,0,0,0,0,0,0,0
2556,  2128315,   260,     1,   113,   373,     2,   -40,     0,   -39,0,0,0,0,0,0,0,0,0,0,0,0,0,0,0,0,0,0,0,0,0,0,0,0,0,0,0,0,0,0,0,0
2557,  2129148,   258,     1,   111,   369,     1,   -41,     0,   -40,0,0,0,0,0,0,0,0,0,0,0,0,0,0,0,0,0,0,0,0,0,0,0,0,0,0,0,0,0,0,0,0
2558,  2129981,   258,     1,   108,   366,    -1,   -41,     0,   -42,0,0,0,0,0,0,0,0,0,0,0,0,0,0,0,0,0,0,0,0,0,0,0,0,0,0,0,0,0,0,0,0
2559,  2130814,   259,     1,   104,   363,    -1,   -41,    -1,   -43,0,0,0,0,0,0,0,0,0,0,0,0,0,0,0,0,0,0,0,0,0,0,0,0,0,0,0,0,0,0,0,0
2560,  2131647,   258,     1,   103,   361,     0,   -42,     0,   -42,0,0,0,0,0,0,0,0,0,0,0,0,0,0,0,0,0,0,0,0,0,0,0,0,0,0,0,0,0,0,0,0
2561,  2132480,   257,     1,    99,   356,     0,   -40,     0,   -40,0,0,0,0,0,0,0,0,0,0,0,0,0,0,0,0,0,0,0,0,0,0,0,0,0,0,0,0,0,0,0,0
2562,  2133313,   259,     0,    97,   355,     0,   -41,    -1,   -42,0,0,0,0,0,0,0,0,0,0,0,0,0,0,0,0,0,0,0,0,0,0,0,0,0,0,0,0,0,0,0,0
2563,  2134146,   257,     0,    92,   349,     1,   -40,    -1,   -40,0,0,0,0,0,0,0,0,0,0,0,0,0,0,0,0,0,0,0,0,0,0,0,0,0,0,0,0,0,0,0,0
2564,  2134979,   255,     2,    90,   346,     1,   -41,     1,   -39,0,0,0,0,0,0,0,0,0,0,0,0,0,0,0,0,0,0,0,0,0,0,0,0,0,0,0,0,0,0,0,0
2565,  2135812,   255,     2,    86,   342,     0,   -42,    -1,   -43,0,0,0,0,0,0,0,0,0,0,0,0,0,0,0,0,0,0,0,0,0,0,0,0,0,0,0,0,0,0,0,0
2566,  2136645,   255,     1,    84,   339,     0,   -40,     1,   -39,0,0,0,0,0,0,0,0,0,0,0,0,0,0,0,0,0,0,0,0,0,0,0,0,0,0,0,0,0,0,0,0
2567,  2137478,   254,     1,    81,   335,     0,   -43,     0,   -43,0,0,0,0,0,0,0,0,0,0,0,0,0,0,0,0,0,0,0,0,0,0,0,0,0,0,0,0,0,0,0,0
2568,  2138311,   254,     2,    78,   333,     0,   -41,     0,   -41,0,0,0,0,0,0,0,0,0,0,0,0,0,0,0,0,0,0,0,0,0,0,0,0,0,0,0,0,0,0,0,0
2569,  2139144,   254,     4,    75,   332,    -1,   -41,    -1,   -43,0,0,0,0,0,0,0,0,0,0,0,0,0,0,0,0,0,0,0,0,0,0,0,0,0,0,0,0,0,0,0,0
2570,  2139977,   255,     1,    72,   327,     1,   -40,    -1,   -40,0,0,0,0,0,0,0,0,0,0,0,0,0,0,0,0,0,0,0,0,0,0,0,0,0,0,0,0,0,0,0,0
2571,  2140810,   252,     3,    69,   323,     0,   -40,     0,   -40,0,0,0,0,0,0,0,0,0,0,0,0,0,0,0,0,0,0,0,0,0,0,0,0,0,0,0,0,0,0,0,0
2572,  2141643,   253,     2,    66,   320,     0,   -41,    -1,   -42,0,0,0,0,0,0,0,0,0,0,0,0,0,0,0,0,0,0,0,0,0,0,0,0,0,0,0,0,0,0,0,0
2573,  2142476,   251,     1,    63,   315,    -1,   -41,     1,   -41,0,0,0,0,0,0,0,0,0,0,0,0,0,0,0,0,0,0,0,0,0,0,0,0,0,0,0,0,0,0,0,0
2574,  2143309,   251,     1,    60,   311,    -2,   -40,    -2,   -44,0,0,0,0,0,0,0,0,0,0,0,0,0,0,0,0,0,0,0,0,0,0,0,0,0,0,0,0,0,0,0,0
2575,  2144142,   251,     0,    56,   306,    -2,   -41,     0,   -43,0,0,0,0,0,0,0,0,0,0,0,0,0,0,0,0,0,0,0,0,0,0,0,0,0,0,0,0,0,0,0,0
2576,  2144975,   248,     1,    53,   301,     0,   -40,    -1,   -40,0,0,0,0,0,0,0,0,0,0,0,0,0,0,0,0,0,0,0,0,0,0,0,0,0,0,0,0,0,0,0,0
2577,  2145808,   248,     0,    50,   297,    -1,   -41,    -1,   -42,0,0,0,0,0,0,0,0,0,0,0,0,0,0,0,0,0,0,0,0,0,0,0,0,0,0,0,0,0,0,0,0
2578,  2146641,   249,     1,    47,   296,    -1,   -41,     1,   -42,0,0,0,0,0,0,0,0,0,0,0,0,0,0,0,0,0,0,0,0,0,0,0,0,0,0,0,0,0,0,0,0
2579,  2147474,   248,     2,    42,   291,     0,   -40,     0,   -40,0,0,0,0,0,0,0,0,0,0,0,0,0,0,0,0,0,0,0,0,0,0,0,0,0,0,0,0,0,0,0,0
2580,  2148307,   247,     1,    39,   286,     2,   -40,     1,   -38,0,0,0,0,0,0,0,0,0,0,0,0,0,0,0,0,0,0,0,0,0,0,0,0,0,0,0,0,0,0,0,0
2581,  2149140,   247,     1,    36,   283,     1,   -40,    -1,   -40,0,0,0,0,0,0,0,0,0,0,0,0,0,0,0,0,0,0,0,0,0,0,0,0,0,0,0,0,0,0,0,0
2582,  2149973,   246,     0,    32,   277,     1,   -40,    -1,   -39,0,0,0,0,0,0,0,0,0,0,0,0,0,0,0,0,0,0,0,0,0,0,0,0,0,0,0,0,0,0,0,0
2583,  2150806,   246,     1,    28,   274,     0,   -40,     0,   -41,0,0,0,0,0,0,0,0,0,0,0,0,0,0,0,0,0,0,0,0,0,0,0,0,0,0,0,0,0,0,0,0
2584,  2151639,   245,     1,    25,   270,     0,   -41,     0,   -40,0,0,0,0,0,0,0,0,0,0,0,0,0,0,0,0,0,0,0,0,0,0,0,0,0,0,0,0,0,0,0,0
2585,  2152472,   245,    -1,    22,   265,    -1,   -40,     0,   -41,0,0,0,0,0,0,0,0,0,0,0,0,0,0,0,0,0,0,0,0,0,0,0,0,0,0,0,0,0,0,0,0
2586,  2153305,   244,     1,    19,   264,     0,   -39,    -1,   -40,0,0,0,0,0,0,0,0,0,0,0,0,0,0,0,0,0,0,0,0,0,0,0,0,0,0,0,0,0,0,0,0
2587,  2154138,   244,    -1,    15,   257,    -1,   -40,    -1,   -42,0,0,0,0,0,0,0,0,0,0,0,0,0,0,0,0,0,0,0,0,0,0,0,0,0,0,0,0,0,0,0,0
2588,  2154971,   245,     1,    11,   256,     1,   -40,    -1,   -40,0,0,0,0,0,0,0,0,0,0,0,0,0,0,0,0,0,0,0,0,0,0,0,0,0,0,0,0,0,0,0,0
2589,  2155804,   242,     1,     9,   251,    -1,   -39,     0,   -39,0,0,0,0,0,0,0,0,0,0,0,0,0,0,0,0,0,0,0,0,0,0,0,0,0,0,0,0,0,0,0,0
2590,  2156637,   244,     2,     6,   251,     0,   -41,     0,   -42,0,0,0,0,0,0,0,0,0,0,0,0,0,0,0,0,0,0,0,0,0,0,0,0,0,0,0,0,0,0,0,0
2591,  2157470,   243,     0,     2,   244,    -2,   -39,    -1,   -41,0,0,0,0,0,0,0,0,0,0,0,0,0,0,0,0,0,0,0,0,0,0,0,0,0,0,0,0,0,0,0,0
2592,  2158303,   241,     0,    -1,   240,     1,   -40,    -2,   -40,0,0,0,0,0,0,0,0,0,0,0,0,0,0,0,0,0,0,0,0,0,0,0,0,0,0,0,0,0,0,0,0
2593,  2159136,   240,     2,    -6,   236,     0,   -41,     0,   -41,0,0,0,0,0,0,0,0,0,0,0,0,0,0,0,0,0,0,0,0,0,0,0,0,0,0,0,0,0,0,0,0
2594,  2159969,   238,     2,    -8,   231,     0,   -41,    -1,   -42,0,0,0,0,0,0,0,0,0,0,0,0,0,0,0,0,0,0,0,0,0,0,0,0,0,0,0,0,0,0,0,0
2595,  2160802,   241,     2,   -10,   232,    -2,   -41,    -1,   -43,0,0,0,0,0,0,0,0,0,0,0,0,0,0,0,0,0,0,0,0,0,0,0,0,0,0,0,0,0,0,0,0
2596,  2161635,   240,     0,   -15,   224,     0,   -40,    -1,   -41,0,0,0,0,0,0,0,0,0,0,0,0,0,0,0,0,0,0,0,0,0,0,0,0,0,0,0,0,0,0,0,0
2597,  2162468,   240,     2,   -17,   225,     0,   -40,     0,   -40,0,0,0,0,0,0,0,0,0,0,0,0,0,0,0,0,0,0,0,0,0,0,0,0,0,0,0,0,0,0,0,0
2598,  2163301,   240,     2,   -21,   221,    -1,   -41,     1,   -41,0,0,0,0,0,0,0,0,0,0,0,0,0,0,0,0,0,0,0,0,0,0,0,0,0,0,0,0,0,0,0,0
2599,  2164134,   239,    -1,   -25,   213,     1,   -39,    -1,   -39,0,0,0,0,0,0,0,0,0,0,0,0,0,0,0,0,0,0,0,0,0,0,0,0,0,0,0,0,0,0,0,0
2600,  2164967,   239,     1,   -27,   212,     1,   -40,    -1,   -41,0,0,0,0,0,0,0,0,0,0,0,0,0,0,0,0,0,0,0,0,0,0,0,0,0,0,0,0,0,0,0,0
2601,  2165800,   237,    -1,   -30,   206,     0,   -41,     0,   -41,0,0,0,0,0,0,0,0,0,0,0,0,0,0,0,0,0,0,0,0,0,0,0,0,0,0,0,0,0,0,0,0
2602,  2166633,   238,     1,   -34,   205,    -1,   -40,     0,   -42,0,0,0,0,0,0,0,0,0,0,0,0,0,0,0,0,0,0,0,0,0,0,0,0,0,0,0,0,0,0,0,0
2603,  2167466,   238,     1,   -37,   202,     1,   -39,    -2,   -40,0,0,0,0,0,0,0,0,0,0,0,0,0,0,0,0,0,0,0,0,0,0,0,0,0,0,0,0,0,0,0,0
2604,  2168299,   235,     1,   -39,   197,     1,   -41,     0,   -40,0,0,0,0,0,0,0,0,0,0,0,0,0,0,0,0,0,0,0,0,0,0,0,0,0,0,0,0,0,0,0,0
2605,  2169132,   235,     2,   -44,   192,     0,   -41,     0,   -42,0,0,0,0,0,0,0,0,0,0,0,0,0,0,0,0,0,0,0,0,0,0,0,0,0,0,0,0,0,0,0,0
2606,  2169965,   235,     4,   -44,   194,     0,   -39,    -2,   -41,0,0,0,0,0,0,0,0,0,0,0,0,0,0,0,0,0,0,0,0,0,0,0,0,0,0,0,0,0,0,0,0
2607,  2170798,   233,     0,   -48,   185,    -2,   -40,     0,   -41,0,0,0,0,0,0,0,0,0,0,0,0,0,0,0,0,0,0,0,0,0,0,0,0,0,0,0,0,0,0,0,0
2608,  2171631,   233,    -1,   -52,   180,     0,   -40,    -1,   -42,0,0,0,0,0,0,0,0,0,0,0,0,0,0,0,0,0,0,0,0,0,0,0,0,0,0,0,0,0,0,0,0
2609,  2172464,   233,     2,   -55,   180,     0,   -40,     0,   -40,0,0,0,0,0,0,0,0,0,0,0,0,0,0,0,0,0,0,0,0,0,0,0,0,0,0,0,0,0,0,0,0
2610,  2173297,   233,     2,   -57,   177,     0,   -40,     0,   -40,0,0,0,0,0,0,0,0,0,0,0,0,0,0,0,0,0,0,0,0,0,0,0,0,0,0,0,0,0,0,0,0
2611,  2174130,   232,     1,   -61,   171,     0,   -39,     0,   -39,0,0,0,0,0,0,0,0,0,0,0,0,0,0,0,0,0,0,0,0,0,0,0,0,0,0,0,0,0,0,0,0
2612,  2174963,   231,     2,   -64,   169,     1,   -39,    -1,   -39,0,0,0,0,0,0,0,0,0,0,0,0,0,0,0,0,0,0,0,0,0,0,0,0,0,0,0,0,0,0,0,0
2613,  2175796,   231,     4,   -69,   166,     0,   -39,     0,   -39,0,0,0,0,0,0,0,0,0,0,0,0,0,0,0,0,0,0,0,0,0,0,0,0,0,0,0,0,0,0,0,0
2614,  2176629,   232,     1,   -69,   164,     1,   -40,    -1,   -41,0,0,0,0,0,0,0,0,0,0,0,0,0,0,0,0,0,0,0,0,0,0,0,0,0,0,0,0,0,0,0,0
2615,  2177462,   230,     0,   -74,   156,     0,   -40,     0,   -40,0,0,0,0,0,0,0,0,0,0,0,0,0,0,0,0,0,0,0,0,0,0,0,0,0,0,0,0,0,0,0,0
2616,  2178295,   230,     1,   -78,   153,     0,   -40,     1,   -39,0,0,0,0,0,0,0,0,0,0,0,0,0,0,0,0,0,0,0,0,0,0,0,0,0,0,0,0,0,0,0,0
2617,  2179128,   230,     1,   -80,   151,     1,   -41,     0,   -40,0,0,0,0,0,0,0,0,0,0,0,0,0,0,0,0,0,0,0,0,0,0,0,0,0,0,0,0,0,0,0,0
2618,  2179961,   229,     2,   -82,   148,     1,   -40,     1,   -38,0,0,0,0,0,0,0,0,0,0,0,0,0,0,0,0,0,0,0,0,0,0,0,0,0,0,0,0,0,0,0,0
2619,  2180794,   228,     3,   -86,   145,     1,   -39,    -1,   -40,0,0,0,0,0,0,0,0,0,0,0,0,0,0,0,0,0,0,0,0,0,0,0,0,0,0,0,0,0,0,0,0
2620,  2181627,   228,     2,   -89,   140,     0,   -40,     0,   -41,0,0,0,0,0,0,0,0,0,0,0,0,0,0,0,0,0,0,0,0,0,0,0,0,0,0,0,0,0,0,0,0
2621,  2182460,   227,     2,   -93,   135,     0,   -39,    -1,   -40,0,0,0,0,0,0,0,0,0,0,0,0,0,0,0,0,0,0,0,0,0,0,0,0,0,0,0,0,0,0,0,0
2622,  2183293,   226,     0,   -95,   131,     0,   -40,     0,   -41,0,0,0,0,0,0,0,0,0,0,0,0,0,0,0,0,0,0,0,0,0,0,0,0,0,0,0,0,0,0,0,0
2623,  2184126,   227,     2,   -97,   131,     0,   -39,    -1,   -39,0,0,0,0,0,0,0,0,0,0,0,0,0,0,0,0,0,0,0,0,0,0,0,0,0,0,0,0,0,0,0,0
2624,  2184959,   228,     1,  -102,   127,     0,   -39,    -1,   -40,0,0,0,0,0,0,0,0,0,0,0,0,0,0,0,0,0,0,0,0,0,0,0,0,0,0,0,0,0,0,0,0
2625,  2185792,   225,     1,  -103,   123,     1,   -40,    -1,   -40,0,0,0,0,0,0,0,0,0,0,0,0,0,0,0,0,0,0,0,0,0,0,0,0,0,0,0,0,0,0,0,0
2626,  2186625,   224,     0,  -107,   117,     0,   -39,    -1,   -40,0,0,0,0,0,0,0,0,0,0,0,0,0,0,0,0,0,0,0,0,0,0,0,0,0,0,0,0,0,0,0,0
2627,  2187458,   225,     0,  -110,   115,     0,   -39,    -1,   -40,0,0,0,0,0,0,0,0,0,0,0,0,0,0,0,0,0,0,0,0,0,0,0,0,0,0,0,0,0,0,0,0
2628,  2188291,   223,     1,  -112,   112,    -1,   -40,     0,   -40,0,0,0,0,0,0,0,0,0,0,0,0,0,0,0,0,0,0,0,0,0,0,0,0,0,0,0,0,0,0,0,0
2629,  2189124,   222,     1,  -116,   107,     1,   -39,    -1,   -39,0,0,0,0,0,0,0,0,0,0,0,0,0,0,0,0,0,0,0,0,0,0,0,0,0,0,0,0,0,0,0,0
2630,  2189957,   222,     0,  -118,   104,     0,   -39,     0,   -40,0,0,0,0,0,0,0,0,0,0,0,0,0,0,0,0,0,0,0,0,0,0,0,0,0,0,0,0,0,0,0,0
2631,  2190790,   222,     0,  -120,   102,    -1,   -38,     0,   -40,0,0,0,0,0,0,0,0,0,0,0,0,0,0,0,0,0,0,0,0,0,0,0,0,0,0,0,0,0,0,0,0
2632,  2191623,   222,     1,  -125,    98,     2,   -40,     0,   -38,0,0,0,0,0,0,0,0,0,0,0,0,0,0,0,0,0,0,0,0,0,0,0,0,0,0,0,0,0,0,0,0
2633,  2192456,   222,     2,  -128,    96,     0,   -41,    -1,   -42,0,0,0,0,0,0,0,0,0,0,0,0,0,0,0,0,0,0,0,0,0,0,0,0,0,0,0,0,0,0,0,0
2634,  2193289,   221,     2,  -131,    92,     1,   -40,     1,   -38,0,0,0,0,0,0,0,0,0,0,0,0,0,0,0,0,0,0,0,0,0,0,0,0,0,0,0,0,0,0,0,0
2635,  2194122,   221,     2,  -133,    90,    -1,   -38,    -1,   -40,0,0,0,0,0,0,0,0,0,0,0,0,0,0,0,0,0,0,0,0,0,0,0,0,0,0,0,0,0,0,0,0
2636,  2194955,   221,     1,  -135,    86,     0,   -39,    -2,   -40,0,0,0,0,0,0,0,0,0,0,0,0,0,0,0,0,0,0,0,0,0,0,0,0,0,0,0,0,0,0,0,0
2637,  2195788,   221,     1,  -138,    84,     0,   -39,     0,   -39,0,0,0,0,0,0,0,0,0,0,0,0,0,0,0,0,0,0,0,0,0,0,0,0,0,0,0,0,0,0,0,0
2638,  2196621,   218,     1,  -141,    78,     0,   -40,     0,   -40,0,0,0,0,0,0,0,0,0,0,0,0,0,0,0,0,0,0,0,0,0,0,0,0,0,0,0,0,0,0,0,0
2639,  2197454,   220,     1,  -143,    78,     0,   -39,     0,   -39,0,0,0,0,0,0,0,0,0,0,0,0,0,0,0,0,0,0,0,0,0,0,0,0,0,0,0,0,0,0,0,0
2640,  2198287,   217,     1,  -146,    72,     0,   -39,     0,   -39,0,0,0,0,0,0,0,0,0,0,0,0,0,0,0,0,0,0,0,0,0,0,0,0,0,0,0,0,0,0,0,0
2641,  2199120,   217,     1,  -148,    69,     1,   -39,    -1,   -39,0,0,0,0,0,0,0,0,0,0,0,0,0,0,0,0,0,0,0,0,0,0,0,0,0,0,0,0,0,0,0,0
2642,  2199953,   216,     1,  -152,    65,     2,   -37,    -1,   -36,0,0,0,0,0,0,0,0,0,0,0,0,0,0,0,0,0,0,0,0,0,0,0,0,0,0,0,0,0,0,0,0
2643,  2200786,   217,     1,  -154,    64,     1,   -40,     0,   -39,0,0,0,0,0,0,0,0,0,0,0,0,0,0,0,0,0,0,0,0,0,0,0,0,0,0,0,0,0,0,0,0
2644,  2201619,   217,     1,  -157,    61,     0,   -39,    -1,   -40,0,0,0,0,0,0,0,0,0,0,0,0,0,0,0,0,0,0,0,0,0,0,0,0,0,0,0,0,0,0,0,0
2645,  2202452,   216,     1,  -159,    58,    -1,   -40,     0,   -41,0,0,0,0,0,0,0,0,0,0,0,0,0,0,0,0,0,0,0,0,0,0,0,0,0,0,0,0,0,0,0,0
2646,  2203285,   215,     1,  -162,    54,     1,   -39,     0,   -39,0,0,0,0,0,0,0,0,0,0,0,0,0,0,0,0,0,0,0,0,0,0,0,0,0,0,0,0,0,0,0,0
2647,  2204118,   212,     1,  -164,    49,     1,   -38,     0,   -37,0,0,0,0,0,0,0,0,0,0,0,0,0,0,0,0,0,0,0,0,0,0,0,0,0,0,0,0,0,0,0,0
2648,  2204951,   215,     1,  -166,    49,     1,   -40,    -1,   -40,0,0,0,0,0,0,0,0,0,0,0,0,0,0,0,0,0,0,0,0,0,0,0,0,0,0,0,0,0,0,0,0
2649,  2205784,   212,     2,  -167,    47,    -1,   -40,     0,   -41,0,0,0,0,0,0,0,0,0,0,0,0,0,0,0,0,0,0,0,0,0,0,0,0,0,0,0,0,0,0,0,0
2650,  2206617,   214,     0,  -170,    44,     0,   -40,     0,   -41,0,0,0,0,0,0,0,0,0,0,0,0,0,0,0,0,0,0,0,0,0,0,0,0,0,0,0,0,0,0,0,0
2651,  2207450,   212,     2,  -171,    42,     1,   -39,    -1,   -38,0,0,0,0,0,0,0,0,0,0,0,0,0,0,0,0,0,0,0,0,0,0,0,0,0,0,0,0,0,0,0,0
2652,  2208283,   211,     0,  -175,    36,    -1,   -38,     1,   -38,0,0,0,0,0,0,0,0,0,0,0,0,0,0,0,0,0,0,0,0,0,0,0,0,0,0,0,0,0,0,0,0
2653,  2209116,   212,     0,  -176,    35,     1,   -39,     0,   -37,0,0,0,0,0,0,0,0,0,0,0,0,0,0,0,0,0,0,0,0,0,0,0,0,0,0,0,0,0,0,0,0
2654,  2209949,   211,     1,  -179,    33,     1,   -38,    -1,   -39,0,0,0,0,0,0,0,0,0,0,0,0,0,0,0,0,0,0,0,0,0,0,0,0,0,0,0,0,0,0,0,0
2655,  2210782,   209,     1,  -180,    29,    -1,   -39,     0,   -40,0,0,0,0,0,0,0,0,0,0,0,0,0,0,0,0,0,0,0,0,0,0,0,0,0,0,0,0,0,0,0,0
2656,  2211615,   209,     1,  -183,    26,     0,   -38,     0,   -38,0,0,0,0,0,0,0,0,0,0,0,0,0,0,0,0,0,0,0,0,0,0,0,0,0,0,0,0,0,0,0,0
2657,  2212448,   208,     2,  -185,    24,     0,   -37,     0,   -37,0,0,0,0,0,0,0,0,0,0,0,0,0,0,0,0,0,0,0,0,0,0,0,0,0,0,0,0,0,0,0,0
2658,  2213281,   209,     0,  -188,    21,     1,   -40,     1,   -38,0,0,0,0,0,0,0,0,0,0,0,0,0,0,0,0,0,0,0,0,0,0,0,0,0,0,0,0,0,0,0,0
2659,  2214114,   209,     3,  -190,    22,     0,   -39,     0,   -39,0,0,0,0,0,0,0,0,0,0,0,0,0,0,0,0,0,0,0,0,0,0,0,0,0,0,0,0,0,0,0,0
2660,  2214947,   208,     2,  -191,    19,    -1,   -39,     0,   -39,0,0,0,0,0,0,0,0,0,0,0,0,0,0,0,0,0,0,0,0,0,0,0,0,0,0,0,0,0,0,0,0
2661,  2215780,   207,    -1,  -193,    12,    -1,   -39,     0,   -40,0,0,0,0,0,0,0,0,0,0,0,0,0,0,0,0,0,0,0,0,0,0,0,0,0,0,0,0,0,0,0,0
2662,  2216613,   208,     2,  -196,    13,     1,   -39,     0,   -38,0,0,0,0,0,0,0,0,0,0,0,0,0,0,0,0,0,0,0,0,0,0,0,0,0,0,0,0,0,0,0,0
2663,  2217446,   208,     0,  -199,     9,     1,   -38,     0,   -38,0,0,0,0,0,0,0,0,0,0,0,0,0,0,0,0,0,0,0,0,0,0,0,0,0,0,0,0,0,0,0,0
2664,  2218279,   207,     2,  -198,    10,     0,   -40,    -1,   -41,0,0,0,0,0,0,0,0,0,0,0,0,0,0,0,0,0,0,0,0,0,0,0,0,0,0,0,0,0,0,0,0
2665,  2219112,   206,     1,  -200,     6,     0,   -39,    -1,   -40,0,0,0,0,0,0,0,0,0,0,0,0,0,0,0,0,0,0,0,0,0,0,0,0,0,0,0,0,0,0,0,0
2666,  2219945,   207,     4,  -202,     8,     0,   -38,    -1,   -39,0,0,0,0,0,0,0,0,0,0,0,0,0,0,0,0,0,0,0,0,0,0,0,0,0,0,0,0,0,0,0,0
2667,  2220778,   204,     2,  -203,     2,     1,   -39,    -2,   -40,0,0,0,0,0,0,0,0,0,0,0,0,0,0,0,0,0,0,0,0,0,0,0,0,0,0,0,0,0,0,0,0
2668,  2221611,   203,     1,  -205,    -1,    -1,   -40,     0,   -41,0,0,0,0,0,0,0,0,0,0,0,0,0,0,0,0,0,0,0,0,0,0,0,0,0,0,0,0,0,0,0,0
2669,  2222444,   203,     1,  -208,    -4,     0,   -40,    -1,   -42,0,0,0,0,0,0,0,0,0,0,0,0,0,0,0,0,0,0,0,0,0,0,0,0,0,0,0,0,0,0,0,0
2670,  2223277,   202,     2,  -210,    -6,     1,   -38,     1,   -36,0,0,0,0,0,0,0,0,0,0,0,0,0,0,0,0,0,0,0,0,0,0,0,0,0,0,0,0,0,0,0,0
2671,  2224110,   202,     2,  -208,    -4,     1,   -39,    -1,   -38,0,0,0,0,0,0,0,0,0,0,0,0,0,0,0,0,0,0,0,0,0,0,0,0,0,0,0,0,0,0,0,0
2672,  2224943,   201,     1,  -210,    -9,     1,   -40,     1,   -38,0,0,0,0,0,0,0,0,0,0,0,0,0,0,0,0,0,0,0,0,0,0,0,0,0,0,0,0,0,0,0,0
2673,  2225776,   201,     0,  -213,   -13,     1,   -40,    -1,   -39,0,0,0,0,0,0,0,0,0,0,0,0,0,0,0,0,0,0,0,0,0,0,0,0,0,0,0,0,0,0,0,0
2674,  2226609,   201,     1,  -214,   -13,     1,   -38,     0,   -37,0,0,0,0,0,0,0,0,0,0,0,0,0,0,0,0,0,0,0,0,0,0,0,0,0,0,0,0,0,0,0,0
2675,  2227442,   200,     0,  -215,   -16,     1,   -37,    -1,   -37,0,0,0,0,0,0,0,0,0,0,0,0,0,0,0,0,0,0,0,0,0,0,0,0,0,0,0,0,0,0,0,0
2676,  2228275,   200,    -1,  -217,   -19,     0,   -38,    -1,   -39,0,0,0,0,0,0,0,0,0,0,0,0,0,0,0,0,0,0,0,0,0,0,0,0,0,0,0,0,0,0,0,0
2677,  2229108,   198,    -1,  -217,   -21,     0,   -38,     0,   -38,0,0,0,0,0,0,0,0,0,0,0,0,0,0,0,0,0,0,0,0,0,0,0,0,0,0,0,0,0,0,0,0
2678,  2229941,   196,     1,  -219,   -23,     0,   -38,    -1,   -39,0,0,0,0,0,0,0,0,0,0,0,0,0,0,0,0,0,0,0,0,0,0,0,0,0,0,0,0,0,0,0,0
2679,  2230774,   198,     0,  -221,   -23,     0,   -38,     0,   -39,0,0,0,0,0,0,0,0,0,0,0,0,0,0,0,0,0,0,0,0,0,0,0,0,0,0,0,0,0,0,0,0
2680,  2231607,   197,     1,  -222,   -25,    -1,   -39,    -1,   -42,0,0,0,0,0,0,0,0,0,0,0,0,0,0,0,0,0,0,0,0,0,0,0,0,0,0,0,0,0,0,0,0
2681,  2232440,   197,     0,  -225,   -28,     2,   -38,    -1,   -36,0,0,0,0,0,0,0,0,0,0,0,0,0,0,0,0,0,0,0,0,0,0,0,0,0,0,0,0,0,0,0,0
2682,  2233273,   195,     2,  -224,   -28,     1,   -39,    -1,   -39,0,0,0,0,0,0,0,0,0,0,0,0,0,0,0,0,0,0,0,0,0,0,0,0,0,0,0,0,0,0,0,0
2683,  2234106,   195,     0,  -227,   -33,     1,   -38,     0,   -38,0,0,0,0,0,0,0,0,0,0,0,0,0,0,0,0,0,0,0,0,0,0,0,0,0,0,0,0,0,0,0,0
2684,  2234939,   196,     1,  -229,   -32,    -1,   -38,    -1,   -40,0,0,0,0,0,0,0,0,0,0,0,0,0,0,0,0,0,0,0,0,0,0,0,0,0,0,0,0,0,0,0,0
2685,  2235772,   195,     0,  -227,   -33,     0,   -37,     0,   -38,0,0,0,0,0,0,0,0,0,0,0,0,0,0,0,0,0,0,0,0,0,0,0,0,0,0,0,0,0,0,0,0
2686,  2236605,   191,     1,  -229,   -38,     0,   -38,     0,   -38,0,0,0,0,0,0,0,0,0,0,0,0,0,0,0,0,0,0,0,0,0,0,0,0,0,0,0,0,0,0,0,0
2687,  2237438,   193,     2,  -232,   -37,     0,   -38,     0,   -39,0,0,0,0,0,0,0,0,0,0,0,0,0,0,0,0,0,0,0,0,0,0,0,0,0,0,0,0,0,0,0,0
2688,  2238271,   191,     3,  -232,   -39,     0,   -39,    -1,   -40,0,0,0,0,0,0,0,0,0,0,0,0,0,0,0,0,0,0,0,0,0,0,0,0,0,0,0,0,0,0,0,0
2689,  2239104,   192,     0,  -231,   -39,     0,   -39,     0,   -40,0,0,0,0,0,0,0,0,0,0,0,0,0,0,0,0,0,0,0,0,0,0,0,0,0,0,0,0,0,0,0,0
2690,  2239937,   191,     1,  -232,   -41,     1,   -38,    -1,   -38,0,0,0,0,0,0,0,0,0,0,0,0,0,0,0,0,0,0,0,0,0,0,0,0,0,0,0,0,0,0,0,0
2691,  2240770,   190,     1,  -234,   -44,     0,   -39,     0,   -39,0,0,0,0,0,0,0,0,0,0,0,0,0,0,0,0,0,0,0,0,0,0,0,0,0,0,0,0,0,0,0,0
2692,  2241603,   190,     0,  -234,   -45,     1,   -38,    -1,   -39,0,0,0,0,0,0,0,0,0,0,0,0,0,0,0,0,0,0,0,0,0,0,0,0,0,0,0,0,0,0,0,0
2693,  2242436,   189,     1,  -235,   -46,     0,   -38,    -1,   -39,0,0,0,0,0,0,0,0,0,0,0,0,0,0,0,0,0,0,0,0,0,0,0,0,0,0,0,0,0,0,0,0
2694,  2243269,   188,     0,  -235,   -48,     0,   -38,     0,   -38,0,0,0,0,0,0,0,0,0,0,0,0,0,0,0,0,0,0,0,0,0,0,0,0,0,0,0,0,0,0,0,0
2695,  2244102,   188,     1,  -236,   -48,    -1,   -39,     0,   -39,0,0,0,0,0,0,0,0,0,0,0,0,0,0,0,0,0,0,0,0,0,0,0,0,0,0,0,0,0,0,0,0
2696,  2244935,   187,     1,  -238,   -51,     0,   -38,     0,   -38,0,0,0,0,0,0,0,0,0,0,0,0,0,0,0,0,0,0,0,0,0,0,0,0,0,0,0,0,0,0,0,0
2697,  2245768,   187,     1,  -238,   -51,     0,   -38,    -1,   -39,0,0,0,0,0,0,0,0,0,0,0,0,0,0,0,0,0,0,0,0,0,0,0,0,0,0,0,0,0,0,0,0
2698,  2246601,   187,     1,  -238,   -51,     2,   -37,     0,   -36,0,0,0,0,0,0,0,0,0,0,0,0,0,0,0,0,0,0,0,0,0,0,0,0,0,0,0,0,0,0,0,0
2699,  2247434,   186,     0,  -239,   -54,     0,   -39,     2,   -37,0,0,0,0,0,0,0,0,0,0,0,0,0,0,0,0,0,0,0,0,0,0,0,0,0,0,0,0,0,0,0,0
2700,  2248267,   184,     0,  -240,   -57,     1,   -38,     0,   -37,0,0,0,0,0,0,0,0,0,0,0,0,0,0,0,0,0,0,0,0,0,0,0,0,0,0,0,0,0,0,0,0
2701,  2249100,   185,     0,  -240,   -56,    -1,   -39,     0,   -41,0,0,0,0,0,0,0,0,0,0,0,0,0,0,0,0,0,0,0,0,0,0,0,0,0,0,0,0,0,0,0,0
2702,  2249933,   186,     0,  -241,   -56,     1,   -39,     0,   -38,0,0,0,0,0,0,0,0,0,0,0,0,0,0,0,0,0,0,0,0,0,0,0,0,0,0,0,0,0,0,0,0
2703,  2250766,   182,     0,  -242,   -61,     1,   -37,     0,   -36,0,0,0,0,0,0,0,0,0,0,0,0,0,0,0,0,0,0,0,0,0,0,0,0,0,0,0,0,0,0,0,0
2704,  2251599,   183,     2,  -242,   -58,    -1,   -39,    -1,   -40,0,0,0,0,0,0,0,0,0,0,0,0,0,0,0,0,0,0,0,0,0,0,0,0,0,0,0,0,0,0,0,0
2705,  2252432,   182,    -1,  -243,   -63,     0,   -38,    -2,   -39,0,0,0,0,0,0,0,0,0,0,0,0,0,0,0,0,0,0,0,0,0,0,0,0,0,0,0,0,0,0,0,0
2706,  2253265,   181,     0,  -244,   -64,     1,   -38,     0,   -38,0,0,0,0,0,0,0,0,0,0,0,0,0,0,0,0,0,0,0,0,0,0,0,0,0,0,0,0,0,0,0,0
2707,  2254098,   180,     2,  -243,   -62,    -2,   -38,     0,   -40,0,0,0,0,0,0,0,0,0,0,0,0,0,0,0,0,0,0,0,0,0,0,0,0,0,0,0,0,0,0,0,0
2708,  2254931,   179,     2,  -244,   -64,     1,   -38,     1,   -36,0,0,0,0,0,0,0,0,0,0,0,0,0,0,0,0,0,0,0,0,0,0,0,0,0,0,0,0,0,0,0,0
2709,  2255764,   179,     1,  -245,   -66,     0,   -37,    -1,   -38,0,0,0,0,0,0,0,0,0,0,0,0,0,0,0,0,0,0,0,0,0,0,0,0,0,0,0,0,0,0,0,0
2710,  2256597,   179,     2,  -246,   -66,     1,   -37,    -1,   -37,0,0,0,0,0,0,0,0,0,0,0,0,0,0,0,0,0,0,0,0,0,0,0,0,0,0,0,0,0,0,0,0
2711,  2257430,   179,     1,  -245,   -66,     1,   -38,     0,   -36,0,0,0,0,0,0,0,0,0,0,0,0,0,0,0,0,0,0,0,0,0,0,0,0,0,0,0,0,0,0,0,0
2712,  2258263,   177,     2,  -246,   -68,     0,   -38,    -1,   -39,0,0,0,0,0,0,0,0,0,0,0,0,0,0,0,0,0,0,0,0,0,0,0,0,0,0,0,0,0,0,0,0
2713,  2259096,   177,     1,  -245,   -68,     0,   -38,     0,   -38,0,0,0,0,0,0,0,0,0,0,0,0,0,0,0,0,0,0,0,0,0,0,0,0,0,0,0,0,0,0,0,0
2714,  2259929,   178,     2,  -244,   -65,     0,   -39,     0,   -39,0,0,0,0,0,0,0,0,0,0,0,0,0,0,0,0,0,0,0,0,0,0,0,0,0,0,0,0,0,0,0,0
2715,  2260762,   175,     4,  -245,   -67,     1,   -38,    -1,   -38,0,0,0,0,0,0,0,0,0,0,0,0,0,0,0,0,0,0,0,0,0,0,0,0,0,0,0,0,0,0,0,0
2716,  2261595,   174,     1,  -248,   -73,     1,   -36,     1,   -34,0,0,0,0,0,0,0,0,0,0,0,0,0,0,0,0,0,0,0,0,0,0,0,0,0,0,0,0,0,0,0,0
2717,  2262428,   174,     2,  -246,   -71,    -1,   -37,    -1,   -39,0,0,0,0,0,0,0,0,0,0,0,0,0,0,0,0,0,0,0,0,0,0,0,0,0,0,0,0,0,0,0,0
2718,  2263261,   175,     0,  -246,   -72,     1,   -39,    -1,   -39,0,0,0,0,0,0,0,0,0,0,0,0,0,0,0,0,0,0,0,0,0,0,0,0,0,0,0,0,0,0,0,0
2719,  2264094,   171,     1,  -247,   -76,     2,   -37,     0,   -35,0,0,0,0,0,0,0,0,0,0,0,0,0,0,0,0,0,0,0,0,0,0,0,0,0,0,0,0,0,0,0,0
2720,  2264927,   171,     0,  -245,   -75,     0,   -37,     0,   -37,0,0,0,0,0,0,0,0,0,0,0,0,0,0,0,0,0,0,0,0,0,0,0,0,0,0,0,0,0,0,0,0
2721,  2265760,   171,     2,  -247,   -75,     0,   -38,    -2,   -40,0,0,0,0,0,0,0,0,0,0,0,0,0,0,0,0,0,0,0,0,0,0,0,0,0,0,0,0,0,0,0,0
2722,  2266593,   170,     1,  -246,   -76,     1,   -37,    -1,   -37,0,0,0,0,0,0,0,0,0,0,0,0,0,0,0,0,0,0,0,0,0,0,0,0,0,0,0,0,0,0,0,0
2723,  2267426,   169,     0,  -247,   -79,     0,   -38,    -1,   -39,0,0,0,0,0,0,0,0,0,0,0,0,0,0,0,0,0,0,0,0,0,0,0,0,0,0,0,0,0,0,0,0
2724,  2268259,   169,     0,  -247,   -79,     0,   -38,     0,   -37,0,0,0,0,0,0,0,0,0,0,0,0,0,0,0,0,0,0,0,0,0,0,0,0,0,0,0,0,0,0,0,0
2725,  2269092,   168,    -1,  -246,   -80,     0,   -38,     0,   -38,0,0,0,0,0,0,0,0,0,0,0,0,0,0,0,0,0,0,0,0,0,0,0,0,0,0,0,0,0,0,0,0
2726,  2269925,   167,     1,  -248,   -81,     0,   -38,     0,   -38,0,0,0,0,0,0,0,0,0,0,0,0,0,0,0,0,0,0,0,0,0,0,0,0,0,0,0,0,0,0,0,0
2727,  2270758,   166,     1,  -246,   -80,     1,   -35,     0,   -35,0,0,0,0,0,0,0,0,0,0,0,0,0,0,0,0,0,0,0,0,0,0,0,0,0,0,0,0,0,0,0,0
2728,  2271591,   165,     1,  -246,   -81,    -1,   -38,     0,   -40,0,0,0,0,0,0,0,0,0,0,0,0,0,0,0,0,0,0,0,0,0,0,0,0,0,0,0,0,0,0,0,0
2729,  2272424,   164,     1,  -246,   -82,    -1,   -38,     0,   -38,0,0,0,0,0,0,0,0,0,0,0,0,0,0,0,0,0,0,0,0,0,0,0,0,0,0,0,0,0,0,0,0
2730,  2273257,   163,     2,  -247,   -83,     0,   -37,     0,   -37,0,0,0,0,0,0,0,0,0,0,0,0,0,0,0,0,0,0,0,0,0,0,0,0,0,0,0,0,0,0,0,0
2731,  2274090,   162,     0,  -245,   -84,     1,   -37,    -1,   -37,0,0,0,0,0,0,0,0,0,0,0,0,0,0,0,0,0,0,0,0,0,0,0,0,0,0,0,0,0,0,0,0
2732,  2274923,   162,     2,  -246,   -83,     0,   -38,     0,   -38,0,0,0,0,0,0,0,0,0,0,0,0,0,0,0,0,0,0,0,0,0,0,0,0,0,0,0,0,0,0,0,0
2733,  2275756,   160,     2,  -247,   -86,    -1,   -37,    -2,   -41,0,0,0,0,0,0,0,0,0,0,0,0,0,0,0,0,0,0,0,0,0,0,0,0,0,0,0,0,0,0,0,0
2734,  2276589,   160,     3,  -246,   -84,     1,   -38,    -1,   -37,0,0,0,0,0,0,0,0,0,0,0,0,0,0,0,0,0,0,0,0,0,0,0,0,0,0,0,0,0,0,0,0
2735,  2277422,   160,     1,  -247,   -87,     1,   -37,     0,   -37,0,0,0,0,0,0,0,0,0,0,0,0,0,0,0,0,0,0,0,0,0,0,0,0,0,0,0,0,0,0,0,0
2736,  2278255,   157,     1,  -247,   -90,     0,   -36,    -1,   -38,0,0,0,0,0,0,0,0,0,0,0,0,0,0,0,0,0,0,0,0,0,0,0,0,0,0,0,0,0,0,0,0
2737,  2279088,   156,     2,  -245,   -88,     1,   -38,    -1,   -37,0,0,0,0,0,0,0,0,0,0,0,0,0,0,0,0,0,0,0,0,0,0,0,0,0,0,0,0,0,0,0,0
2738,  2279921,   155,     0,  -244,   -90,     2,   -37,    -1,   -36,0,0,0,0,0,0,0,0,0,0,0,0,0,0,0,0,0,0,0,0,0,0,0,0,0,0,0,0,0,0,0,0
2739,  2280754,   155,     1,  -245,   -90,     1,   -37,     0,   -36,0,0,0,0,0,0,0,0,0,0,0,0,0,0,0,0,0,0,0,0,0,0,0,0,0,0,0,0,0,0,0,0
2740,  2281587,   154,     1,  -244,   -90,     0,   -38,     2,   -36,0,0,0,0,0,0,0,0,0,0,0,0,0,0,0,0,0,0,0,0,0,0,0,0,0,0,0,0,0,0,0,0
2741,  2282420,   154,    -1,  -245,   -93,     1,   -38,    -1,   -38,0,0,0,0,0,0,0,0,0,0,0,0,0,0,0,0,0,0,0,0,0,0,0,0,0,0,0,0,0,0,0,0
2742,  2283253,   151,     1,  -245,   -94,    -1,   -38,    -1,   -39,0,0,0,0,0,0,0,0,0,0,0,0,0,0,0,0,0,0,0,0,0,0,0,0,0,0,0,0,0,0,0,0
2743,  2284086,   151,     0,  -245,   -95,     0,   -37,     0,   -37,0,0,0,0,0,0,0,0,0,0,0,0,0,0,0,0,0,0,0,0,0,0,0,0,0,0,0,0,0,0,0,0
2744,  2284919,   150,     1,  -243,   -93,     0,   -38,    -1,   -39,0,0,0,0,0,0,0,0,0,0,0,0,0,0,0,0,0,0,0,0,0,0,0,0,0,0,0,0,0,0,0,0
2745,  2285752,   148,     1,  -244,   -96,     0,   -37,     0,   -37,0,0,0,0,0,0,0,0,0,0,0,0,0,0,0,0,0,0,0,0,0,0,0,0,0,0,0,0,0,0,0,0
2746,  2286585,   148,     1,  -243,   -95,     0,   -36,     0,   -36,0,0,0,0,0,0,0,0,0,0,0,0,0,0,0,0,0,0,0,0,0,0,0,0,0,0,0,0,0,0,0,0
2747,  2287418,   147,     2,  -243,   -95,    -1,   -37,    -1,   -39,0,0,0,0,0,0,0,0,0,0,0,0,0,0,0,0,0,0,0,0,0,0,0,0,0,0,0,0,0,0,0,0
2748,  2288251,   142,     0,  -243,  -102,     0,   -37,    -1,   -38,0,0,0,0,0,0,0,0,0,0,0,0,0,0,0,0,0,0,0,0,0,0,0,0,0,0,0,0,0,0,0,0
2749,  2289084,   143,     2,  -241,   -97,     1,   -37,     0,   -37,0,0,0,0,0,0,0,0,0,0,0,0,0,0,0,0,0,0,0,0,0,0,0,0,0,0,0,0,0,0,0,0
2750,  2289917,   140,    -1,  -241,  -103,     0,   -37,     0,   -37,0,0,0,0,0,0,0,0,0,0,0,0,0,0,0,0,0,0,0,0,0,0,0,0,0,0,0,0,0,0,0,0
2751,  2290750,   139,     2,  -243,  -103,     0,   -38,     0,   -38,0,0,0,0,0,0,0,0,0,0,0,0,0,0,0,0,0,0,0,0,0,0,0,0,0,0,0,0,0,0,0,0
2752,  2291583,   139,     1,  -242,  -103,    -1,   -38,     0,   -38,0,0,0,0,0,0,0,0,0,0,0,0,0,0,0,0,0,0,0,0,0,0,0,0,0,0,0,0,0,0,0,0
2753,  2292416,   137,     0,  -241,  -105,    -1,   -37,    -1,   -40,0,0,0,0,0,0,0,0,0,0,0,0,0,0,0,0,0,0,0,0,0,0,0,0,0,0,0,0,0,0,0,0
2754,  2293249,   134,     0,  -241,  -108,     0,   -37,     2,   -36,0,0,0,0,0,0,0,0,0,0,0,0,0,0,0,0,0,0,0,0,0,0,0,0,0,0,0,0,0,0,0,0
2755,  2294082,   135,     2,  -240,  -104,    -1,   -36,     0,   -37,0,0,0,0,0,0,0,0,0,0,0,0,0,0,0,0,0,0,0,0,0,0,0,0,0,0,0,0,0,0,0,0
2756,  2294915,   133,     1,  -241,  -108,     1,   -37,     1,   -34,0,0,0,0,0,0,0,0,0,0,0,0,0,0,0,0,0,0,0,0,0,0,0,0,0,0,0,0,0,0,0,0
2757,  2295748,   130,     1,  -239,  -109,    -1,   -37,    -1,   -39,0,0,0,0,0,0,0,0,0,0,0,0,0,0,0,0,0,0,0,0,0,0,0,0,0,0,0,0,0,0,0,0
2758,  2296581,   129,     1,  -240,  -111,     0,   -36,     0,   -36,0,0,0,0,0,0,0,0,0,0,0,0,0,0,0,0,0,0,0,0,0,0,0,0,0,0,0,0,0,0,0,0
2759,  2297414,   128,     0,  -239,  -112,     1,   -36,     0,   -35,0,0,0,0,0,0,0,0,0,0,0,0,0,0,0,0,0,0,0,0,0,0,0,0,0,0,0,0,0,0,0,0
2760,  2298247,   124,     2,  -239,  -114,     0,   -37,    -1,   -37,0,0,0,0,0,0,0,0,0,0,0,0,0,0,0,0,0,0,0,0,0,0,0,0,0,0,0,0,0,0,0,0
2761,  2299080,   124,     1,  -238,  -114,     1,   -38,     0,   -37,0,0,0,0,0,0,0,0,0,0,0,0,0,0,0,0,0,0,0,0,0,0,0,0,0,0,0,0,0,0,0,0
2762,  2299913,   122,     1,  -238,  -116,     0,   -37,    -1,   -38,0,0,0,0,0,0,0,0,0,0,0,0,0,0,0,0,0,0,0,0,0,0,0,0,0,0,0,0,0,0,0,0
2763,  2300746,   120,     1,  -237,  -117,     0,   -37,     1,   -36,0,0,0,0,0,0,0,0,0,0,0,0,0,0,0,0,0,0,0,0,0,0,0,0,0,0,0,0,0,0,0,0
2764,  2301579,   119,     2,  -238,  -118,     0,   -37,     0,   -36,0,0,0,0,0,0,0,0,0,0,0,0,0,0,0,0,0,0,0,0,0,0,0,0,0,0,0,0,0,0,0,0
2765,  2302412,   118,     0,  -237,  -120,     1,   -37,    -1,   -37,0,0,0,0,0,0,0,0,0,0,0,0,0,0,0,0,0,0,0,0,0,0,0,0,0,0,0,0,0,0,0,0
2766,  2303245,   115,    -1,  -235,  -122,     0,   -37,    -2,   -39,0,0,0,0,0,0,0,0,0,0,0,0,0,0,0,0,0,0,0,0,0,0,0,0,0,0,0,0,0,0,0,0
2767,  2304078,   114,     1,  -235,  -121,    -1,   -37,     0,   -38,0,0,0,0,0,0,0,0,0,0,0,0,0,0,0,0,0,0,0,0,0,0,0,0,0,0,0,0,0,0,0,0
2768,  2304911,   113,     0,  -235,  -123,     2,   -37,    -1,   -36,0,0,0,0,0,0,0,0,0,0,0,0,0,0,0,0,0,0,0,0,0,0,0,0,0,0,0,0,0,0,0,0
2769,  2305744,   111,     1,  -237,  -126,    -2,   -39,     0,   -40,0,0,0,0,0,0,0,0,0,0,0,0,0,0,0,0,0,0,0,0,0,0,0,0,0,0,0,0,0,0,0,0
2770,  2306577,   108,     1,  -235,  -127,     0,   -37,     0,   -36,0,0,0,0,0,0,0,0,0,0,0,0,0,0,0,0,0,0,0,0,0,0,0,0,0,0,0,0,0,0,0,0
2771,  2307410,   106,     1,  -234,  -128,     0,   -37,    -1,   -38,0,0,0,0,0,0,0,0,0,0,0,0,0,0,0,0,0,0,0,0,0,0,0,0,0,0,0,0,0,0,0,0
2772,  2308243,   103,     1,  -235,  -132,    -1,   -37,     0,   -38,0,0,0,0,0,0,0,0,0,0,0,0,0,0,0,0,0,0,0,0,0,0,0,0,0,0,0,0,0,0,0,0
2773,  2309076,   104,     2,  -234,  -129,     1,   -35,     1,   -33,0,0,0,0,0,0,0,0,0,0,0,0,0,0,0,0,0,0,0,0,0,0,0,0,0,0,0,0,0,0,0,0
2774,  2309909,   100,     1,  -233,  -133,    -1,   -36,    -1,   -38,0,0,0,0,0,0,0,0,0,0,0,0,0,0,0,0,0,0,0,0,0,0,0,0,0,0,0,0,0,0,0,0
2775,  2310742,    98,     1,  -230,  -132,     0,   -36,     0,   -36,0,0,0,0,0,0,0,0,0,0,0,0,0,0,0,0,0,0,0,0,0,0,0,0,0,0,0,0,0,0,0,0
2776,  2311575,    96,     1,  -233,  -137,     1,   -35,    -2,   -36,0,0,0,0,0,0,0,0,0,0,0,0,0,0,0,0,0,0,0,0,0,0,0,0,0,0,0,0,0,0,0,0
2777,  2312408,    95,    -1,  -231,  -138,    -1,   -37,     0,   -38,0,0,0,0,0,0,0,0,0,0,0,0,0,0,0,0,0,0,0,0,0,0,0,0,0,0,0,0,0,0,0,0
2778,  2313241,    91,     1,  -232,  -141,    -2,   -37,    -1,   -40,0,0,0,0,0,0,0,0,0,0,0,0,0,0,0,0,0,0,0,0,0,0,0,0,0,0,0,0,0,0,0,0
2779,  2314074,    89,     1,  -232,  -143,     1,   -37,    -1,   -37,0,0,0,0,0,0,0,0,0,0,0,0,0,0,0,0,0,0,0,0,0,0,0,0,0,0,0,0,0,0,0,0
2780,  2314907,    89,     3,  -230,  -139,     0,   -36,     1,   -35,0,0,0,0,0,0,0,0,0,0,0,0,0,0,0,0,0,0,0,0,0,0,0,0,0,0,0,0,0,0,0,0
2781,  2315740,    84,     0,  -232,  -149,    -1,   -36,     0,   -36,0,0,0,0,0,0,0,0,0,0,0,0,0,0,0,0,0,0,0,0,0,0,0,0,0,0,0,0,0,0,0,0
2782,  2316573,    85,     2,  -230,  -144,     0,   -36,     0,   -36,0,0,0,0,0,0,0,0,0,0,0,0,0,0,0,0,0,0,0,0,0,0,0,0,0,0,0,0,0,0,0,0
2783,  2317406,    81,     3,  -231,  -148,     0,   -37,    -1,   -38,0,0,0,0,0,0,0,0,0,0,0,0,0,0,0,0,0,0,0,0,0,0,0,0,0,0,0,0,0,0,0,0
2784,  2318239,    79,     2,  -231,  -150,     0,   -38,    -1,   -39,0,0,0,0,0,0,0,0,0,0,0,0,0,0,0,0,0,0,0,0,0,0,0,0,0,0,0,0,0,0,0,0
2785,  2319072,    76,     0,  -230,  -155,    -1,   -36,     0,   -37,0,0,0,0,0,0,0,0,0,0,0,0,0,0,0,0,0,0,0,0,0,0,0,0,0,0,0,0,0,0,0,0
2786,  2319905,    75,     1,  -230,  -155,    -1,   -38,    -1,   -39,0,0,0,0,0,0,0,0,0,0,0,0,0,0,0,0,0,0,0,0,0,0,0,0,0,0,0,0,0,0,0,0
2787,  2320738,    70,     2,  -227,  -156,    -1,   -38,     0,   -39,0,0,0,0,0,0,0,0,0,0,0,0,0,0,0,0,0,0,0,0,0,0,0,0,0,0,0,0,0,0,0,0
2788,  2321571,    69,     1,  -227,  -158,     0,   -37,     0,   -36,0,0,0,0,0,0,0,0,0,0,0,0,0,0,0,0,0,0,0,0,0,0,0,0,0,0,0,0,0,0,0,0
2789,  2322404,    66,     2,  -227,  -160,     1,   -36,     1,   -34,0,0,0,0,0,0,0,0,0,0,0,0,0,0,0,0,0,0,0,0,0,0,0,0,0,0,0,0,0,0,0,0
2790,  2323237,    65,     2,  -227,  -161,     0,   -38,    -1,   -39,0,0,0,0,0,0,0,0,0,0,0,0,0,0,0,0,0,0,0,0,0,0,0,0,0,0,0,0,0,0,0,0
2791,  2324070,    63,     2,  -226,  -162,     0,   -36,     0,   -36,0,0,0,0,0,0,0,0,0,0,0,0,0,0,0,0,0,0,0,0,0,0,0,0,0,0,0,0,0,0,0,0
2792,  2324903,    59,     2,  -227,  -167,     1,   -36,     0,   -35,0,0,0,0,0,0,0,0,0,0,0,0,0,0,0,0,0,0,0,0,0,0,0,0,0,0,0,0,0,0,0,0
2793,  2325736,    57,     1,  -227,  -170,     0,   -37,     0,   -37,0,0,0,0,0,0,0,0,0,0,0,0,0,0,0,0,0,0,0,0,0,0,0,0,0,0,0,0,0,0,0,0
2794,  2326569,    55,     1,  -226,  -171,    -1,   -36,    -1,   -38,0,0,0,0,0,0,0,0,0,0,0,0,0,0,0,0,0,0,0,0,0,0,0,0,0,0,0,0,0,0,0,0
2795,  2327402,    49,     0,  -224,  -176,     2,   -36,     1,   -33,0,0,0,0,0,0,0,0,0,0,0,0,0,0,0,0,0,0,0,0,0,0,0,0,0,0,0,0,0,0,0,0
2796,  2328235,    49,     1,  -225,  -176,     0,   -35,     0,   -36,0,0,0,0,0,0,0,0,0,0,0,0,0,0,0,0,0,0,0,0,0,0,0,0,0,0,0,0,0,0,0,0
2797,  2329068,    47,     2,  -224,  -176,     1,   -36,     0,   -34,0,0,0,0,0,0,0,0,0,0,0,0,0,0,0,0,0,0,0,0,0,0,0,0,0,0,0,0,0,0,0,0
2798,  2329901,    44,     0,  -225,  -182,    -1,   -36,     0,   -37,0,0,0,0,0,0,0,0,0,0,0,0,0,0,0,0,0,0,0,0,0,0,0,0,0,0,0,0,0,0,0,0
2799,  2330734,    41,     2,  -224,  -182,     1,   -37,     0,   -36,0,0,0,0,0,0,0,0,0,0,0,0,0,0,0,0,0,0,0,0,0,0,0,0,0,0,0,0,0,0,0,0
2800,  2331567,    40,     2,  -225,  -184,     1,   -36,     0,   -34,0,0,0,0,0,0,0,0,0,0,0,0,0,0,0,0,0,0,0,0,0,0,0,0,0,0,0,0,0,0,0,0
2801,  2332400,    36,     0,  -223,  -188,     0,   -36,    -1,   -37,0,0,0,0,0,0,0,0,0,0,0,0,0,0,0,0,0,0,0,0,0,0,0,0,0,0,0,0,0,0,0,0
2802,  2333233,    32,     1,  -222,  -189,     1,   -36,     0,   -35,0,0,0,0,0,0,0,0,0,0,0,0,0,0,0,0,0,0,0,0,0,0,0,0,0,0,0,0,0,0,0,0
2803,  2334066,    30,     2,  -219,  -187,     0,   -36,     1,   -34,0,0,0,0,0,0,0,0,0,0,0,0,0,0,0,0,0,0,0,0,0,0,0,0,0,0,0,0,0,0,0,0
2804,  2334899,    27,     2,  -223,  -194,     1,   -36,    -1,   -36,0,0,0,0,0,0,0,0,0,0,0,0,0,0,0,0,0,0,0,0,0,0,0,0,0,0,0,0,0,0,0,0
2805,  2335732,    26,     0,  -221,  -195,    -1,   -37,     0,   -37,0,0,0,0,0,0,0,0,0,0,0,0,0,0,0,0,0,0,0,0,0,0,0,0,0,0,0,0,0,0,0,0
2806,  2336565,    23,     2,  -219,  -194,     1,   -36,    -1,   -36,0,0,0,0,0,0,0,0,0,0,0,0,0,0,0,0,0,0,0,0,0,0,0,0,0,0,0,0,0,0,0,0
2807,  2337398,    20,     0,  -218,  -198,     1,   -37,    -1,   -37,0,0,0,0,0,0,0,0,0,0,0,0,0,0,0,0,0,0,0,0,0,0,0,0,0,0,0,0,0,0,0,0
2808,  2338231,    16,     1,  -218,  -201,    -1,   -37,     1,   -37,0,0,0,0,0,0,0,0,0,0,0,0,0,0,0,0,0,0,0,0,0,0,0,0,0,0,0,0,0,0,0,0
2809,  2339064,    13,     3,  -219,  -203,     3,   -34,     0,   -31,0,0,0,0,0,0,0,0,0,0,0,0,0,0,0,0,0,0,0,0,0,0,0,0,0,0,0,0,0,0,0,0
2810,  2339897,    12,     1,  -219,  -206,     0,   -35,     0,   -36,0,0,0,0,0,0,0,0,0,0,0,0,0,0,0,0,0,0,0,0,0,0,0,0,0,0,0,0,0,0,0,0
2811,  2340730,     8,     2,  -216,  -206,     0,   -37,     0,   -37,0,0,0,0,0,0,0,0,0,0,0,0,0,0,0,0,0,0,0,0,0,0,0,0,0,0,0,0,0,0,0,0
2812,  2341563,     7,     2,  -217,  -208,    -1,   -35,     0,   -36,0,0,0,0,0,0,0,0,0,0,0,0,0,0,0,0,0,0,0,0,0,0,0,0,0,0,0,0,0,0,0,0
2813,  2342396,     4,     1,  -216,  -211,    -2,   -35,    -1,   -37,0,0,0,0,0,0,0,0,0,0,0,0,0,0,0,0,0,0,0,0,0,0,0,0,0,0,0,0,0,0,0,0
2814,  2343229,     0,     0,  -217,  -217,    -1,   -37,     0,   -38,0,0,0,0,0,0,0,0,0,0,0,0,0,0,0,0,0,0,0,0,0,0,0,0,0,0,0,0,0,0,0,0
2815,  2344062,    -2,     1,  -214,  -215,     0,   -37,    -1,   -38,0,0,0,0,0,0,0,0,0,0,0,0,0,0,0,0,0,0,0,0,0,0,0,0,0,0,0,0,0,0,0,0
2816,  2344895,    -5,     1,  -217,  -221,    -1,   -37,     0,   -37,0,0,0,0,0,0,0,0,0,0,0,0,0,0,0,0,0,0,0,0,0,0,0,0,0,0,0,0,0,0,0,0
2817,  2345728,    -9,    -1,  -216,  -226,    -1,   -36,     0,   -37,0,0,0,0,0,0,0,0,0,0,0,0,0,0,0,0,0,0,0,0,0,0,0,0,0,0,0,0,0,0,0,0
2818,  2346561,   -10,     0,  -215,  -225,     0,   -36,    -1,   -37,0,0,0,0,0,0,0,0,0,0,0,0,0,0,0,0,0,0,0,0,0,0,0,0,0,0,0,0,0,0,0,0
2819,  2347394,   -14,     2,  -214,  -226,     1,   -36,    -1,   -36,0,0,0,0,0,0,0,0,0,0,0,0,0,0,0,0,0,0,0,0,0,0,0,0,0,0,0,0,0,0,0,0
2820,  2348227,   -16,     0,  -215,  -231,     0,   -35,     1,   -34,0,0,0,0,0,0,0,0,0,0,0,0,0,0,0,0,0,0,0,0,0,0,0,0,0,0,0,0,0,0,0,0
2821,  2349060,   -18,     1,  -215,  -232,     1,   -35,    -1,   -36,0,0,0,0,0,0,0,0,0,0,0,0,0,0,0,0,0,0,0,0,0,0,0,0,0,0,0,0,0,0,0,0
2822,  2349893,   -20,     1,  -215,  -234,    -2,   -37,     1,   -37,0,0,0,0,0,0,0,0,0,0,0,0,0,0,0,0,0,0,0,0,0,0,0,0,0,0,0,0,0,0,0,0
2823,  2350726,   -22,     2,  -213,  -233,     0,   -35,     0,   -36,0,0,0,0,0,0,0,0,0,0,0,0,0,0,0,0,0,0,0,0,0,0,0,0,0,0,0,0,0,0,0,0
2824,  2351559,   -24,     1,  -213,  -236,    -1,   -35,     0,   -36,0,0,0,0,0,0,0,0,0,0,0,0,0,0,0,0,0,0,0,0,0,0,0,0,0,0,0,0,0,0,0,0
2825,  2352392,   -27,     1,  -214,  -240,     1,   -35,     0,   -34,0,0,0,0,0,0,0,0,0,0,0,0,0,0,0,0,0,0,0,0,0,0,0,0,0,0,0,0,0,0,0,0
2826,  2353225,   -29,     1,  -212,  -240,     0,   -37,     0,   -37,0,0,0,0,0,0,0,0,0,0,0,0,0,0,0,0,0,0,0,0,0,0,0,0,0,0,0,0,0,0,0,0
2827,  2354058,   -33,     2,  -211,  -242,     2,   -36,     0,   -34,0,0,0,0,0,0,0,0,0,0,0,0,0,0,0,0,0,0,0,0,0,0,0,0,0,0,0,0,0,0,0,0
2828,  2354891,   -34,     1,  -211,  -244,     0,   -34,     0,   -35,0,0,0,0,0,0,0,0,0,0,0,0,0,0,0,0,0,0,0,0,0,0,0,0,0,0,0,0,0,0,0,0
2829,  2355724,   -37,     1,  -211,  -247,     0,   -35,    -1,   -36,0,0,0,0,0,0,0,0,0,0,0,0,0,0,0,0,0,0,0,0,0,0,0,0,0,0,0,0,0,0,0,0
2830,  2356557,   -40,     2,  -210,  -248,    -1,   -36,     0,   -37,0,0,0,0,0,0,0,0,0,0,0,0,0,0,0,0,0,0,0,0,0,0,0,0,0,0,0,0,0,0,0,0
2831,  2357390,   -42,     3,  -209,  -248,     1,   -34,    -1,   -34,0,0,0,0,0,0,0,0,0,0,0,0,0,0,0,0,0,0,0,0,0,0,0,0,0,0,0,0,0,0,0,0
2832,  2358223,   -44,     1,  -208,  -251,     1,   -36,     0,   -34,0,0,0,0,0,0,0,0,0,0,0,0,0,0,0,0,0,0,0,0,0,0,0,0,0,0,0,0,0,0,0,0
2833,  2359056,   -48,     2,  -208,  -254,     0,   -36,     0,   -36,0,0,0,0,0,0,0,0,0,0,0,0,0,0,0,0,0,0,0,0,0,0,0,0,0,0,0,0,0,0,0,0
2834,  2359889,   -49,     2,  -208,  -255,    -1,   -35,     0,   -37,0,0,0,0,0,0,0,0,0,0,0,0,0,0,0,0,0,0,0,0,0,0,0,0,0,0,0,0,0,0,0,0
2835,  2360722,   -52,     2,  -207,  -257,     0,   -37,     0,   -37,0,0,0,0,0,0,0,0,0,0,0,0,0,0,0,0,0,0,0,0,0,0,0,0,0,0,0,0,0,0,0,0
2836,  2361555,   -54,     2,  -208,  -260,     1,   -35,    -1,   -35,0,0,0,0,0,0,0,0,0,0,0,0,0,0,0,0,0,0,0,0,0,0,0,0,0,0,0,0,0,0,0,0
2837,  2362388,   -58,     1,  -207,  -264,     0,   -36,    -1,   -37,0,0,0,0,0,0,0,0,0,0,0,0,0,0,0,0,0,0,0,0,0,0,0,0,0,0,0,0,0,0,0,0
2838,  2363221,   -60,     0,  -206,  -266,     1,   -34,     0,   -33,0,0,0,0,0,0,0,0,0,0,0,0,0,0,0,0,0,0,0,0,0,0,0,0,0,0,0,0,0,0,0,0
2839,  2364054,   -62,     0,  -207,  -269,    -1,   -37,     0,   -38,0,0,0,0,0,0,0,0,0,0,0,0,0,0,0,0,0,0,0,0,0,0,0,0,0,0,0,0,0,0,0,0
2840,  2364887,   -64,     2,  -206,  -268,    -1,   -36,     0,   -36,0,0,0,0,0,0,0,0,0,0,0,0,0,0,0,0,0,0,0,0,0,0,0,0,0,0,0,0,0,0,0,0
2841,  2365720,   -65,     1,  -204,  -268,     0,   -36,    -1,   -37,0,0,0,0,0,0,0,0,0,0,0,0,0,0,0,0,0,0,0,0,0,0,0,0,0,0,0,0,0,0,0,0
2842,  2366553,   -68,     2,  -207,  -273,     0,   -36,    -1,   -36,0,0,0,0,0,0,0,0,0,0,0,0,0,0,0,0,0,0,0,0,0,0,0,0,0,0,0,0,0,0,0,0
2843,  2367386,   -71,    -1,  -204,  -276,     1,   -35,     0,   -33,0,0,0,0,0,0,0,0,0,0,0,0,0,0,0,0,0,0,0,0,0,0,0,0,0,0,0,0,0,0,0,0
2844,  2368219,   -74,     0,  -204,  -278,    -1,   -35,     0,   -35,0,0,0,0,0,0,0,0,0,0,0,0,0,0,0,0,0,0,0,0,0,0,0,0,0,0,0,0,0,0,0,0
2845,  2369052,   -77,     1,  -201,  -277,    -2,   -36,    -1,   -38,0,0,0,0,0,0,0,0,0,0,0,0,0,0,0,0,0,0,0,0,0,0,0,0,0,0,0,0,0,0,0,0
2846,  2369885,   -80,     0,  -202,  -282,     1,   -37,     0,   -35,0,0,0,0,0,0,0,0,0,0,0,0,0,0,0,0,0,0,0,0,0,0,0,0,0,0,0,0,0,0,0,0
2847,  2370718,   -81,     1,  -201,  -281,    -1,   -36,    -1,   -38,0,0,0,0,0,0,0,0,0,0,0,0,0,0,0,0,0,0,0,0,0,0,0,0,0,0,0,0,0,0,0,0
2848,  2371551,   -83,     0,  -202,  -285,    -1,   -36,     0,   -37,0,0,0,0,0,0,0,0,0,0,0,0,0,0,0,0,0,0,0,0,0,0,0,0,0,0,0,0,0,0,0,0
2849,  2372384,   -86,     1,  -202,  -287,     0,   -36,     0,   -36,0,0,0,0,0,0,0,0,0,0,0,0,0,0,0,0,0,0,0,0,0,0,0,0,0,0,0,0,0,0,0,0
2850,  2373217,   -88,     0,  -200,  -288,    -2,   -35,     0,   -37,0,0,0,0,0,0,0,0,0,0,0,0,0,0,0,0,0,0,0,0,0,0,0,0,0,0,0,0,0,0,0,0
2851,  2374050,   -91,     2,  -200,  -289,     0,   -36,     0,   -36,0,0,0,0,0,0,0,0,0,0,0,0,0,0,0,0,0,0,0,0,0,0,0,0,0,0,0,0,0,0,0,0
2852,  2374883,   -93,     1,  -200,  -292,     1,   -34,    -1,   -34,0,0,0,0,0,0,0,0,0,0,0,0,0,0,0,0,0,0,0,0,0,0,0,0,0,0,0,0,0,0,0,0
2853,  2375716,   -95,     1,  -200,  -294,    -2,   -35,     0,   -37,0,0,0,0,0,0,0,0,0,0,0,0,0,0,0,0,0,0,0,0,0,0,0,0,0,0,0,0,0,0,0,0
2854,  2376549,   -99,     1,  -199,  -297,     0,   -34,    -1,   -35,0,0,0,0,0,0,0,0,0,0,0,0,0,0,0,0,0,0,0,0,0,0,0,0,0,0,0,0,0,0,0,0
2855,  2377382,  -101,     2,  -200,  -299,    -2,   -36,    -1,   -38,0,0,0,0,0,0,0,0,0,0,0,0,0,0,0,0,0,0,0,0,0,0,0,0,0,0,0,0,0,0,0,0
2856,  2378215,  -101,     2,  -198,  -297,    -1,   -36,    -1,   -37,0,0,0,0,0,0,0,0,0,0,0,0,0,0,0,0,0,0,0,0,0,0,0,0,0,0,0,0,0,0,0,0
2857,  2379048,  -105,     1,  -197,  -301,     2,   -36,     0,   -34,0,0,0,0,0,0,0,0,0,0,0,0,0,0,0,0,0,0,0,0,0,0,0,0,0,0,0,0,0,0,0,0
2858,  2379881,  -106,     0,  -199,  -305,    -1,   -36,     0,   -37,0,0,0,0,0,0,0,0,0,0,0,0,0,0,0,0,0,0,0,0,0,0,0,0,0,0,0,0,0,0,0,0
2859,  2380714,  -108,     1,  -197,  -304,     0,   -35,    -1,   -36,0,0,0,0,0,0,0,0,0,0,0,0,0,0,0,0,0,0,0,0,0,0,0,0,0,0,0,0,0,0,0,0
2860,  2381547,  -111,     2,  -198,  -307,     1,   -34,     1,   -32,0,0,0,0,0,0,0,0,0,0,0,0,0,0,0,0,0,0,0,0,0,0,0,0,0,0,0,0,0,0,0,0
2861,  2382380,  -113,     2,  -197,  -308,     1,   -35,     0,   -33,0,0,0,0,0,0,0,0,0,0,0,0,0,0,0,0,0,0,0,0,0,0,0,0,0,0,0,0,0,0,0,0
2862,  2383213,  -114,     0,  -197,  -311,     0,   -35,    -1,   -36,0,0,0,0,0,0,0,0,0,0,0,0,0,0,0,0,0,0,0,0,0,0,0,0,0,0,0,0,0,0,0,0
2863,  2384046,  -117,     1,  -195,  -311,    -1,   -36,    -1,   -38,0,0,0,0,0,0,0,0,0,0,0,0,0,0,0,0,0,0,0,0,0,0,0,0,0,0,0,0,0,0,0,0
2864,  2384879,  -119,     0,  -195,  -314,     0,   -36,     0,   -36,0,0,0,0,0,0,0,0,0,0,0,0,0,0,0,0,0,0,0,0,0,0,0,0,0,0,0,0,0,0,0,0
2865,  2385712,  -121,     2,  -195,  -314,    -1,   -34,    -1,   -36,0,0,0,0,0,0,0,0,0,0,0,0,0,0,0,0,0,0,0,0,0,0,0,0,0,0,0,0,0,0,0,0
2866,  2386545,  -123,     1,  -195,  -317,     2,   -35,    -1,   -34,0,0,0,0,0,0,0,0,0,0,0,0,0,0,0,0,0,0,0,0,0,0,0,0,0,0,0,0,0,0,0,0
2867,  2387378,  -125,     1,  -194,  -318,     0,   -35,    -1,   -35,0,0,0,0,0,0,0,0,0,0,0,0,0,0,0,0,0,0,0,0,0,0,0,0,0,0,0,0,0,0,0,0
2868,  2388211,  -128,     0,  -192,  -320,     0,   -36,    -1,   -36,0,0,0,0,0,0,0,0,0,0,0,0,0,0,0,0,0,0,0,0,0,0,0,0,0,0,0,0,0,0,0,0
2869,  2389044,  -130,     0,  -194,  -324,     0,   -36,     0,   -36,0,0,0,0,0,0,0,0,0,0,0,0,0,0,0,0,0,0,0,0,0,0,0,0,0,0,0,0,0,0,0,0
2870,  2389877,  -131,     1,  -192,  -322,     1,   -34,    -1,   -34,0,0,0,0,0,0,0,0,0,0,0,0,0,0,0,0,0,0,0,0,0,0,0,0,0,0,0,0,0,0,0,0
2871,  2390710,  -134,     2,  -193,  -325,     2,   -33,     1,   -31,0,0,0,0,0,0,0,0,0,0,0,0,0,0,0,0,0,0,0,0,0,0,0,0,0,0,0,0,0,0,0,0
2872,  2391543,  -135,     1,  -189,  -323,    -1,   -36,     0,   -37,0,0,0,0,0,0,0,0,0,0,0,0,0,0,0,0,0,0,0,0,0,0,0,0,0,0,0,0,0,0,0,0
2873,  2392376,  -137,     3,  -192,  -326,     0,   -35,     0,   -34,0,0,0,0,0,0,0,0,0,0,0,0,0,0,0,0,0,0,0,0,0,0,0,0,0,0,0,0,0,0,0,0
2874,  2393209,  -138,     0,  -190,  -328,     0,   -33,    -1,   -34,0,0,0,0,0,0,0,0,0,0,0,0,0,0,0,0,0,0,0,0,0,0,0,0,0,0,0,0,0,0,0,0
2875,  2394042,  -140,    -1,  -191,  -332,    -1,   -36,    -1,   -37,0,0,0,0,0,0,0,0,0,0,0,0,0,0,0,0,0,0,0,0,0,0,0,0,0,0,0,0,0,0,0,0
2876,  2394875,  -145,     1,  -188,  -332,    -1,   -34,     0,   -35,0,0,0,0,0,0,0,0,0,0,0,0,0,0,0,0,0,0,0,0,0,0,0,0,0,0,0,0,0,0,0,0
2877,  2395708,  -144,     1,  -191,  -334,     1,   -34,    -2,   -35,0,0,0,0,0,0,0,0,0,0,0,0,0,0,0,0,0,0,0,0,0,0,0,0,0,0,0,0,0,0,0,0
2878,  2396541,  -147,     2,  -190,  -335,     1,   -34,     2,   -31,0,0,0,0,0,0,0,0,0,0,0,0,0,0,0,0,0,0,0,0,0,0,0,0,0,0,0,0,0,0,0,0
2879,  2397374,  -148,     1,  -190,  -337,     1,   -34,     0,   -34,0,0,0,0,0,0,0,0,0,0,0,0,0,0,0,0,0,0,0,0,0,0,0,0,0,0,0,0,0,0,0,0
2880,  2398207,  -149,     4,  -188,  -333,     0,   -34,    -1,   -35,0,0,0,0,0,0,0,0,0,0,0,0,0,0,0,0,0,0,0,0,0,0,0,0,0,0,0,0,0,0,0,0
2881,  2399040,  -151,     0,  -188,  -339,    -1,   -35,    -1,   -38,0,0,0,0,0,0,0,0,0,0,0,0,0,0,0,0,0,0,0,0,0,0,0,0,0,0,0,0,0,0,0,0
2882,  2399873,  -150,     2,  -188,  -336,     0,   -35,     0,   -35,0,0,0,0,0,0,0,0,0,0,0,0,0,0,0,0,0,0,0,0,0,0,0,0,0,0,0,0,0,0,0,0
2883,  2400706,  -154,     2,  -187,  -339,     0,   -35,    -2,   -36,0,0,0,0,0,0,0,0,0,0,0,0,0,0,0,0,0,0,0,0,0,0,0,0,0,0,0,0,0,0,0,0
2884,  2401539,  -156,     0,  -186,  -342,     1,   -36,     0,   -34,0,0,0,0,0,0,0,0,0,0,0,0,0,0,0,0,0,0,0,0,0,0,0,0,0,0,0,0,0,0,0,0
2885,  2402372,  -158,     2,  -187,  -343,     0,   -35,    -1,   -35,0,0,0,0,0,0,0,0,0,0,0,0,0,0,0,0,0,0,0,0,0,0,0,0,0,0,0,0,0,0,0,0
2886,  2403205,  -159,     1,  -186,  -344,    -1,   -33,    -1,   -35,0,0,0,0,0,0,0,0,0,0,0,0,0,0,0,0,0,0,0,0,0,0,0,0,0,0,0,0,0,0,0,0
2887,  2404038,  -160,     1,  -185,  -344,     1,   -36,    -1,   -36,0,0,0,0,0,0,0,0,0,0,0,0,0,0,0,0,0,0,0,0,0,0,0,0,0,0,0,0,0,0,0,0
2888,  2404871,  -162,     0,  -184,  -346,     2,   -34,     1,   -32,0,0,0,0,0,0,0,0,0,0,0,0,0,0,0,0,0,0,0,0,0,0,0,0,0,0,0,0,0,0,0,0
2889,  2405704,  -163,     0,  -184,  -347,     1,   -33,     0,   -32,0,0,0,0,0,0,0,0,0,0,0,0,0,0,0,0,0,0,0,0,0,0,0,0,0,0,0,0,0,0,0,0
2890,  2406537,  -163,     1,  -184,  -346,     0,   -36,     1,   -34,0,0,0,0,0,0,0,0,0,0,0,0,0,0,0,0,0,0,0,0,0,0,0,0,0,0,0,0,0,0,0,0
2891,  2407370,  -166,     0,  -185,  -351,     0,   -33,    -1,   -35,0,0,0,0,0,0,0,0,0,0,0,0,0,0,0,0,0,0,0,0,0,0,0,0,0,0,0,0,0,0,0,0
2892,  2408203,  -167,     1,  -184,  -350,     0,   -35,    -1,   -36,0,0,0,0,0,0,0,0,0,0,0,0,0,0,0,0,0,0,0,0,0,0,0,0,0,0,0,0,0,0,0,0
2893,  2409036,  -169,     2,  -183,  -350,     2,   -33,     1,   -31,0,0,0,0,0,0,0,0,0,0,0,0,0,0,0,0,0,0,0,0,0,0,0,0,0,0,0,0,0,0,0,0
2894,  2409869,  -170,     1,  -182,  -351,     0,   -33,    -1,   -34,0,0,0,0,0,0,0,0,0,0,0,0,0,0,0,0,0,0,0,0,0,0,0,0,0,0,0,0,0,0,0,0
2895,  2410702,  -171,     0,  -185,  -356,     1,   -34,     0,   -33,0,0,0,0,0,0,0,0,0,0,0,0,0,0,0,0,0,0,0,0,0,0,0,0,0,0,0,0,0,0,0,0
2896,  2411535,  -171,     1,  -182,  -352,     1,   -35,     0,   -33,0,0,0,0,0,0,0,0,0,0,0,0,0,0,0,0,0,0,0,0,0,0,0,0,0,0,0,0,0,0,0,0
2897,  2412368,  -173,     2,  -180,  -351,     0,   -35,     0,   -35,0,0,0,0,0,0,0,0,0,0,0,0,0,0,0,0,0,0,0,0,0,0,0,0,0,0,0,0,0,0,0,0
2898,  2413201,  -174,     1,  -180,  -353,     0,   -36,     0,   -36,0,0,0,0,0,0,0,0,0,0,0,0,0,0,0,0,0,0,0,0,0,0,0,0,0,0,0,0,0,0,0,0
2899,  2414034,  -175,     0,  -179,  -354,     0,   -34,     0,   -35,0,0,0,0,0,0,0,0,0,0,0,0,0,0,0,0,0,0,0,0,0,0,0,0,0,0,0,0,0,0,0,0
2900,  2414867,  -176,     2,  -180,  -354,     1,   -34,     1,   -32,0,0,0,0,0,0,0,0,0,0,0,0,0,0,0,0,0,0,0,0,0,0,0,0,0,0,0,0,0,0,0,0
2901,  2415700,  -179,     0,  -181,  -360,     0,   -34,    -1,   -35,0,0,0,0,0,0,0,0,0,0,0,0,0,0,0,0,0,0,0,0,0,0,0,0,0,0,0,0,0,0,0,0
2902,  2416533,  -179,     0,  -180,  -359,     1,   -34,    -1,   -34,0,0,0,0,0,0,0,0,0,0,0,0,0,0,0,0,0,0,0,0,0,0,0,0,0,0,0,0,0,0,0,0
2903,  2417366,  -179,     2,  -180,  -357,     0,   -34,    -1,   -36,0,0,0,0,0,0,0,0,0,0,0,0,0,0,0,0,0,0,0,0,0,0,0,0,0,0,0,0,0,0,0,0
2904,  2418199,  -180,     3,  -179,  -356,     1,   -34,    -1,   -34,0,0,0,0,0,0,0,0,0,0,0,0,0,0,0,0,0,0,0,0,0,0,0,0,0,0,0,0,0,0,0,0
2905,  2419032,  -182,     1,  -178,  -359,     0,   -34,     0,   -35,0,0,0,0,0,0,0,0,0,0,0,0,0,0,0,0,0,0,0,0,0,0,0,0,0,0,0,0,0,0,0,0
2906,  2419865,  -182,     1,  -178,  -359,     0,   -34,     0,   -35,0,0,0,0,0,0,0,0,0,0,0,0,0,0,0,0,0,0,0,0,0,0,0,0,0,0,0,0,0,0,0,0
2907,  2420698,  -186,     1,  -178,  -363,     1,   -34,    -1,   -34,0,0,0,0,0,0,0,0,0,0,0,0,0,0,0,0,0,0,0,0,0,0,0,0,0,0,0,0,0,0,0,0
2908,  2421531,  -185,     1,  -177,  -361,     0,   -35,     0,   -35,0,0,0,0,0,0,0,0,0,0,0,0,0,0,0,0,0,0,0,0,0,0,0,0,0,0,0,0,0,0,0,0
2909,  2422364,  -185,     1,  -176,  -360,     0,   -33,    -1,   -35,0,0,0,0,0,0,0,0,0,0,0,0,0,0,0,0,0,0,0,0,0,0,0,0,0,0,0,0,0,0,0,0
2910,  2423197,  -186,     0,  -176,  -362,    -1,   -34,     0,   -35,0,0,0,0,0,0,0,0,0,0,0,0,0,0,0,0,0,0,0,0,0,0,0,0,0,0,0,0,0,0,0,0
2911,  2424030,  -186,     1,  -176,  -361,     0,   -35,     0,   -35,0,0,0,0,0,0,0,0,0,0,0,0,0,0,0,0,0,0,0,0,0,0,0,0,0,0,0,0,0,0,0,0
2912,  2424863,  -189,     1,  -175,  -363,     0,   -35,    -1,   -36,0,0,0,0,0,0,0,0,0,0,0,0,0,0,0,0,0,0,0,0,0,0,0,0,0,0,0,0,0,0,0,0
2913,  2425696,  -189,     0,  -176,  -365,     0,   -35,     0,   -36,0,0,0,0,0,0,0,0,0,0,0,0,0,0,0,0,0,0,0,0,0,0,0,0,0,0,0,0,0,0,0,0
2914,  2426529,  -191,     0,  -174,  -365,     0,   -37,     0,   -37,0,0,0,0,0,0,0,0,0,0,0,0,0,0,0,0,0,0,0,0,0,0,0,0,0,0,0,0,0,0,0,0
2915,  2427362,  -192,     0,  -174,  -366,     1,   -33,     0,   -32,0,0,0,0,0,0,0,0,0,0,0,0,0,0,0,0,0,0,0,0,0,0,0,0,0,0,0,0,0,0,0,0
2916,  2428195,  -191,     0,  -174,  -365,     1,   -34,     1,   -32,0,0,0,0,0,0,0,0,0,0,0,0,0,0,0,0,0,0,0,0,0,0,0,0,0,0,0,0,0,0,0,0
2917,  2429028,  -192,     0,  -175,  -367,    -1,   -34,     0,   -35,0,0,0,0,0,0,0,0,0,0,0,0,0,0,0,0,0,0,0,0,0,0,0,0,0,0,0,0,0,0,0,0
2918,  2429861,  -192,     1,  -172,  -363,     0,   -35,    -1,   -36,0,0,0,0,0,0,0,0,0,0,0,0,0,0,0,0,0,0,0,0,0,0,0,0,0,0,0,0,0,0,0,0
2919,  2430694,  -191,     1,  -173,  -363,     1,   -33,     0,   -31,0,0,0,0,0,0,0,0,0,0,0,0,0,0,0,0,0,0,0,0,0,0,0,0,0,0,0,0,0,0,0,0
2920,  2431527,  -194,     0,  -174,  -368,     2,   -32,     0,   -31,0,0,0,0,0,0,0,0,0,0,0,0,0,0,0,0,0,0,0,0,0,0,0,0,0,0,0,0,0,0,0,0
2921,  2432360,  -194,     1,  -171,  -364,     0,   -34,    -1,   -34,0,0,0,0,0,0,0,0,0,0,0,0,0,0,0,0,0,0,0,0,0,0,0,0,0,0,0,0,0,0,0,0
2922,  2433193,  -195,     1,  -171,  -365,     0,   -35,     0,   -35,0,0,0,0,0,0,0,0,0,0,0,0,0,0,0,0,0,0,0,0,0,0,0,0,0,0,0,0,0,0,0,0
2923,  2434026,  -196,     1,  -170,  -365,     0,   -36,    -1,   -37,0,0,0,0,0,0,0,0,0,0,0,0,0,0,0,0,0,0,0,0,0,0,0,0,0,0,0,0,0,0,0,0
2924,  2434859,  -197,     1,  -171,  -367,     0,   -34,    -1,   -35,0,0,0,0,0,0,0,0,0,0,0,0,0,0,0,0,0,0,0,0,0,0,0,0,0,0,0,0,0,0,0,0
2925,  2435692,  -197,     1,  -170,  -366,     1,   -34,     0,   -34,0,0,0,0,0,0,0,0,0,0,0,0,0,0,0,0,0,0,0,0,0,0,0,0,0,0,0,0,0,0,0,0
2926,  2436525,  -197,     2,  -170,  -365,     1,   -33,     0,   -32,0,0,0,0,0,0,0,0,0,0,0,0,0,0,0,0,0,0,0,0,0,0,0,0,0,0,0,0,0,0,0,0
2927,  2437358,  -198,     3,  -170,  -365,     1,   -32,     0,   -31,0,0,0,0,0,0,0,0,0,0,0,0,0,0,0,0,0,0,0,0,0,0,0,0,0,0,0,0,0,0,0,0
2928,  2438191,  -198,     2,  -169,  -365,    -1,   -34,     1,   -34,0,0,0,0,0,0,0,0,0,0,0,0,0,0,0,0,0,0,0,0,0,0,0,0,0,0,0,0,0,0,0,0
2929,  2439024,  -199,     1,  -170,  -368,     0,   -33,     0,   -33,0,0,0,0,0,0,0,0,0,0,0,0,0,0,0,0,0,0,0,0,0,0,0,0,0,0,0,0,0,0,0,0
2930,  2439857,  -198,     2,  -169,  -365,     0,   -35,    -1,   -36,0,0,0,0,0,0,0,0,0,0,0,0,0,0,0,0,0,0,0,0,0,0,0,0,0,0,0,0,0,0,0,0
2931,  2440690,  -198,     1,  -169,  -366,     0,   -35,    -1,   -36,0,0,0,0,0,0,0,0,0,0,0,0,0,0,0,0,0,0,0,0,0,0,0,0,0,0,0,0,0,0,0,0
2932,  2441523,  -200,     1,  -167,  -366,     1,   -32,    -1,   -31,0,0,0,0,0,0,0,0,0,0,0,0,0,0,0,0,0,0,0,0,0,0,0,0,0,0,0,0,0,0,0,0
2933,  2442356,  -200,     2,  -168,  -366,     2,   -32,     1,   -30,0,0,0,0,0,0,0,0,0,0,0,0,0,0,0,0,0,0,0,0,0,0,0,0,0,0,0,0,0,0,0,0
2934,  2443189,  -199,     1,  -167,  -365,     1,   -33,     0,   -32,0,0,0,0,0,0,0,0,0,0,0,0,0,0,0,0,0,0,0,0,0,0,0,0,0,0,0,0,0,0,0,0
2935,  2444022,  -200,     1,  -167,  -366,    -1,   -34,    -1,   -36,0,0,0,0,0,0,0,0,0,0,0,0,0,0,0,0,0,0,0,0,0,0,0,0,0,0,0,0,0,0,0,0
2936,  2444855,  -200,     0,  -166,  -366,    -1,   -34,     0,   -35,0,0,0,0,0,0,0,0,0,0,0,0,0,0,0,0,0,0,0,0,0,0,0,0,0,0,0,0,0,0,0,0
2937,  2445688,  -200,     2,  -164,  -362,     1,   -35,     0,   -34,0,0,0,0,0,0,0,0,0,0,0,0,0,0,0,0,0,0,0,0,0,0,0,0,0,0,0,0,0,0,0,0
2938,  2446521,  -201,    -1,  -164,  -366,     1,   -32,    -1,   -33,0,0,0,0,0,0,0,0,0,0,0,0,0,0,0,0,0,0,0,0,0,0,0,0,0,0,0,0,0,0,0,0
2939,  2447354,  -200,     1,  -165,  -364,     0,   -32,    -1,   -33,0,0,0,0,0,0,0,0,0,0,0,0,0,0,0,0,0,0,0,0,0,0,0,0,0,0,0,0,0,0,0,0
2940,  2448187,  -201,     1,  -164,  -364,     1,   -33,     0,   -32,0,0,0,0,0,0,0,0,0,0,0,0,0,0,0,0,0,0,0,0,0,0,0,0,0,0,0,0,0,0,0,0
2941,  2449020,  -202,    -1,  -165,  -368,     1,   -33,     0,   -32,0,0,0,0,0,0,0,0,0,0,0,0,0,0,0,0,0,0,0,0,0,0,0,0,0,0,0,0,0,0,0,0
2942,  2449853,  -203,     2,  -165,  -366,     1,   -34,     0,   -33,0,0,0,0,0,0,0,0,0,0,0,0,0,0,0,0,0,0,0,0,0,0,0,0,0,0,0,0,0,0,0,0
2943,  2450686,  -205,     2,  -163,  -366,     1,   -32,     0,   -32,0,0,0,0,0,0,0,0,0,0,0,0,0,0,0,0,0,0,0,0,0,0,0,0,0,0,0,0,0,0,0,0
2944,  2451519,  -202,     0,  -163,  -365,     1,   -34,     0,   -33,0,0,0,0,0,0,0,0,0,0,0,0,0,0,0,0,0,0,0,0,0,0,0,0,0,0,0,0,0,0,0,0
2945,  2452352,  -203,     0,  -162,  -365,     0,   -34,    -2,   -36,0,0,0,0,0,0,0,0,0,0,0,0,0,0,0,0,0,0,0,0,0,0,0,0,0,0,0,0,0,0,0,0
2946,  2453185,  -200,     1,  -162,  -361,     0,   -32,     0,   -33,0,0,0,0,0,0,0,0,0,0,0,0,0,0,0,0,0,0,0,0,0,0,0,0,0,0,0,0,0,0,0,0
2947,  2454018,  -203,     2,  -162,  -363,     2,   -32,     0,   -30,0,0,0,0,0,0,0,0,0,0,0,0,0,0,0,0,0,0,0,0,0,0,0,0,0,0,0,0,0,0,0,0
2948,  2454851,  -202,     1,  -161,  -362,     0,   -33,     0,   -33,0,0,0,0,0,0,0,0,0,0,0,0,0,0,0,0,0,0,0,0,0,0,0,0,0,0,0,0,0,0,0,0
2949,  2455684,  -202,     1,  -162,  -363,    -1,   -32,     0,   -33,0,0,0,0,0,0,0,0,0,0,0,0,0,0,0,0,0,0,0,0,0,0,0,0,0,0,0,0,0,0,0,0
2950,  2456517,  -203,     2,  -161,  -362,     0,   -33,     0,   -33,0,0,0,0,0,0,0,0,0,0,0,0,0,0,0,0,0,0,0,0,0,0,0,0,0,0,0,0,0,0,0,0
2951,  2457350,  -202,     1,  -161,  -362,     1,   -33,     0,   -32,0,0,0,0,0,0,0,0,0,0,0,0,0,0,0,0,0,0,0,0,0,0,0,0,0,0,0,0,0,0,0,0
2952,  2458183,  -203,     3,  -160,  -360,    -1,   -33,     0,   -34,0,0,0,0,0,0,0,0,0,0,0,0,0,0,0,0,0,0,0,0,0,0,0,0,0,0,0,0,0,0,0,0
2953,  2459016,  -204,     2,  -160,  -362,    -1,   -34,     0,   -35,0,0,0,0,0,0,0,0,0,0,0,0,0,0,0,0,0,0,0,0,0,0,0,0,0,0,0,0,0,0,0,0
2954,  2459849,  -201,     1,  -162,  -361,     0,   -33,     0,   -33,0,0,0,0,0,0,0,0,0,0,0,0,0,0,0,0,0,0,0,0,0,0,0,0,0,0,0,0,0,0,0,0
2955,  2460682,  -201,     2,  -161,  -360,     0,   -33,    -1,   -34,0,0,0,0,0,0,0,0,0,0,0,0,0,0,0,0,0,0,0,0,0,0,0,0,0,0,0,0,0,0,0,0
2956,  2461515,  -201,     1,  -160,  -360,     1,   -32,     0,   -31,0,0,0,0,0,0,0,0,0,0,0,0,0,0,0,0,0,0,0,0,0,0,0,0,0,0,0,0,0,0,0,0
2957,  2462348,  -201,     2,  -161,  -360,     0,   -33,    -1,   -33,0,0,0,0,0,0,0,0,0,0,0,0,0,0,0,0,0,0,0,0,0,0,0,0,0,0,0,0,0,0,0,0
2958,  2463181,  -202,     2,  -159,  -359,     0,   -34,     1,   -33,0,0,0,0,0,0,0,0,0,0,0,0,0,0,0,0,0,0,0,0,0,0,0,0,0,0,0,0,0,0,0,0
2959,  2464014,  -202,     0,  -159,  -361,    -1,   -33,     0,   -34,0,0,0,0,0,0,0,0,0,0,0,0,0,0,0,0,0,0,0,0,0,0,0,0,0,0,0,0,0,0,0,0
2960,  2464847,  -201,     1,  -157,  -357,     0,   -34,     0,   -34,0,0,0,0,0,0,0,0,0,0,0,0,0,0,0,0,0,0,0,0,0,0,0,0,0,0,0,0,0,0,0,0
2961,  2465680,  -202,     1,  -155,  -356,     0,   -33,     1,   -32,0,0,0,0,0,0,0,0,0,0,0,0,0,0,0,0,0,0,0,0,0,0,0,0,0,0,0,0,0,0,0,0
2962,  2466513,  -202,     0,  -158,  -360,     0,   -34,    -1,   -36,0,0,0,0,0,0,0,0,0,0,0,0,0,0,0,0,0,0,0,0,0,0,0,0,0,0,0,0,0,0,0,0
2963,  2467346,  -203,     1,  -156,  -358,     1,   -32,     0,   -31,0,0,0,0,0,0,0,0,0,0,0,0,0,0,0,0,0,0,0,0,0,0,0,0,0,0,0,0,0,0,0,0
2964,  2468179,  -202,     2,  -155,  -355,     0,   -33,    -2,   -34,0,0,0,0,0,0,0,0,0,0,0,0,0,0,0,0,0,0,0,0,0,0,0,0,0,0,0,0,0,0,0,0
2965,  2469012,  -201,     1,  -155,  -355,     0,   -33,     0,   -34,0,0,0,0,0,0,0,0,0,0,0,0,0,0,0,0,0,0,0,0,0,0,0,0,0,0,0,0,0,0,0,0
2966,  2469845,  -200,     2,  -155,  -353,     0,   -34,     0,   -33,0,0,0,0,0,0,0,0,0,0,0,0,0,0,0,0,0,0,0,0,0,0,0,0,0,0,0,0,0,0,0,0
2967,  2470678,  -201,     0,  -155,  -356,     1,   -33,     0,   -32,0,0,0,0,0,0,0,0,0,0,0,0,0,0,0,0,0,0,0,0,0,0,0,0,0,0,0,0,0,0,0,0
2968,  2471511,  -200,     0,  -155,  -355,     0,   -32,     0,   -32,0,0,0,0,0,0,0,0,0,0,0,0,0,0,0,0,0,0,0,0,0,0,0,0,0,0,0,0,0,0,0,0
2969,  2472344,  -200,     2,  -153,  -351,     1,   -33,    -2,   -34,0,0,0,0,0,0,0,0,0,0,0,0,0,0,0,0,0,0,0,0,0,0,0,0,0,0,0,0,0,0,0,0
2970,  2473177,  -200,     1,  -153,  -352,     2,   -33,    -1,   -33,0,0,0,0,0,0,0,0,0,0,0,0,0,0,0,0,0,0,0,0,0,0,0,0,0,0,0,0,0,0,0,0
2971,  2474010,  -199,     0,  -152,  -351,     0,   -33,     2,   -32,0,0,0,0,0,0,0,0,0,0,0,0,0,0,0,0,0,0,0,0,0,0,0,0,0,0,0,0,0,0,0,0
2972,  2474843,  -198,     0,  -153,  -351,     0,   -35,     0,   -34,0,0,0,0,0,0,0,0,0,0,0,0,0,0,0,0,0,0,0,0,0,0,0,0,0,0,0,0,0,0,0,0
2973,  2475676,  -197,     2,  -153,  -348,     2,   -33,     0,   -31,0,0,0,0,0,0,0,0,0,0,0,0,0,0,0,0,0,0,0,0,0,0,0,0,0,0,0,0,0,0,0,0
2974,  2476509,  -199,     1,  -152,  -350,    -1,   -32,     0,   -33,0,0,0,0,0,0,0,0,0,0,0,0,0,0,0,0,0,0,0,0,0,0,0,0,0,0,0,0,0,0,0,0
2975,  2477342,  -198,     2,  -152,  -348,    -2,   -33,     1,   -34,0,0,0,0,0,0,0,0,0,0,0,0,0,0,0,0,0,0,0,0,0,0,0,0,0,0,0,0,0,0,0,0
2976,  2478175,  -199,     1,  -153,  -351,     0,   -33,     0,   -34,0,0,0,0,0,0,0,0,0,0,0,0,0,0,0,0,0,0,0,0,0,0,0,0,0,0,0,0,0,0,0,0
2977,  2479008,  -199,     0,  -150,  -349,     0,   -34,    -1,   -35,0,0,0,0,0,0,0,0,0,0,0,0,0,0,0,0,0,0,0,0,0,0,0,0,0,0,0,0,0,0,0,0
2978,  2479841,  -196,     0,  -150,  -346,     1,   -32,    -2,   -33,0,0,0,0,0,0,0,0,0,0,0,0,0,0,0,0,0,0,0,0,0,0,0,0,0,0,0,0,0,0,0,0
2979,  2480674,  -198,     0,  -151,  -349,     0,   -32,     1,   -31,0,0,0,0,0,0,0,0,0,0,0,0,0,0,0,0,0,0,0,0,0,0,0,0,0,0,0,0,0,0,0,0
2980,  2481507,  -199,     2,  -152,  -349,     0,   -33,     0,   -34,0,0,0,0,0,0,0,0,0,0,0,0,0,0,0,0,0,0,0,0,0,0,0,0,0,0,0,0,0,0,0,0
2981,  2482340,  -197,     4,  -148,  -341,     0,   -33,     0,   -34,0,0,0,0,0,0,0,0,0,0,0,0,0,0,0,0,0,0,0,0,0,0,0,0,0,0,0,0,0,0,0,0
2982,  2483173,  -197,     1,  -150,  -346,     0,   -35,    -1,   -36,0,0,0,0,0,0,0,0,0,0,0,0,0,0,0,0,0,0,0,0,0,0,0,0,0,0,0,0,0,0,0,0
2983,  2484006,  -197,     1,  -150,  -346,     0,   -32,     0,   -33,0,0,0,0,0,0,0,0,0,0,0,0,0,0,0,0,0,0,0,0,0,0,0,0,0,0,0,0,0,0,0,0
2984,  2484839,  -198,     2,  -148,  -344,    -1,   -32,    -2,   -34,0,0,0,0,0,0,0,0,0,0,0,0,0,0,0,0,0,0,0,0,0,0,0,0,0,0,0,0,0,0,0,0
2985,  2485672,  -196,     0,  -147,  -343,    -1,   -33,     0,   -34,0,0,0,0,0,0,0,0,0,0,0,0,0,0,0,0,0,0,0,0,0,0,0,0,0,0,0,0,0,0,0,0
2986,  2486505,  -195,     1,  -149,  -343,     1,   -32,    -1,   -31,0,0,0,0,0,0,0,0,0,0,0,0,0,0,0,0,0,0,0,0,0,0,0,0,0,0,0,0,0,0,0,0
2987,  2487338,  -196,     1,  -147,  -342,    -1,   -33,     0,   -33,0,0,0,0,0,0,0,0,0,0,0,0,0,0,0,0,0,0,0,0,0,0,0,0,0,0,0,0,0,0,0,0
2988,  2488171,  -197,    -1,  -147,  -345,     1,   -32,    -1,   -32,0,0,0,0,0,0,0,0,0,0,0,0,0,0,0,0,0,0,0,0,0,0,0,0,0,0,0,0,0,0,0,0
2989,  2489004,  -196,     0,  -145,  -341,    -1,   -33,     0,   -34,0,0,0,0,0,0,0,0,0,0,0,0,0,0,0,0,0,0,0,0,0,0,0,0,0,0,0,0,0,0,0,0
2990,  2489837,  -195,     0,  -147,  -342,     2,   -32,    -1,   -31,0,0,0,0,0,0,0,0,0,0,0,0,0,0,0,0,0,0,0,0,0,0,0,0,0,0,0,0,0,0,0,0
2991,  2490670,  -194,     0,  -145,  -339,     1,   -33,    -1,   -34,0,0,0,0,0,0,0,0,0,0,0,0,0,0,0,0,0,0,0,0,0,0,0,0,0,0,0,0,0,0,0,0
2992,  2491503,  -193,     2,  -146,  -337,     1,   -32,    -1,   -32,0,0,0,0,0,0,0,0,0,0,0,0,0,0,0,0,0,0,0,0,0,0,0,0,0,0,0,0,0,0,0,0
2993,  2492336,  -194,     1,  -145,  -338,     1,   -32,    -1,   -31,0,0,0,0,0,0,0,0,0,0,0,0,0,0,0,0,0,0,0,0,0,0,0,0,0,0,0,0,0,0,0,0
2994,  2493169,  -194,     0,  -144,  -338,     0,   -32,     0,   -32,0,0,0,0,0,0,0,0,0,0,0,0,0,0,0,0,0,0,0,0,0,0,0,0,0,0,0,0,0,0,0,0
2995,  2494002,  -194,     0,  -144,  -338,     1,   -32,    -1,   -32,0,0,0,0,0,0,0,0,0,0,0,0,0,0,0,0,0,0,0,0,0,0,0,0,0,0,0,0,0,0,0,0
2996,  2494835,  -193,     1,  -145,  -337,     0,   -33,     0,   -32,0,0,0,0,0,0,0,0,0,0,0,0,0,0,0,0,0,0,0,0,0,0,0,0,0,0,0,0,0,0,0,0
2997,  2495668,  -192,     0,  -142,  -334,     0,   -33,     0,   -33,0,0,0,0,0,0,0,0,0,0,0,0,0,0,0,0,0,0,0,0,0,0,0,0,0,0,0,0,0,0,0,0
2998,  2496501,  -193,     1,  -143,  -335,    -2,   -31,    -2,   -35,0,0,0,0,0,0,0,0,0,0,0,0,0,0,0,0,0,0,0,0,0,0,0,0,0,0,0,0,0,0,0,0
2999,  2497334,  -190,     0,  -143,  -333,     1,   -32,     0,   -31,0,0,0,0,0,0,0,0,0,0,0,0,0,0,0,0,0,0,0,0,0,0,0,0,0,0,0,0,0,0,0,0
3000,  2498167,  -191,     2,  -142,  -331,     1,   -32,     0,   -31,0,0,0,0,0,0,0,0,0,0,0,0,0,0,0,0,0,0,0,0,0,0,0,0,0,0,0,0,0,0,0,0
3001,  2499000,  -191,     1,  -142,  -332,     0,   -32,    -1,   -32,0,0,0,0,0,0,0,0,0,0,0,0,0,0,0,0,0,0,0,0,0,0,0,0,0,0,0,0,0,0,0,0
3002,  2499833,  -190,     1,  -141,  -330,     0,   -31,    -1,   -32,0,0,0,0,0,0,0,0,0,0,0,0,0,0,0,0,0,0,0,0,0,0,0,0,0,0,0,0,0,0,0,0
3003,  2500666,  -191,     4,  -141,  -328,     0,   -34,    -1,   -35,0,0,0,0,0,0,0,0,0,0,0,0,0,0,0,0,0,0,0,0,0,0,0,0,0,0,0,0,0,0,0,0
3004,  2501499,  -190,     1,  -140,  -329,     0,   -33,     0,   -32,0,0,0,0,0,0,0,0,0,0,0,0,0,0,0,0,0,0,0,0,0,0,0,0,0,0,0,0,0,0,0,0
3005,  2502332,  -190,     1,  -140,  -329,     0,   -32,    -1,   -34,0,0,0,0,0,0,0,0,0,0,0,0,0,0,0,0,0,0,0,0,0,0,0,0,0,0,0,0,0,0,0,0
3006,  2503165,  -190,     1,  -140,  -329,     0,   -32,    -2,   -34,0,0,0,0,0,0,0,0,0,0,0,0,0,0,0,0,0,0,0,0,0,0,0,0,0,0,0,0,0,0,0,0
3007,  2503998,  -189,     0,  -138,  -327,     0,   -32,    -1,   -33,0,0,0,0,0,0,0,0,0,0,0,0,0,0,0,0,0,0,0,0,0,0,0,0,0,0,0,0,0,0,0,0
3008,  2504831,  -189,     1,  -139,  -327,    -1,   -32,    -1,   -34,0,0,0,0,0,0,0,0,0,0,0,0,0,0,0,0,0,0,0,0,0,0,0,0,0,0,0,0,0,0,0,0
3009,  2505664,  -190,     1,  -139,  -328,     1,   -34,     1,   -33,0,0,0,0,0,0,0,0,0,0,0,0,0,0,0,0,0,0,0,0,0,0,0,0,0,0,0,0,0,0,0,0
3010,  2506497,  -189,     1,  -140,  -328,    -1,   -33,    -1,   -36,0,0,0,0,0,0,0,0,0,0,0,0,0,0,0,0,0,0,0,0,0,0,0,0,0,0,0,0,0,0,0,0
3011,  2507330,  -187,     2,  -139,  -324,    -1,   -34,     0,   -34,0,0,0,0,0,0,0,0,0,0,0,0,0,0,0,0,0,0,0,0,0,0,0,0,0,0,0,0,0,0,0,0
3012,  2508163,  -189,     0,  -138,  -327,     0,   -32,     1,   -31,0,0,0,0,0,0,0,0,0,0,0,0,0,0,0,0,0,0,0,0,0,0,0,0,0,0,0,0,0,0,0,0
3013,  2508996,  -187,     1,  -138,  -324,     0,   -32,    -1,   -33,0,0,0,0,0,0,0,0,0,0,0,0,0,0,0,0,0,0,0,0,0,0,0,0,0,0,0,0,0,0,0,0
3014,  2509829,  -186,     1,  -138,  -323,     1,   -32,    -1,   -31,0,0,0,0,0,0,0,0,0,0,0,0,0,0,0,0,0,0,0,0,0,0,0,0,0,0,0,0,0,0,0,0
3015,  2510662,  -188,    -1,  -137,  -326,     0,   -32,    -1,   -33,0,0,0,0,0,0,0,0,0,0,0,0,0,0,0,0,0,0,0,0,0,0,0,0,0,0,0,0,0,0,0,0
3016,  2511495,  -185,     2,  -138,  -321,     1,   -33,    -1,   -33,0,0,0,0,0,0,0,0,0,0,0,0,0,0,0,0,0,0,0,0,0,0,0,0,0,0,0,0,0,0,0,0
3017,  2512328,  -186,     1,  -137,  -322,     2,   -31,    -1,   -31,0,0,0,0,0,0,0,0,0,0,0,0,0,0,0,0,0,0,0,0,0,0,0,0,0,0,0,0,0,0,0,0
3018,  2513161,  -186,     1,  -135,  -320,     1,   -32,     0,   -32,0,0,0,0,0,0,0,0,0,0,0,0,0,0,0,0,0,0,0,0,0,0,0,0,0,0,0,0,0,0,0,0
3019,  2513994,  -184,     1,  -136,  -319,     0,   -33,     0,   -33,0,0,0,0,0,0,0,0,0,0,0,0,0,0,0,0,0,0,0,0,0,0,0,0,0,0,0,0,0,0,0,0
3020,  2514827,  -185,     2,  -134,  -317,     0,   -32,    -1,   -34,0,0,0,0,0,0,0,0,0,0,0,0,0,0,0,0,0,0,0,0,0,0,0,0,0,0,0,0,0,0,0,0
3021,  2515660,  -185,     1,  -135,  -319,     0,   -32,     0,   -32,0,0,0,0,0,0,0,0,0,0,0,0,0,0,0,0,0,0,0,0,0,0,0,0,0,0,0,0,0,0,0,0
3022,  2516493,  -185,     1,  -134,  -318,    -2,   -31,     0,   -33,0,0,0,0,0,0,0,0,0,0,0,0,0,0,0,0,0,0,0,0,0,0,0,0,0,0,0,0,0,0,0,0
3023,  2517326,  -184,     1,  -134,  -317,     2,   -30,    -1,   -30,0,0,0,0,0,0,0,0,0,0,0,0,0,0,0,0,0,0,0,0,0,0,0,0,0,0,0,0,0,0,0,0
3024,  2518159,  -183,     3,  -134,  -314,     0,   -35,     2,   -32,0,0,0,0,0,0,0,0,0,0,0,0,0,0,0,0,0,0,0,0,0,0,0,0,0,0,0,0,0,0,0,0
3025,  2518992,  -182,     2,  -134,  -314,     2,   -32,    -1,   -32,0,0,0,0,0,0,0,0,0,0,0,0,0,0,0,0,0,0,0,0,0,0,0,0,0,0,0,0,0,0,0,0
3026,  2519825,  -183,     1,  -134,  -316,     1,   -32,     0,   -31,0,0,0,0,0,0,0,0,0,0,0,0,0,0,0,0,0,0,0,0,0,0,0,0,0,0,0,0,0,0,0,0
3027,  2520658,  -183,     1,  -133,  -315,     0,   -33,     0,   -33,0,0,0,0,0,0,0,0,0,0,0,0,0,0,0,0,0,0,0,0,0,0,0,0,0,0,0,0,0,0,0,0
3028,  2521491,  -182,     0,  -133,  -315,     1,   -31,    -1,   -31,0,0,0,0,0,0,0,0,0,0,0,0,0,0,0,0,0,0,0,0,0,0,0,0,0,0,0,0,0,0,0,0
3029,  2522324,  -182,     2,  -130,  -310,     0,   -33,    -1,   -33,0,0,0,0,0,0,0,0,0,0,0,0,0,0,0,0,0,0,0,0,0,0,0,0,0,0,0,0,0,0,0,0
3030,  2523157,  -180,     1,  -131,  -310,     0,   -32,    -1,   -33,0,0,0,0,0,0,0,0,0,0,0,0,0,0,0,0,0,0,0,0,0,0,0,0,0,0,0,0,0,0,0,0
3031,  2523990,  -181,     0,  -132,  -313,    -1,   -31,    -1,   -33,0,0,0,0,0,0,0,0,0,0,0,0,0,0,0,0,0,0,0,0,0,0,0,0,0,0,0,0,0,0,0,0
3032,  2524823,  -181,     1,  -129,  -309,     1,   -33,    -1,   -33,0,0,0,0,0,0,0,0,0,0,0,0,0,0,0,0,0,0,0,0,0,0,0,0,0,0,0,0,0,0,0,0
3033,  2525656,  -180,     1,  -129,  -308,     1,   -32,     0,   -31,0,0,0,0,0,0,0,0,0,0,0,0,0,0,0,0,0,0,0,0,0,0,0,0,0,0,0,0,0,0,0,0
3034,  2526489,  -178,     3,  -129,  -304,     0,   -32,    -1,   -33,0,0,0,0,0,0,0,0,0,0,0,0,0,0,0,0,0,0,0,0,0,0,0,0,0,0,0,0,0,0,0,0
3035,  2527322,  -180,     1,  -129,  -308,     1,   -31,    -1,   -31,0,0,0,0,0,0,0,0,0,0,0,0,0,0,0,0,0,0,0,0,0,0,0,0,0,0,0,0,0,0,0,0
3036,  2528155,  -181,     1,  -128,  -308,    -2,   -32,    -1,   -35,0,0,0,0,0,0,0,0,0,0,0,0,0,0,0,0,0,0,0,0,0,0,0,0,0,0,0,0,0,0,0,0
3037,  2528988,  -180,     0,  -129,  -309,     0,   -31,    -2,   -33,0,0,0,0,0,0,0,0,0,0,0,0,0,0,0,0,0,0,0,0,0,0,0,0,0,0,0,0,0,0,0,0
3038,  2529821,  -179,     0,  -129,  -308,     2,   -32,    -1,   -30,0,0,0,0,0,0,0,0,0,0,0,0,0,0,0,0,0,0,0,0,0,0,0,0,0,0,0,0,0,0,0,0
3039,  2530654,  -178,     2,  -127,  -303,     2,   -32,     1,   -29,0,0,0,0,0,0,0,0,0,0,0,0,0,0,0,0,0,0,0,0,0,0,0,0,0,0,0,0,0,0,0,0
3040,  2531487,  -177,     1,  -127,  -303,     0,   -32,     0,   -31,0,0,0,0,0,0,0,0,0,0,0,0,0,0,0,0,0,0,0,0,0,0,0,0,0,0,0,0,0,0,0,0
3041,  2532320,  -176,     0,  -128,  -304,    -1,   -32,     0,   -33,0,0,0,0,0,0,0,0,0,0,0,0,0,0,0,0,0,0,0,0,0,0,0,0,0,0,0,0,0,0,0,0
3042,  2533153,  -177,     0,  -128,  -304,     0,   -32,    -1,   -33,0,0,0,0,0,0,0,0,0,0,0,0,0,0,0,0,0,0,0,0,0,0,0,0,0,0,0,0,0,0,0,0
3043,  2533986,  -176,     1,  -127,  -301,     2,   -31,     0,   -30,0,0,0,0,0,0,0,0,0,0,0,0,0,0,0,0,0,0,0,0,0,0,0,0,0,0,0,0,0,0,0,0
3044,  2534819,  -177,     0,  -125,  -301,     0,   -33,     0,   -33,0,0,0,0,0,0,0,0,0,0,0,0,0,0,0,0,0,0,0,0,0,0,0,0,0,0,0,0,0,0,0,0
3045,  2535652,  -176,     2,  -126,  -300,    -1,   -31,     0,   -32,0,0,0,0,0,0,0,0,0,0,0,0,0,0,0,0,0,0,0,0,0,0,0,0,0,0,0,0,0,0,0,0
3046,  2536485,  -176,     1,  -125,  -300,     0,   -32,     0,   -33,0,0,0,0,0,0,0,0,0,0,0,0,0,0,0,0,0,0,0,0,0,0,0,0,0,0,0,0,0,0,0,0
3047,  2537318,  -175,     2,  -126,  -299,     0,   -31,     0,   -32,0,0,0,0,0,0,0,0,0,0,0,0,0,0,0,0,0,0,0,0,0,0,0,0,0,0,0,0,0,0,0,0
3048,  2538151,  -174,     1,  -126,  -298,     0,   -32,     0,   -32,0,0,0,0,0,0,0,0,0,0,0,0,0,0,0,0,0,0,0,0,0,0,0,0,0,0,0,0,0,0,0,0
3049,  2538984,  -173,     0,  -123,  -296,     0,   -31,    -1,   -32,0,0,0,0,0,0,0,0,0,0,0,0,0,0,0,0,0,0,0,0,0,0,0,0,0,0,0,0,0,0,0,0
3050,  2539817,  -175,     2,  -123,  -296,     0,   -31,     0,   -31,0,0,0,0,0,0,0,0,0,0,0,0,0,0,0,0,0,0,0,0,0,0,0,0,0,0,0,0,0,0,0,0
3051,  2540650,  -174,     1,  -127,  -299,     0,   -33,     0,   -32,0,0,0,0,0,0,0,0,0,0,0,0,0,0,0,0,0,0,0,0,0,0,0,0,0,0,0,0,0,0,0,0
3052,  2541483,  -174,     1,  -123,  -296,     0,   -30,     2,   -28,0,0,0,0,0,0,0,0,0,0,0,0,0,0,0,0,0,0,0,0,0,0,0,0,0,0,0,0,0,0,0,0
3053,  2542316,  -174,     1,  -122,  -295,     0,   -32,     0,   -32,0,0,0,0,0,0,0,0,0,0,0,0,0,0,0,0,0,0,0,0,0,0,0,0,0,0,0,0,0,0,0,0
3054,  2543149,  -174,     2,  -121,  -293,     0,   -32,     0,   -33,0,0,0,0,0,0,0,0,0,0,0,0,0,0,0,0,0,0,0,0,0,0,0,0,0,0,0,0,0,0,0,0
3055,  2543982,  -170,     2,  -122,  -290,     0,   -32,     0,   -31,0,0,0,0,0,0,0,0,0,0,0,0,0,0,0,0,0,0,0,0,0,0,0,0,0,0,0,0,0,0,0,0
3056,  2544815,  -173,     2,  -122,  -293,     0,   -31,     0,   -31,0,0,0,0,0,0,0,0,0,0,0,0,0,0,0,0,0,0,0,0,0,0,0,0,0,0,0,0,0,0,0,0
3057,  2545648,  -171,     2,  -121,  -290,     0,   -32,    -1,   -33,0,0,0,0,0,0,0,0,0,0,0,0,0,0,0,0,0,0,0,0,0,0,0,0,0,0,0,0,0,0,0,0
3058,  2546481,  -172,     3,  -122,  -291,     0,   -31,     0,   -32,0,0,0,0,0,0,0,0,0,0,0,0,0,0,0,0,0,0,0,0,0,0,0,0,0,0,0,0,0,0,0,0
3059,  2547314,  -170,     0,  -121,  -291,     0,   -31,     0,   -31,0,0,0,0,0,0,0,0,0,0,0,0,0,0,0,0,0,0,0,0,0,0,0,0,0,0,0,0,0,0,0,0
3060,  2548147,  -170,     1,  -121,  -290,     0,   -31,    -1,   -33,0,0,0,0,0,0,0,0,0,0,0,0,0,0,0,0,0,0,0,0,0,0,0,0,0,0,0,0,0,0,0,0
3061,  2548980,  -171,     2,  -120,  -289,    -1,   -33,     0,   -34,0,0,0,0,0,0,0,0,0,0,0,0,0,0,0,0,0,0,0,0,0,0,0,0,0,0,0,0,0,0,0,0
3062,  2549813,  -169,     1,  -118,  -286,     0,   -32,     1,   -31,0,0,0,0,0,0,0,0,0,0,0,0,0,0,0,0,0,0,0,0,0,0,0,0,0,0,0,0,0,0,0,0
3063,  2550646,  -169,     0,  -118,  -287,     1,   -32,    -1,   -33,0,0,0,0,0,0,0,0,0,0,0,0,0,0,0,0,0,0,0,0,0,0,0,0,0,0,0,0,0,0,0,0
3064,  2551479,  -168,     1,  -118,  -285,     2,   -31,     1,   -28,0,0,0,0,0,0,0,0,0,0,0,0,0,0,0,0,0,0,0,0,0,0,0,0,0,0,0,0,0,0,0,0
3065,  2552312,  -168,     1,  -117,  -284,     1,   -31,     0,   -30,0,0,0,0,0,0,0,0,0,0,0,0,0,0,0,0,0,0,0,0,0,0,0,0,0,0,0,0,0,0,0,0
3066,  2553145,  -166,     0,  -119,  -285,     1,   -31,    -1,   -31,0,0,0,0,0,0,0,0,0,0,0,0,0,0,0,0,0,0,0,0,0,0,0,0,0,0,0,0,0,0,0,0
3067,  2553978,  -168,     1,  -117,  -284,     0,   -33,     0,   -33,0,0,0,0,0,0,0,0,0,0,0,0,0,0,0,0,0,0,0,0,0,0,0,0,0,0,0,0,0,0,0,0
3068,  2554811,  -167,     1,  -117,  -283,     1,   -31,    -1,   -31,0,0,0,0,0,0,0,0,0,0,0,0,0,0,0,0,0,0,0,0,0,0,0,0,0,0,0,0,0,0,0,0
3069,  2555644,  -167,     0,  -117,  -284,    -1,   -33,     1,   -33,0,0,0,0,0,0,0,0,0,0,0,0,0,0,0,0,0,0,0,0,0,0,0,0,0,0,0,0,0,0,0,0
3070,  2556477,  -167,     1,  -115,  -281,     1,   -32,     0,   -32,0,0,0,0,0,0,0,0,0,0,0,0,0,0,0,0,0,0,0,0,0,0,0,0,0,0,0,0,0,0,0,0
3071,  2557310,  -166,     1,  -117,  -281,     0,   -31,    -2,   -33,0,0,0,0,0,0,0,0,0,0,0,0,0,0,0,0,0,0,0,0,0,0,0,0,0,0,0,0,0,0,0,0
3072,  2558143,  -165,     0,  -115,  -280,     0,   -31,     1,   -31,0,0,0,0,0,0,0,0,0,0,0,0,0,0,0,0,0,0,0,0,0,0,0,0,0,0,0,0,0,0,0,0
3073,  2558976,  -165,     2,  -114,  -277,    -1,   -32,    -1,   -34,0,0,0,0,0,0,0,0,0,0,0,0,0,0,0,0,0,0,0,0,0,0,0,0,0,0,0,0,0,0,0,0
3074,  2559809,  -165,     0,  -116,  -280,    -1,   -32,     0,   -33,0,0,0,0,0,0,0,0,0,0,0,0,0,0,0,0,0,0,0,0,0,0,0,0,0,0,0,0,0,0,0,0
3075,  2560642,  -165,     2,  -115,  -278,    -1,   -31,    -1,   -33,0,0,0,0,0,0,0,0,0,0,0,0,0,0,0,0,0,0,0,0,0,0,0,0,0,0,0,0,0,0,0,0
3076,  2561475,  -165,     1,  -115,  -279,    -1,   -33,    -1,   -36,0,0,0,0,0,0,0,0,0,0,0,0,0,0,0,0,0,0,0,0,0,0,0,0,0,0,0,0,0,0,0,0
3077,  2562308,  -165,    -1,  -113,  -279,     0,   -31,     0,   -31,0,0,0,0,0,0,0,0,0,0,0,0,0,0,0,0,0,0,0,0,0,0,0,0,0,0,0,0,0,0,0,0
3078,  2563141,  -164,     2,  -114,  -276,    -2,   -32,    -1,   -34,0,0,0,0,0,0,0,0,0,0,0,0,0,0,0,0,0,0,0,0,0,0,0,0,0,0,0,0,0,0,0,0
3079,  2563974,  -163,     2,  -113,  -274,     1,   -32,     0,   -31,0,0,0,0,0,0,0,0,0,0,0,0,0,0,0,0,0,0,0,0,0,0,0,0,0,0,0,0,0,0,0,0
3080,  2564807,  -165,     2,  -114,  -277,    -1,   -30,     0,   -31,0,0,0,0,0,0,0,0,0,0,0,0,0,0,0,0,0,0,0,0,0,0,0,0,0,0,0,0,0,0,0,0
3081,  2565640,  -162,     0,  -112,  -274,     0,   -31,    -1,   -32,0,0,0,0,0,0,0,0,0,0,0,0,0,0,0,0,0,0,0,0,0,0,0,0,0,0,0,0,0,0,0,0
3082,  2566473,  -164,     0,  -112,  -276,     1,   -30,     0,   -30,0,0,0,0,0,0,0,0,0,0,0,0,0,0,0,0,0,0,0,0,0,0,0,0,0,0,0,0,0,0,0,0
3083,  2567306,  -163,     0,  -111,  -274,     1,   -31,    -1,   -32,0,0,0,0,0,0,0,0,0,0,0,0,0,0,0,0,0,0,0,0,0,0,0,0,0,0,0,0,0,0,0,0
3084,  2568139,  -163,     0,  -110,  -273,     1,   -30,     0,   -30,0,0,0,0,0,0,0,0,0,0,0,0,0,0,0,0,0,0,0,0,0,0,0,0,0,0,0,0,0,0,0,0
3085,  2568972,  -162,     2,  -111,  -271,     0,   -32,     0,   -32,0,0,0,0,0,0,0,0,0,0,0,0,0,0,0,0,0,0,0,0,0,0,0,0,0,0,0,0,0,0,0,0
3086,  2569805,  -161,     1,  -109,  -269,    -1,   -31,     0,   -31,0,0,0,0,0,0,0,0,0,0,0,0,0,0,0,0,0,0,0,0,0,0,0,0,0,0,0,0,0,0,0,0
3087,  2570638,  -160,     1,  -108,  -267,     1,   -31,     0,   -30,0,0,0,0,0,0,0,0,0,0,0,0,0,0,0,0,0,0,0,0,0,0,0,0,0,0,0,0,0,0,0,0
3088,  2571471,  -161,     3,  -107,  -265,     0,   -31,    -1,   -32,0,0,0,0,0,0,0,0,0,0,0,0,0,0,0,0,0,0,0,0,0,0,0,0,0,0,0,0,0,0,0,0
3089,  2572304,  -161,     0,  -111,  -271,     0,   -31,     0,   -31,0,0,0,0,0,0,0,0,0,0,0,0,0,0,0,0,0,0,0,0,0,0,0,0,0,0,0,0,0,0,0,0
3090,  2573137,  -160,     0,  -107,  -267,     2,   -31,    -1,   -30,0,0,0,0,0,0,0,0,0,0,0,0,0,0,0,0,0,0,0,0,0,0,0,0,0,0,0,0,0,0,0,0
3091,  2573970,  -160,     1,  -107,  -266,     0,   -31,    -1,   -32,0,0,0,0,0,0,0,0,0,0,0,0,0,0,0,0,0,0,0,0,0,0,0,0,0,0,0,0,0,0,0,0
3092,  2574803,  -160,     2,  -108,  -265,     1,   -30,     1,   -28,0,0,0,0,0,0,0,0,0,0,0,0,0,0,0,0,0,0,0,0,0,0,0,0,0,0,0,0,0,0,0,0
3093,  2575636,  -157,     1,  -107,  -263,     0,   -31,     0,   -32,0,0,0,0,0,0,0,0,0,0,0,0,0,0,0,0,0,0,0,0,0,0,0,0,0,0,0,0,0,0,0,0
3094,  2576469,  -159,     1,  -106,  -264,    -2,   -30,    -1,   -33,0,0,0,0,0,0,0,0,0,0,0,0,0,0,0,0,0,0,0,0,0,0,0,0,0,0,0,0,0,0,0,0
3095,  2577302,  -156,     1,  -107,  -262,     0,   -31,     2,   -29,0,0,0,0,0,0,0,0,0,0,0,0,0,0,0,0,0,0,0,0,0,0,0,0,0,0,0,0,0,0,0,0
3096,  2578135,  -156,     0,  -107,  -263,    -2,   -32,    -1,   -34,0,0,0,0,0,0,0,0,0,0,0,0,0,0,0,0,0,0,0,0,0,0,0,0,0,0,0,0,0,0,0,0
3097,  2578968,  -157,     1,  -106,  -262,    -1,   -31,     0,   -32,0,0,0,0,0,0,0,0,0,0,0,0,0,0,0,0,0,0,0,0,0,0,0,0,0,0,0,0,0,0,0,0
3098,  2579801,  -156,     0,  -108,  -263,     1,   -31,     0,   -31,0,0,0,0,0,0,0,0,0,0,0,0,0,0,0,0,0,0,0,0,0,0,0,0,0,0,0,0,0,0,0,0
3099,  2580634,  -156,     0,  -103,  -259,     0,   -30,     0,   -31,0,0,0,0,0,0,0,0,0,0,0,0,0,0,0,0,0,0,0,0,0,0,0,0,0,0,0,0,0,0,0,0
3100,  2581467,  -155,     0,  -105,  -260,     1,   -31,     0,   -30,0,0,0,0,0,0,0,0,0,0,0,0,0,0,0,0,0,0,0,0,0,0,0,0,0,0,0,0,0,0,0,0
3101,  2582300,  -156,    -1,  -104,  -261,    -1,   -31,    -1,   -33,0,0,0,0,0,0,0,0,0,0,0,0,0,0,0,0,0,0,0,0,0,0,0,0,0,0,0,0,0,0,0,0
3102,  2583133,  -156,     2,  -103,  -257,    -1,   -31,    -1,   -33,0,0,0,0,0,0,0,0,0,0,0,0,0,0,0,0,0,0,0,0,0,0,0,0,0,0,0,0,0,0,0,0
3103,  2583966,  -156,    -1,  -105,  -261,     1,   -31,     0,   -30,0,0,0,0,0,0,0,0,0,0,0,0,0,0,0,0,0,0,0,0,0,0,0,0,0,0,0,0,0,0,0,0
3104,  2584799,  -155,     1,  -103,  -257,     2,   -31,     0,   -29,0,0,0,0,0,0,0,0,0,0,0,0,0,0,0,0,0,0,0,0,0,0,0,0,0,0,0,0,0,0,0,0
3105,  2585632,  -154,     0,  -102,  -256,     2,   -30,     0,   -28,0,0,0,0,0,0,0,0,0,0,0,0,0,0,0,0,0,0,0,0,0,0,0,0,0,0,0,0,0,0,0,0
3106,  2586465,  -153,     1,  -104,  -256,     1,   -31,     1,   -30,0,0,0,0,0,0,0,0,0,0,0,0,0,0,0,0,0,0,0,0,0,0,0,0,0,0,0,0,0,0,0,0
3107,  2587298,  -154,     0,  -100,  -254,     1,   -31,     0,   -31,0,0,0,0,0,0,0,0,0,0,0,0,0,0,0,0,0,0,0,0,0,0,0,0,0,0,0,0,0,0,0,0
3108,  2588131,  -153,     0,  -102,  -254,     1,   -29,    -1,   -29,0,0,0,0,0,0,0,0,0,0,0,0,0,0,0,0,0,0,0,0,0,0,0,0,0,0,0,0,0,0,0,0
3109,  2588964,  -154,     2,   -99,  -251,     0,   -31,    -1,   -32,0,0,0,0,0,0,0,0,0,0,0,0,0,0,0,0,0,0,0,0,0,0,0,0,0,0,0,0,0,0,0,0
3110,  2589797,  -154,     3,  -100,  -251,     1,   -30,     0,   -30,0,0,0,0,0,0,0,0,0,0,0,0,0,0,0,0,0,0,0,0,0,0,0,0,0,0,0,0,0,0,0,0
3111,  2590630,  -151,     0,  -101,  -251,     0,   -31,     0,   -31,0,0,0,0,0,0,0,0,0,0,0,0,0,0,0,0,0,0,0,0,0,0,0,0,0,0,0,0,0,0,0,0
3112,  2591463,  -151,     0,  -100,  -250,     1,   -29,     0,   -29,0,0,0,0,0,0,0,0,0,0,0,0,0,0,0,0,0,0,0,0,0,0,0,0,0,0,0,0,0,0,0,0
3113,  2592296,  -153,     2,  -100,  -251,     0,   -31,     0,   -30,0,0,0,0,0,0,0,0,0,0,0,0,0,0,0,0,0,0,0,0,0,0,0,0,0,0,0,0,0,0,0,0
3114,  2593129,  -151,     1,   -99,  -249,     1,   -31,    -1,   -30,0,0,0,0,0,0,0,0,0,0,0,0,0,0,0,0,0,0,0,0,0,0,0,0,0,0,0,0,0,0,0,0
3115,  2593962,  -149,     2,  -100,  -247,     1,   -31,    -1,   -32,0,0,0,0,0,0,0,0,0,0,0,0,0,0,0,0,0,0,0,0,0,0,0,0,0,0,0,0,0,0,0,0
3116,  2594795,  -149,     1,   -98,  -246,     1,   -31,    -1,   -31,0,0,0,0,0,0,0,0,0,0,0,0,0,0,0,0,0,0,0,0,0,0,0,0,0,0,0,0,0,0,0,0
3117,  2595628,  -150,     2,   -97,  -245,     0,   -30,    -1,   -31,0,0,0,0,0,0,0,0,0,0,0,0,0,0,0,0,0,0,0,0,0,0,0,0,0,0,0,0,0,0,0,0
3118,  2596461,  -150,     0,  -100,  -249,     1,   -31,     0,   -30,0,0,0,0,0,0,0,0,0,0,0,0,0,0,0,0,0,0,0,0,0,0,0,0,0,0,0,0,0,0,0,0
3119,  2597294,  -149,     0,   -97,  -245,     0,   -31,     0,   -31,0,0,0,0,0,0,0,0,0,0,0,0,0,0,0,0,0,0,0,0,0,0,0,0,0,0,0,0,0,0,0,0
3120,  2598127,  -149,     1,   -96,  -244,    -1,   -31,     1,   -32,0,0,0,0,0,0,0,0,0,0,0,0,0,0,0,0,0,0,0,0,0,0,0,0,0,0,0,0,0,0,0,0
3121,  2598960,  -148,     1,   -95,  -242,    -1,   -31,    -1,   -33,0,0,0,0,0,0,0,0,0,0,0,0,0,0,0,0,0,0,0,0,0,0,0,0,0,0,0,0,0,0,0,0
3122,  2599793,  -150,     2,   -95,  -243,    -2,   -32,    -1,   -34,0,0,0,0,0,0,0,0,0,0,0,0,0,0,0,0,0,0,0,0,0,0,0,0,0,0,0,0,0,0,0,0
3123,  2600626,  -148,     2,   -95,  -241,     0,   -31,    -1,   -32,0,0,0,0,0,0,0,0,0,0,0,0,0,0,0,0,0,0,0,0,0,0,0,0,0,0,0,0,0,0,0,0
3124,  2601459,  -148,     1,   -95,  -242,     0,   -31,    -1,   -32,0,0,0,0,0,0,0,0,0,0,0,0,0,0,0,0,0,0,0,0,0,0,0,0,0,0,0,0,0,0,0,0
3125,  2602292,  -147,     2,   -95,  -240,     1,   -29,     0,   -28,0,0,0,0,0,0,0,0,0,0,0,0,0,0,0,0,0,0,0,0,0,0,0,0,0,0,0,0,0,0,0,0
3126,  2603125,  -147,     2,   -94,  -238,     1,   -31,     0,   -31,0,0,0,0,0,0,0,0,0,0,0,0,0,0,0,0,0,0,0,0,0,0,0,0,0,0,0,0,0,0,0,0
3127,  2603958,  -145,     4,   -93,  -234,     0,   -31,    -1,   -32,0,0,0,0,0,0,0,0,0,0,0,0,0,0,0,0,0,0,0,0,0,0,0,0,0,0,0,0,0,0,0,0
3128,  2604791,  -147,     2,   -93,  -237,     1,   -30,    -1,   -29,0,0,0,0,0,0,0,0,0,0,0,0,0,0,0,0,0,0,0,0,0,0,0,0,0,0,0,0,0,0,0,0
3129,  2605624,  -146,     1,   -91,  -236,     1,   -30,    -1,   -31,0,0,0,0,0,0,0,0,0,0,0,0,0,0,0,0,0,0,0,0,0,0,0,0,0,0,0,0,0,0,0,0
3130,  2606457,  -145,     1,   -93,  -236,     0,   -33,    -1,   -33,0,0,0,0,0,0,0,0,0,0,0,0,0,0,0,0,0,0,0,0,0,0,0,0,0,0,0,0,0,0,0,0
3131,  2607290,  -146,     0,   -92,  -238,     0,   -31,    -2,   -33,0,0,0,0,0,0,0,0,0,0,0,0,0,0,0,0,0,0,0,0,0,0,0,0,0,0,0,0,0,0,0,0
3132,  2608123,  -146,     2,   -91,  -235,     1,   -30,     0,   -30,0,0,0,0,0,0,0,0,0,0,0,0,0,0,0,0,0,0,0,0,0,0,0,0,0,0,0,0,0,0,0,0
3133,  2608956,  -146,     1,   -90,  -235,    -1,   -31,     0,   -32,0,0,0,0,0,0,0,0,0,0,0,0,0,0,0,0,0,0,0,0,0,0,0,0,0,0,0,0,0,0,0,0
3134,  2609789,  -145,     1,   -90,  -234,     0,   -30,     1,   -29,0,0,0,0,0,0,0,0,0,0,0,0,0,0,0,0,0,0,0,0,0,0,0,0,0,0,0,0,0,0,0,0
3135,  2610622,  -144,     0,   -90,  -234,     2,   -30,    -1,   -29,0,0,0,0,0,0,0,0,0,0,0,0,0,0,0,0,0,0,0,0,0,0,0,0,0,0,0,0,0,0,0,0
3136,  2611455,  -144,     0,   -90,  -234,     1,   -29,    -1,   -30,0,0,0,0,0,0,0,0,0,0,0,0,0,0,0,0,0,0,0,0,0,0,0,0,0,0,0,0,0,0,0,0
3137,  2612288,  -144,     1,   -89,  -231,     0,   -30,    -1,   -31,0,0,0,0,0,0,0,0,0,0,0,0,0,0,0,0,0,0,0,0,0,0,0,0,0,0,0,0,0,0,0,0
3138,  2613121,  -145,     1,   -88,  -232,     0,   -30,    -1,   -31,0,0,0,0,0,0,0,0,0,0,0,0,0,0,0,0,0,0,0,0,0,0,0,0,0,0,0,0,0,0,0,0
3139,  2613954,  -144,     2,   -88,  -230,     2,   -29,     0,   -28,0,0,0,0,0,0,0,0,0,0,0,0,0,0,0,0,0,0,0,0,0,0,0,0,0,0,0,0,0,0,0,0
3140,  2614787,  -141,     1,   -88,  -228,    -1,   -30,     0,   -31,0,0,0,0,0,0,0,0,0,0,0,0,0,0,0,0,0,0,0,0,0,0,0,0,0,0,0,0,0,0,0,0
3141,  2615620,  -143,     1,   -87,  -229,    -2,   -29,    -1,   -32,0,0,0,0,0,0,0,0,0,0,0,0,0,0,0,0,0,0,0,0,0,0,0,0,0,0,0,0,0,0,0,0
3142,  2616453,  -142,     2,   -88,  -228,     1,   -31,     0,   -31,0,0,0,0,0,0,0,0,0,0,0,0,0,0,0,0,0,0,0,0,0,0,0,0,0,0,0,0,0,0,0,0
3143,  2617286,  -141,    -1,   -86,  -228,     0,   -31,    -1,   -33,0,0,0,0,0,0,0,0,0,0,0,0,0,0,0,0,0,0,0,0,0,0,0,0,0,0,0,0,0,0,0,0
3144,  2618119,  -142,     0,   -85,  -227,    -1,   -32,     0,   -33,0,0,0,0,0,0,0,0,0,0,0,0,0,0,0,0,0,0,0,0,0,0,0,0,0,0,0,0,0,0,0,0
3145,  2618952,  -140,     0,   -87,  -226,     0,   -29,    -1,   -31,0,0,0,0,0,0,0,0,0,0,0,0,0,0,0,0,0,0,0,0,0,0,0,0,0,0,0,0,0,0,0,0
3146,  2619785,  -141,     0,   -84,  -225,    -2,   -29,     1,   -30,0,0,0,0,0,0,0,0,0,0,0,0,0,0,0,0,0,0,0,0,0,0,0,0,0,0,0,0,0,0,0,0
3147,  2620618,  -141,     1,   -86,  -226,     0,   -32,     0,   -32,0,0,0,0,0,0,0,0,0,0,0,0,0,0,0,0,0,0,0,0,0,0,0,0,0,0,0,0,0,0,0,0
3148,  2621451,  -139,     3,   -86,  -221,     1,   -30,     0,   -28,0,0,0,0,0,0,0,0,0,0,0,0,0,0,0,0,0,0,0,0,0,0,0,0,0,0,0,0,0,0,0,0
3149,  2622284,  -141,     2,   -84,  -223,    -1,   -31,     1,   -32,0,0,0,0,0,0,0,0,0,0,0,0,0,0,0,0,0,0,0,0,0,0,0,0,0,0,0,0,0,0,0,0
3150,  2623117,  -139,    -1,   -83,  -222,     1,   -30,     0,   -30,0,0,0,0,0,0,0,0,0,0,0,0,0,0,0,0,0,0,0,0,0,0,0,0,0,0,0,0,0,0,0,0
3151,  2623950,  -140,     0,   -82,  -222,     0,   -30,    -1,   -32,0,0,0,0,0,0,0,0,0,0,0,0,0,0,0,0,0,0,0,0,0,0,0,0,0,0,0,0,0,0,0,0
3152,  2624783,  -140,     2,   -82,  -220,     0,   -30,     0,   -30,0,0,0,0,0,0,0,0,0,0,0,0,0,0,0,0,0,0,0,0,0,0,0,0,0,0,0,0,0,0,0,0
3153,  2625616,  -140,    -1,   -81,  -222,     0,   -31,    -1,   -32,0,0,0,0,0,0,0,0,0,0,0,0,0,0,0,0,0,0,0,0,0,0,0,0,0,0,0,0,0,0,0,0
3154,  2626449,  -138,     0,   -81,  -219,     0,   -30,     1,   -29,0,0,0,0,0,0,0,0,0,0,0,0,0,0,0,0,0,0,0,0,0,0,0,0,0,0,0,0,0,0,0,0
3155,  2627282,  -137,     0,   -80,  -217,     1,   -31,     0,   -30,0,0,0,0,0,0,0,0,0,0,0,0,0,0,0,0,0,0,0,0,0,0,0,0,0,0,0,0,0,0,0,0
3156,  2628115,  -138,     2,   -81,  -217,     0,   -30,    -2,   -33,0,0,0,0,0,0,0,0,0,0,0,0,0,0,0,0,0,0,0,0,0,0,0,0,0,0,0,0,0,0,0,0
3157,  2628948,  -137,     2,   -80,  -215,     1,   -30,    -1,   -30,0,0,0,0,0,0,0,0,0,0,0,0,0,0,0,0,0,0,0,0,0,0,0,0,0,0,0,0,0,0,0,0
3158,  2629781,  -136,     1,   -78,  -213,    -2,   -30,     0,   -32,0,0,0,0,0,0,0,0,0,0,0,0,0,0,0,0,0,0,0,0,0,0,0,0,0,0,0,0,0,0,0,0
3159,  2630614,  -136,     0,   -78,  -214,     1,   -29,     0,   -28,0,0,0,0,0,0,0,0,0,0,0,0,0,0,0,0,0,0,0,0,0,0,0,0,0,0,0,0,0,0,0,0
3160,  2631447,  -136,     1,   -79,  -214,     0,   -32,    -1,   -32,0,0,0,0,0,0,0,0,0,0,0,0,0,0,0,0,0,0,0,0,0,0,0,0,0,0,0,0,0,0,0,0
3161,  2632280,  -135,     0,   -75,  -210,     2,   -30,    -1,   -30,0,0,0,0,0,0,0,0,0,0,0,0,0,0,0,0,0,0,0,0,0,0,0,0,0,0,0,0,0,0,0,0
3162,  2633113,  -137,     1,   -78,  -213,    -1,   -30,    -1,   -32,0,0,0,0,0,0,0,0,0,0,0,0,0,0,0,0,0,0,0,0,0,0,0,0,0,0,0,0,0,0,0,0
3163,  2633946,  -134,     2,   -76,  -208,     2,   -30,     1,   -27,0,0,0,0,0,0,0,0,0,0,0,0,0,0,0,0,0,0,0,0,0,0,0,0,0,0,0,0,0,0,0,0
3164,  2634779,  -135,     1,   -75,  -209,    -1,   -31,    -1,   -33,0,0,0,0,0,0,0,0,0,0,0,0,0,0,0,0,0,0,0,0,0,0,0,0,0,0,0,0,0,0,0,0
3165,  2635612,  -135,     1,   -74,  -208,    -1,   -29,    -1,   -31,0,0,0,0,0,0,0,0,0,0,0,0,0,0,0,0,0,0,0,0,0,0,0,0,0,0,0,0,0,0,0,0
3166,  2636445,  -133,     0,   -73,  -206,    -1,   -30,     0,   -30,0,0,0,0,0,0,0,0,0,0,0,0,0,0,0,0,0,0,0,0,0,0,0,0,0,0,0,0,0,0,0,0
3167,  2637278,  -134,     2,   -73,  -205,    -1,   -30,     0,   -31,0,0,0,0,0,0,0,0,0,0,0,0,0,0,0,0,0,0,0,0,0,0,0,0,0,0,0,0,0,0,0,0
3168,  2638111,  -132,     3,   -73,  -202,     1,   -30,     0,   -30,0,0,0,0,0,0,0,0,0,0,0,0,0,0,0,0,0,0,0,0,0,0,0,0,0,0,0,0,0,0,0,0
3169,  2638944,  -131,     1,   -71,  -201,     1,   -30,    -1,   -31,0,0,0,0,0,0,0,0,0,0,0,0,0,0,0,0,0,0,0,0,0,0,0,0,0,0,0,0,0,0,0,0
3170,  2639777,  -130,     1,   -74,  -202,     1,   -30,    -1,   -30,0,0,0,0,0,0,0,0,0,0,0,0,0,0,0,0,0,0,0,0,0,0,0,0,0,0,0,0,0,0,0,0
3171,  2640610,  -133,     2,   -73,  -204,     0,   -31,     0,   -31,0,0,0,0,0,0,0,0,0,0,0,0,0,0,0,0,0,0,0,0,0,0,0,0,0,0,0,0,0,0,0,0
3172,  2641443,  -132,     0,   -72,  -203,     2,   -30,     1,   -27,0,0,0,0,0,0,0,0,0,0,0,0,0,0,0,0,0,0,0,0,0,0,0,0,0,0,0,0,0,0,0,0
3173,  2642276,  -131,     0,   -71,  -201,    -1,   -30,    -1,   -31,0,0,0,0,0,0,0,0,0,0,0,0,0,0,0,0,0,0,0,0,0,0,0,0,0,0,0,0,0,0,0,0
3174,  2643109,  -132,     2,   -71,  -200,     0,   -31,    -1,   -32,0,0,0,0,0,0,0,0,0,0,0,0,0,0,0,0,0,0,0,0,0,0,0,0,0,0,0,0,0,0,0,0
3175,  2643942,  -129,     2,   -72,  -199,     0,   -31,     0,   -31,0,0,0,0,0,0,0,0,0,0,0,0,0,0,0,0,0,0,0,0,0,0,0,0,0,0,0,0,0,0,0,0
3176,  2644775,  -131,     1,   -69,  -198,    -1,   -31,     0,   -32,0,0,0,0,0,0,0,0,0,0,0,0,0,0,0,0,0,0,0,0,0,0,0,0,0,0,0,0,0,0,0,0
3177,  2645608,  -130,     1,   -69,  -198,     1,   -30,    -2,   -31,0,0,0,0,0,0,0,0,0,0,0,0,0,0,0,0,0,0,0,0,0,0,0,0,0,0,0,0,0,0,0,0
3178,  2646441,  -130,     0,   -69,  -198,    -1,   -29,     0,   -30,0,0,0,0,0,0,0,0,0,0,0,0,0,0,0,0,0,0,0,0,0,0,0,0,0,0,0,0,0,0,0,0
3179,  2647274,  -131,     1,   -69,  -198,     0,   -28,     0,   -28,0,0,0,0,0,0,0,0,0,0,0,0,0,0,0,0,0,0,0,0,0,0,0,0,0,0,0,0,0,0,0,0
3180,  2648107,  -131,     1,   -66,  -196,     0,   -30,    -1,   -31,0,0,0,0,0,0,0,0,0,0,0,0,0,0,0,0,0,0,0,0,0,0,0,0,0,0,0,0,0,0,0,0
3181,  2648940,  -130,     1,   -65,  -194,     1,   -30,     0,   -28,0,0,0,0,0,0,0,0,0,0,0,0,0,0,0,0,0,0,0,0,0,0,0,0,0,0,0,0,0,0,0,0
3182,  2649773,  -129,     4,   -65,  -190,     0,   -30,     0,   -30,0,0,0,0,0,0,0,0,0,0,0,0,0,0,0,0,0,0,0,0,0,0,0,0,0,0,0,0,0,0,0,0
3183,  2650606,  -127,     1,   -65,  -191,    -1,   -30,    -1,   -32,0,0,0,0,0,0,0,0,0,0,0,0,0,0,0,0,0,0,0,0,0,0,0,0,0,0,0,0,0,0,0,0
3184,  2651439,  -128,     0,   -65,  -192,     2,   -29,     0,   -27,0,0,0,0,0,0,0,0,0,0,0,0,0,0,0,0,0,0,0,0,0,0,0,0,0,0,0,0,0,0,0,0
3185,  2652272,  -128,    -1,   -62,  -190,     0,   -30,     0,   -30,0,0,0,0,0,0,0,0,0,0,0,0,0,0,0,0,0,0,0,0,0,0,0,0,0,0,0,0,0,0,0,0
3186,  2653105,  -128,     2,   -63,  -189,     0,   -28,     0,   -28,0,0,0,0,0,0,0,0,0,0,0,0,0,0,0,0,0,0,0,0,0,0,0,0,0,0,0,0,0,0,0,0
3187,  2653938,  -128,     0,   -65,  -192,     0,   -29,    -1,   -31,0,0,0,0,0,0,0,0,0,0,0,0,0,0,0,0,0,0,0,0,0,0,0,0,0,0,0,0,0,0,0,0
3188,  2654771,  -126,     1,   -64,  -188,     1,   -29,    -1,   -30,0,0,0,0,0,0,0,0,0,0,0,0,0,0,0,0,0,0,0,0,0,0,0,0,0,0,0,0,0,0,0,0
3189,  2655604,  -127,     0,   -63,  -189,     0,   -29,     0,   -29,0,0,0,0,0,0,0,0,0,0,0,0,0,0,0,0,0,0,0,0,0,0,0,0,0,0,0,0,0,0,0,0
3190,  2656437,  -127,     0,   -61,  -187,    -1,   -30,     0,   -32,0,0,0,0,0,0,0,0,0,0,0,0,0,0,0,0,0,0,0,0,0,0,0,0,0,0,0,0,0,0,0,0
3191,  2657270,  -126,     1,   -61,  -186,     2,   -29,     0,   -28,0,0,0,0,0,0,0,0,0,0,0,0,0,0,0,0,0,0,0,0,0,0,0,0,0,0,0,0,0,0,0,0
3192,  2658103,  -125,     3,   -60,  -182,    -1,   -29,    -1,   -31,0,0,0,0,0,0,0,0,0,0,0,0,0,0,0,0,0,0,0,0,0,0,0,0,0,0,0,0,0,0,0,0
3193,  2658936,  -126,     2,   -58,  -182,     2,   -29,    -1,   -28,0,0,0,0,0,0,0,0,0,0,0,0,0,0,0,0,0,0,0,0,0,0,0,0,0,0,0,0,0,0,0,0
3194,  2659769,  -126,     2,   -59,  -183,    -2,   -30,    -1,   -33,0,0,0,0,0,0,0,0,0,0,0,0,0,0,0,0,0,0,0,0,0,0,0,0,0,0,0,0,0,0,0,0
3195,  2660602,  -127,     2,   -58,  -183,     0,   -30,     0,   -30,0,0,0,0,0,0,0,0,0,0,0,0,0,0,0,0,0,0,0,0,0,0,0,0,0,0,0,0,0,0,0,0
3196,  2661435,  -124,     0,   -57,  -180,     1,   -31,    -1,   -31,0,0,0,0,0,0,0,0,0,0,0,0,0,0,0,0,0,0,0,0,0,0,0,0,0,0,0,0,0,0,0,0
3197,  2662268,  -125,     0,   -56,  -180,     1,   -28,    -1,   -28,0,0,0,0,0,0,0,0,0,0,0,0,0,0,0,0,0,0,0,0,0,0,0,0,0,0,0,0,0,0,0,0
3198,  2663101,  -124,     2,   -57,  -179,     1,   -29,     0,   -28,0,0,0,0,0,0,0,0,0,0,0,0,0,0,0,0,0,0,0,0,0,0,0,0,0,0,0,0,0,0,0,0
3199,  2663934,  -125,     2,   -55,  -178,     0,   -30,     0,   -30,0,0,0,0,0,0,0,0,0,0,0,0,0,0,0,0,0,0,0,0,0,0,0,0,0,0,0,0,0,0,0,0
3200,  2664767,  -124,     1,   -55,  -178,     0,   -30,    -1,   -30,0,0,0,0,0,0,0,0,0,0,0,0,0,0,0,0,0,0,0,0,0,0,0,0,0,0,0,0,0,0,0,0
3201,  2665600,  -122,     1,   -53,  -174,     1,   -28,    -1,   -27,0,0,0,0,0,0,0,0,0,0,0,0,0,0,0,0,0,0,0,0,0,0,0,0,0,0,0,0,0,0,0,0
3202,  2666433,  -122,     3,   -53,  -172,    -1,   -30,     1,   -30,0,0,0,0,0,0,0,0,0,0,0,0,0,0,0,0,0,0,0,0,0,0,0,0,0,0,0,0,0,0,0,0
3203,  2667266,  -125,     1,   -52,  -176,     0,   -28,     0,   -28,0,0,0,0,0,0,0,0,0,0,0,0,0,0,0,0,0,0,0,0,0,0,0,0,0,0,0,0,0,0,0,0
3204,  2668099,  -122,     1,   -51,  -172,    -1,   -29,    -1,   -30,0,0,0,0,0,0,0,0,0,0,0,0,0,0,0,0,0,0,0,0,0,0,0,0,0,0,0,0,0,0,0,0
3205,  2668932,  -121,     1,   -50,  -170,     1,   -28,    -1,   -29,0,0,0,0,0,0,0,0,0,0,0,0,0,0,0,0,0,0,0,0,0,0,0,0,0,0,0,0,0,0,0,0
3206,  2669765,  -122,     1,   -50,  -171,     1,   -30,     0,   -30,0,0,0,0,0,0,0,0,0,0,0,0,0,0,0,0,0,0,0,0,0,0,0,0,0,0,0,0,0,0,0,0
3207,  2670598,  -121,     0,   -51,  -171,     1,   -29,     0,   -29,0,0,0,0,0,0,0,0,0,0,0,0,0,0,0,0,0,0,0,0,0,0,0,0,0,0,0,0,0,0,0,0
3208,  2671431,  -122,     2,   -49,  -169,     0,   -29,    -2,   -31,0,0,0,0,0,0,0,0,0,0,0,0,0,0,0,0,0,0,0,0,0,0,0,0,0,0,0,0,0,0,0,0
3209,  2672264,  -121,     0,   -48,  -168,     2,   -28,     1,   -25,0,0,0,0,0,0,0,0,0,0,0,0,0,0,0,0,0,0,0,0,0,0,0,0,0,0,0,0,0,0,0,0
3210,  2673097,  -121,     1,   -48,  -167,     1,   -30,    -1,   -30,0,0,0,0,0,0,0,0,0,0,0,0,0,0,0,0,0,0,0,0,0,0,0,0,0,0,0,0,0,0,0,0
3211,  2673930,  -120,     1,   -46,  -165,     0,   -30,     0,   -31,0,0,0,0,0,0,0,0,0,0,0,0,0,0,0,0,0,0,0,0,0,0,0,0,0,0,0,0,0,0,0,0
3212,  2674763,  -120,     2,   -45,  -163,     1,   -29,     0,   -28,0,0,0,0,0,0,0,0,0,0,0,0,0,0,0,0,0,0,0,0,0,0,0,0,0,0,0,0,0,0,0,0
3213,  2675596,  -118,     1,   -46,  -162,     0,   -28,     0,   -28,0,0,0,0,0,0,0,0,0,0,0,0,0,0,0,0,0,0,0,0,0,0,0,0,0,0,0,0,0,0,0,0
3214,  2676429,  -119,     2,   -44,  -161,     0,   -30,     0,   -29,0,0,0,0,0,0,0,0,0,0,0,0,0,0,0,0,0,0,0,0,0,0,0,0,0,0,0,0,0,0,0,0
3215,  2677262,  -118,     2,   -43,  -159,    -1,   -30,    -1,   -32,0,0,0,0,0,0,0,0,0,0,0,0,0,0,0,0,0,0,0,0,0,0,0,0,0,0,0,0,0,0,0,0
3216,  2678095,  -119,     4,   -42,  -157,     1,   -28,     0,   -28,0,0,0,0,0,0,0,0,0,0,0,0,0,0,0,0,0,0,0,0,0,0,0,0,0,0,0,0,0,0,0,0
3217,  2678928,  -118,     0,   -43,  -161,     1,   -28,     0,   -26,0,0,0,0,0,0,0,0,0,0,0,0,0,0,0,0,0,0,0,0,0,0,0,0,0,0,0,0,0,0,0,0
3218,  2679761,  -119,     2,   -41,  -158,     0,   -30,    -1,   -31,0,0,0,0,0,0,0,0,0,0,0,0,0,0,0,0,0,0,0,0,0,0,0,0,0,0,0,0,0,0,0,0
3219,  2680594,  -117,     0,   -42,  -158,     0,   -29,     0,   -29,0,0,0,0,0,0,0,0,0,0,0,0,0,0,0,0,0,0,0,0,0,0,0,0,0,0,0,0,0,0,0,0
3220,  2681427,  -118,     1,   -40,  -156,     0,   -29,     0,   -28,0,0,0,0,0,0,0,0,0,0,0,0,0,0,0,0,0,0,0,0,0,0,0,0,0,0,0,0,0,0,0,0
3221,  2682260,  -118,     2,   -40,  -156,     0,   -30,     0,   -31,0,0,0,0,0,0,0,0,0,0,0,0,0,0,0,0,0,0,0,0,0,0,0,0,0,0,0,0,0,0,0,0
3222,  2683093,  -117,     2,   -38,  -153,     0,   -29,    -1,   -30,0,0,0,0,0,0,0,0,0,0,0,0,0,0,0,0,0,0,0,0,0,0,0,0,0,0,0,0,0,0,0,0
3223,  2683926,  -115,     2,   -38,  -150,     0,   -29,     0,   -29,0,0,0,0,0,0,0,0,0,0,0,0,0,0,0,0,0,0,0,0,0,0,0,0,0,0,0,0,0,0,0,0
3224,  2684759,  -117,     2,   -36,  -150,     1,   -29,    -1,   -29,0,0,0,0,0,0,0,0,0,0,0,0,0,0,0,0,0,0,0,0,0,0,0,0,0,0,0,0,0,0,0,0
3225,  2685592,  -117,     2,   -35,  -149,    -2,   -28,     0,   -30,0,0,0,0,0,0,0,0,0,0,0,0,0,0,0,0,0,0,0,0,0,0,0,0,0,0,0,0,0,0,0,0
3226,  2686425,  -115,     2,   -33,  -146,     1,   -29,    -1,   -29,0,0,0,0,0,0,0,0,0,0,0,0,0,0,0,0,0,0,0,0,0,0,0,0,0,0,0,0,0,0,0,0
3227,  2687258,  -115,     1,   -32,  -146,     2,   -28,     0,   -26,0,0,0,0,0,0,0,0,0,0,0,0,0,0,0,0,0,0,0,0,0,0,0,0,0,0,0,0,0,0,0,0
3228,  2688091,  -115,     2,   -32,  -145,     1,   -30,     0,   -29,0,0,0,0,0,0,0,0,0,0,0,0,0,0,0,0,0,0,0,0,0,0,0,0,0,0,0,0,0,0,0,0
3229,  2688924,  -116,     0,   -31,  -147,    -1,   -28,     0,   -29,0,0,0,0,0,0,0,0,0,0,0,0,0,0,0,0,0,0,0,0,0,0,0,0,0,0,0,0,0,0,0,0
3230,  2689757,  -115,     1,   -30,  -143,     1,   -28,     0,   -28,0,0,0,0,0,0,0,0,0,0,0,0,0,0,0,0,0,0,0,0,0,0,0,0,0,0,0,0,0,0,0,0
3231,  2690590,  -115,    -1,   -29,  -144,     0,   -28,    -2,   -29,0,0,0,0,0,0,0,0,0,0,0,0,0,0,0,0,0,0,0,0,0,0,0,0,0,0,0,0,0,0,0,0
3232,  2691423,  -114,     2,   -28,  -139,     0,   -29,    -1,   -31,0,0,0,0,0,0,0,0,0,0,0,0,0,0,0,0,0,0,0,0,0,0,0,0,0,0,0,0,0,0,0,0
3233,  2692256,  -114,     0,   -27,  -140,    -1,   -28,     0,   -29,0,0,0,0,0,0,0,0,0,0,0,0,0,0,0,0,0,0,0,0,0,0,0,0,0,0,0,0,0,0,0,0
3234,  2693089,  -114,     0,   -26,  -140,     0,   -29,     0,   -28,0,0,0,0,0,0,0,0,0,0,0,0,0,0,0,0,0,0,0,0,0,0,0,0,0,0,0,0,0,0,0,0
3235,  2693922,  -114,     1,   -25,  -138,     1,   -29,     0,   -27,0,0,0,0,0,0,0,0,0,0,0,0,0,0,0,0,0,0,0,0,0,0,0,0,0,0,0,0,0,0,0,0
3236,  2694755,  -114,     0,   -26,  -140,     2,   -29,    -1,   -28,0,0,0,0,0,0,0,0,0,0,0,0,0,0,0,0,0,0,0,0,0,0,0,0,0,0,0,0,0,0,0,0
3237,  2695588,  -112,     2,   -25,  -134,     0,   -30,    -1,   -31,0,0,0,0,0,0,0,0,0,0,0,0,0,0,0,0,0,0,0,0,0,0,0,0,0,0,0,0,0,0,0,0
3238,  2696421,  -112,     3,   -23,  -132,     0,   -29,     0,   -30,0,0,0,0,0,0,0,0,0,0,0,0,0,0,0,0,0,0,0,0,0,0,0,0,0,0,0,0,0,0,0,0
3239,  2697254,  -111,     2,   -23,  -132,     0,   -28,     1,   -28,0,0,0,0,0,0,0,0,0,0,0,0,0,0,0,0,0,0,0,0,0,0,0,0,0,0,0,0,0,0,0,0
3240,  2698087,  -113,     0,   -23,  -135,     0,   -29,     0,   -29,0,0,0,0,0,0,0,0,0,0,0,0,0,0,0,0,0,0,0,0,0,0,0,0,0,0,0,0,0,0,0,0
3241,  2698920,  -112,     2,   -21,  -130,     1,   -28,     0,   -27,0,0,0,0,0,0,0,0,0,0,0,0,0,0,0,0,0,0,0,0,0,0,0,0,0,0,0,0,0,0,0,0
3242,  2699753,  -112,     2,   -21,  -130,     0,   -30,     0,   -30,0,0,0,0,0,0,0,0,0,0,0,0,0,0,0,0,0,0,0,0,0,0,0,0,0,0,0,0,0,0,0,0
3243,  2700586,  -111,     1,   -18,  -128,     0,   -29,    -1,   -30,0,0,0,0,0,0,0,0,0,0,0,0,0,0,0,0,0,0,0,0,0,0,0,0,0,0,0,0,0,0,0,0
3244,  2701419,  -110,     1,   -16,  -125,     0,   -28,     0,   -28,0,0,0,0,0,0,0,0,0,0,0,0,0,0,0,0,0,0,0,0,0,0,0,0,0,0,0,0,0,0,0,0
3245,  2702252,  -111,     1,   -14,  -124,     0,   -30,     0,   -30,0,0,0,0,0,0,0,0,0,0,0,0,0,0,0,0,0,0,0,0,0,0,0,0,0,0,0,0,0,0,0,0
3246,  2703085,  -110,     1,   -15,  -124,    -2,   -29,    -1,   -31,0,0,0,0,0,0,0,0,0,0,0,0,0,0,0,0,0,0,0,0,0,0,0,0,0,0,0,0,0,0,0,0
3247,  2703918,  -109,     0,   -16,  -124,     0,   -28,     2,   -26,0,0,0,0,0,0,0,0,0,0,0,0,0,0,0,0,0,0,0,0,0,0,0,0,0,0,0,0,0,0,0,0
3248,  2704751,  -109,     2,   -12,  -119,     2,   -27,    -1,   -26,0,0,0,0,0,0,0,0,0,0,0,0,0,0,0,0,0,0,0,0,0,0,0,0,0,0,0,0,0,0,0,0
3249,  2705584,  -110,     1,   -13,  -121,    -2,   -29,    -1,   -31,0,0,0,0,0,0,0,0,0,0,0,0,0,0,0,0,0,0,0,0,0,0,0,0,0,0,0,0,0,0,0,0
3250,  2706417,  -108,    -1,   -11,  -120,     2,   -28,     1,   -26,0,0,0,0,0,0,0,0,0,0,0,0,0,0,0,0,0,0,0,0,0,0,0,0,0,0,0,0,0,0,0,0
3251,  2707250,  -108,     1,   -10,  -117,     1,   -30,     0,   -29,0,0,0,0,0,0,0,0,0,0,0,0,0,0,0,0,0,0,0,0,0,0,0,0,0,0,0,0,0,0,0,0
3252,  2708083,  -109,    -1,    -7,  -117,     2,   -28,    -1,   -27,0,0,0,0,0,0,0,0,0,0,0,0,0,0,0,0,0,0,0,0,0,0,0,0,0,0,0,0,0,0,0,0
3253,  2708916,  -108,     0,    -6,  -114,     1,   -29,    -1,   -28,0,0,0,0,0,0,0,0,0,0,0,0,0,0,0,0,0,0,0,0,0,0,0,0,0,0,0,0,0,0,0,0
3254,  2709749,  -109,     0,    -6,  -115,     1,   -27,    -1,   -27,0,0,0,0,0,0,0,0,0,0,0,0,0,0,0,0,0,0,0,0,0,0,0,0,0,0,0,0,0,0,0,0
3255,  2710582,  -108,     1,    -6,  -112,     0,   -28,    -1,   -29,0,0,0,0,0,0,0,0,0,0,0,0,0,0,0,0,0,0,0,0,0,0,0,0,0,0,0,0,0,0,0,0
3256,  2711415,  -106,     0,    -4,  -109,     0,   -29,    -1,   -30,0,0,0,0,0,0,0,0,0,0,0,0,0,0,0,0,0,0,0,0,0,0,0,0,0,0,0,0,0,0,0,0
3257,  2712248,  -107,     1,    -2,  -108,     1,   -28,    -1,   -28,0,0,0,0,0,0,0,0,0,0,0,0,0,0,0,0,0,0,0,0,0,0,0,0,0,0,0,0,0,0,0,0
3258,  2713081,  -105,     2,    -4,  -106,     0,   -28,     0,   -29,0,0,0,0,0,0,0,0,0,0,0,0,0,0,0,0,0,0,0,0,0,0,0,0,0,0,0,0,0,0,0,0
3259,  2713914,  -107,     1,     0,  -106,     0,   -28,     0,   -28,0,0,0,0,0,0,0,0,0,0,0,0,0,0,0,0,0,0,0,0,0,0,0,0,0,0,0,0,0,0,0,0
3260,  2714747,  -106,     1,     1,  -104,     2,   -29,    -1,   -28,0,0,0,0,0,0,0,0,0,0,0,0,0,0,0,0,0,0,0,0,0,0,0,0,0,0,0,0,0,0,0,0
3261,  2715580,  -107,     1,     1,  -104,     0,   -28,    -1,   -30,0,0,0,0,0,0,0,0,0,0,0,0,0,0,0,0,0,0,0,0,0,0,0,0,0,0,0,0,0,0,0,0
3262,  2716413,  -104,     1,     2,  -100,    -1,   -29,    -1,   -30,0,0,0,0,0,0,0,0,0,0,0,0,0,0,0,0,0,0,0,0,0,0,0,0,0,0,0,0,0,0,0,0
3263,  2717246,  -105,     2,     4,   -99,     0,   -29,     0,   -29,0,0,0,0,0,0,0,0,0,0,0,0,0,0,0,0,0,0,0,0,0,0,0,0,0,0,0,0,0,0,0,0
3264,  2718079,  -102,     0,     3,   -99,     1,   -29,     0,   -28,0,0,0,0,0,0,0,0,0,0,0,0,0,0,0,0,0,0,0,0,0,0,0,0,0,0,0,0,0,0,0,0
3265,  2718912,  -104,     2,     5,   -97,    -1,   -29,     1,   -29,0,0,0,0,0,0,0,0,0,0,0,0,0,0,0,0,0,0,0,0,0,0,0,0,0,0,0,0,0,0,0,0
3266,  2719745,  -104,     1,     8,   -94,    -1,   -28,    -1,   -30,0,0,0,0,0,0,0,0,0,0,0,0,0,0,0,0,0,0,0,0,0,0,0,0,0,0,0,0,0,0,0,0
3267,  2720578,  -105,     1,     7,   -97,    -1,   -28,     0,   -30,0,0,0,0,0,0,0,0,0,0,0,0,0,0,0,0,0,0,0,0,0,0,0,0,0,0,0,0,0,0,0,0
3268,  2721411,  -105,     1,     9,   -95,     1,   -28,     1,   -26,0,0,0,0,0,0,0,0,0,0,0,0,0,0,0,0,0,0,0,0,0,0,0,0,0,0,0,0,0,0,0,0
3269,  2722244,  -103,     1,     9,   -93,    -1,   -30,     0,   -31,0,0,0,0,0,0,0,0,0,0,0,0,0,0,0,0,0,0,0,0,0,0,0,0,0,0,0,0,0,0,0,0
3270,  2723077,  -103,     4,    10,   -88,     0,   -27,    -1,   -29,0,0,0,0,0,0,0,0,0,0,0,0,0,0,0,0,0,0,0,0,0,0,0,0,0,0,0,0,0,0,0,0
3271,  2723910,  -102,     1,    13,   -88,     0,   -29,    -1,   -30,0,0,0,0,0,0,0,0,0,0,0,0,0,0,0,0,0,0,0,0,0,0,0,0,0,0,0,0,0,0,0,0
3272,  2724743,  -103,     1,    12,   -89,     0,   -28,     1,   -27,0,0,0,0,0,0,0,0,0,0,0,0,0,0,0,0,0,0,0,0,0,0,0,0,0,0,0,0,0,0,0,0
3273,  2725576,  -101,     2,    15,   -84,     0,   -27,     0,   -27,0,0,0,0,0,0,0,0,0,0,0,0,0,0,0,0,0,0,0,0,0,0,0,0,0,0,0,0,0,0,0,0
3274,  2726409,  -103,    -1,    15,   -88,     2,   -27,    -1,   -26,0,0,0,0,0,0,0,0,0,0,0,0,0,0,0,0,0,0,0,0,0,0,0,0,0,0,0,0,0,0,0,0
3275,  2727242,  -102,     0,    16,   -85,     0,   -29,     2,   -27,0,0,0,0,0,0,0,0,0,0,0,0,0,0,0,0,0,0,0,0,0,0,0,0,0,0,0,0,0,0,0,0
3276,  2728075,  -101,     2,    16,   -83,    -1,   -28,    -1,   -30,0,0,0,0,0,0,0,0,0,0,0,0,0,0,0,0,0,0,0,0,0,0,0,0,0,0,0,0,0,0,0,0
3277,  2728908,  -101,     0,    18,   -82,     0,   -29,    -1,   -29,0,0,0,0,0,0,0,0,0,0,0,0,0,0,0,0,0,0,0,0,0,0,0,0,0,0,0,0,0,0,0,0
3278,  2729741,  -101,     2,    19,   -80,     0,   -27,     0,   -27,0,0,0,0,0,0,0,0,0,0,0,0,0,0,0,0,0,0,0,0,0,0,0,0,0,0,0,0,0,0,0,0
3279,  2730574,  -101,     0,    21,   -80,    -1,   -30,    -1,   -31,0,0,0,0,0,0,0,0,0,0,0,0,0,0,0,0,0,0,0,0,0,0,0,0,0,0,0,0,0,0,0,0
3280,  2731407,  -100,     1,    22,   -76,     0,   -29,    -1,   -30,0,0,0,0,0,0,0,0,0,0,0,0,0,0,0,0,0,0,0,0,0,0,0,0,0,0,0,0,0,0,0,0
3281,  2732240,   -99,     1,    22,   -75,     0,   -29,    -1,   -31,0,0,0,0,0,0,0,0,0,0,0,0,0,0,0,0,0,0,0,0,0,0,0,0,0,0,0,0,0,0,0,0
3282,  2733073,   -99,     0,    22,   -76,     0,   -28,    -1,   -29,0,0,0,0,0,0,0,0,0,0,0,0,0,0,0,0,0,0,0,0,0,0,0,0,0,0,0,0,0,0,0,0
3283,  2733906,   -99,     0,    23,   -75,     2,   -28,    -1,   -28,0,0,0,0,0,0,0,0,0,0,0,0,0,0,0,0,0,0,0,0,0,0,0,0,0,0,0,0,0,0,0,0
3284,  2734739,   -99,     1,    23,   -74,     1,   -28,     0,   -27,0,0,0,0,0,0,0,0,0,0,0,0,0,0,0,0,0,0,0,0,0,0,0,0,0,0,0,0,0,0,0,0
3285,  2735572,   -98,     2,    25,   -70,    -1,   -29,    -1,   -30,0,0,0,0,0,0,0,0,0,0,0,0,0,0,0,0,0,0,0,0,0,0,0,0,0,0,0,0,0,0,0,0
3286,  2736405,   -99,     2,    28,   -69,     1,   -28,     0,   -27,0,0,0,0,0,0,0,0,0,0,0,0,0,0,0,0,0,0,0,0,0,0,0,0,0,0,0,0,0,0,0,0
3287,  2737238,   -98,     0,    26,   -71,     0,   -27,     0,   -27,0,0,0,0,0,0,0,0,0,0,0,0,0,0,0,0,0,0,0,0,0,0,0,0,0,0,0,0,0,0,0,0
3288,  2738071,   -98,     1,    29,   -67,     1,   -27,    -1,   -27,0,0,0,0,0,0,0,0,0,0,0,0,0,0,0,0,0,0,0,0,0,0,0,0,0,0,0,0,0,0,0,0
3289,  2738904,   -98,     0,    29,   -68,     2,   -27,     0,   -25,0,0,0,0,0,0,0,0,0,0,0,0,0,0,0,0,0,0,0,0,0,0,0,0,0,0,0,0,0,0,0,0
3290,  2739737,   -95,     2,    30,   -62,     0,   -28,     1,   -28,0,0,0,0,0,0,0,0,0,0,0,0,0,0,0,0,0,0,0,0,0,0,0,0,0,0,0,0,0,0,0,0
3291,  2740570,   -97,     1,    32,   -63,     2,   -28,     0,   -26,0,0,0,0,0,0,0,0,0,0,0,0,0,0,0,0,0,0,0,0,0,0,0,0,0,0,0,0,0,0,0,0
3292,  2741403,   -95,     1,    32,   -62,     0,   -28,     0,   -28,0,0,0,0,0,0,0,0,0,0,0,0,0,0,0,0,0,0,0,0,0,0,0,0,0,0,0,0,0,0,0,0
3293,  2742236,   -97,     4,    36,   -57,    -1,   -27,     0,   -29,0,0,0,0,0,0,0,0,0,0,0,0,0,0,0,0,0,0,0,0,0,0,0,0,0,0,0,0,0,0,0,0
3294,  2743069,   -96,     0,    35,   -61,     0,   -28,     0,   -28,0,0,0,0,0,0,0,0,0,0,0,0,0,0,0,0,0,0,0,0,0,0,0,0,0,0,0,0,0,0,0,0
3295,  2743902,   -96,     0,    37,   -59,    -1,   -27,     0,   -28,0,0,0,0,0,0,0,0,0,0,0,0,0,0,0,0,0,0,0,0,0,0,0,0,0,0,0,0,0,0,0,0
3296,  2744735,   -96,     2,    37,   -56,     0,   -29,    -2,   -31,0,0,0,0,0,0,0,0,0,0,0,0,0,0,0,0,0,0,0,0,0,0,0,0,0,0,0,0,0,0,0,0
3297,  2745568,   -93,     2,    39,   -51,     1,   -28,    -3,   -30,0,0,0,0,0,0,0,0,0,0,0,0,0,0,0,0,0,0,0,0,0,0,0,0,0,0,0,0,0,0,0,0
3298,  2746401,   -96,     1,    40,   -55,     0,   -27,     0,   -27,0,0,0,0,0,0,0,0,0,0,0,0,0,0,0,0,0,0,0,0,0,0,0,0,0,0,0,0,0,0,0,0
3299,  2747234,   -97,     1,    43,   -53,     0,   -27,     1,   -26,0,0,0,0,0,0,0,0,0,0,0,0,0,0,0,0,0,0,0,0,0,0,0,0,0,0,0,0,0,0,0,0
3300,  2748067,   -94,     0,    42,   -51,    -1,   -29,    -1,   -31,0,0,0,0,0,0,0,0,0,0,0,0,0,0,0,0,0,0,0,0,0,0,0,0,0,0,0,0,0,0,0,0
3301,  2748900,   -95,     1,    44,   -50,     0,   -27,    -1,   -29,0,0,0,0,0,0,0,0,0,0,0,0,0,0,0,0,0,0,0,0,0,0,0,0,0,0,0,0,0,0,0,0
3302,  2749733,   -94,     1,    44,   -49,     1,   -27,    -1,   -27,0,0,0,0,0,0,0,0,0,0,0,0,0,0,0,0,0,0,0,0,0,0,0,0,0,0,0,0,0,0,0,0
3303,  2750566,   -94,     1,    45,   -47,     0,   -26,    -1,   -27,0,0,0,0,0,0,0,0,0,0,0,0,0,0,0,0,0,0,0,0,0,0,0,0,0,0,0,0,0,0,0,0
3304,  2751399,   -92,     1,    47,   -43,     0,   -28,     0,   -28,0,0,0,0,0,0,0,0,0,0,0,0,0,0,0,0,0,0,0,0,0,0,0,0,0,0,0,0,0,0,0,0
3305,  2752232,   -94,     1,    49,   -44,     1,   -27,    -1,   -27,0,0,0,0,0,0,0,0,0,0,0,0,0,0,0,0,0,0,0,0,0,0,0,0,0,0,0,0,0,0,0,0
3306,  2753065,   -92,     2,    49,   -41,    -1,   -28,     0,   -29,0,0,0,0,0,0,0,0,0,0,0,0,0,0,0,0,0,0,0,0,0,0,0,0,0,0,0,0,0,0,0,0
3307,  2753898,   -93,     2,    49,   -42,     0,   -27,    -1,   -27,0,0,0,0,0,0,0,0,0,0,0,0,0,0,0,0,0,0,0,0,0,0,0,0,0,0,0,0,0,0,0,0
3308,  2754731,   -92,     1,    51,   -40,    -1,   -27,     0,   -28,0,0,0,0,0,0,0,0,0,0,0,0,0,0,0,0,0,0,0,0,0,0,0,0,0,0,0,0,0,0,0,0
3309,  2755564,   -90,     2,    52,   -36,    -1,   -28,     1,   -29,0,0,0,0,0,0,0,0,0,0,0,0,0,0,0,0,0,0,0,0,0,0,0,0,0,0,0,0,0,0,0,0
3310,  2756397,   -91,     2,    54,   -35,     0,   -27,     0,   -27,0,0,0,0,0,0,0,0,0,0,0,0,0,0,0,0,0,0,0,0,0,0,0,0,0,0,0,0,0,0,0,0
3311,  2757230,   -91,     0,    54,   -37,     2,   -26,     0,   -24,0,0,0,0,0,0,0,0,0,0,0,0,0,0,0,0,0,0,0,0,0,0,0,0,0,0,0,0,0,0,0,0
3312,  2758063,   -90,     1,    54,   -34,     1,   -27,    -2,   -28,0,0,0,0,0,0,0,0,0,0,0,0,0,0,0,0,0,0,0,0,0,0,0,0,0,0,0,0,0,0,0,0
3313,  2758896,   -91,     1,    56,   -33,     0,   -28,     0,   -28,0,0,0,0,0,0,0,0,0,0,0,0,0,0,0,0,0,0,0,0,0,0,0,0,0,0,0,0,0,0,0,0
3314,  2759729,   -91,     0,    58,   -32,    -2,   -28,     0,   -29,0,0,0,0,0,0,0,0,0,0,0,0,0,0,0,0,0,0,0,0,0,0,0,0,0,0,0,0,0,0,0,0
3315,  2760562,   -90,     1,    58,   -31,     2,   -27,     0,   -26,0,0,0,0,0,0,0,0,0,0,0,0,0,0,0,0,0,0,0,0,0,0,0,0,0,0,0,0,0,0,0,0
3316,  2761395,   -89,     3,    59,   -27,    -1,   -27,     1,   -27,0,0,0,0,0,0,0,0,0,0,0,0,0,0,0,0,0,0,0,0,0,0,0,0,0,0,0,0,0,0,0,0
3317,  2762228,   -90,     0,    62,   -27,     0,   -28,    -1,   -29,0,0,0,0,0,0,0,0,0,0,0,0,0,0,0,0,0,0,0,0,0,0,0,0,0,0,0,0,0,0,0,0
3318,  2763061,   -90,     0,    62,   -28,     0,   -28,    -1,   -29,0,0,0,0,0,0,0,0,0,0,0,0,0,0,0,0,0,0,0,0,0,0,0,0,0,0,0,0,0,0,0,0
3319,  2763894,   -89,     2,    62,   -24,     1,   -28,     0,   -26,0,0,0,0,0,0,0,0,0,0,0,0,0,0,0,0,0,0,0,0,0,0,0,0,0,0,0,0,0,0,0,0
3320,  2764727,   -87,     2,    64,   -21,     0,   -28,     0,   -28,0,0,0,0,0,0,0,0,0,0,0,0,0,0,0,0,0,0,0,0,0,0,0,0,0,0,0,0,0,0,0,0
3321,  2765560,   -89,     0,    65,   -23,    -1,   -28,     0,   -29,0,0,0,0,0,0,0,0,0,0,0,0,0,0,0,0,0,0,0,0,0,0,0,0,0,0,0,0,0,0,0,0
3322,  2766393,   -89,     1,    66,   -22,     1,   -27,     0,   -26,0,0,0,0,0,0,0,0,0,0,0,0,0,0,0,0,0,0,0,0,0,0,0,0,0,0,0,0,0,0,0,0
3323,  2767226,   -90,     0,    66,   -24,     0,   -28,     0,   -29,0,0,0,0,0,0,0,0,0,0,0,0,0,0,0,0,0,0,0,0,0,0,0,0,0,0,0,0,0,0,0,0
3324,  2768059,   -89,     1,    70,   -17,     1,   -27,     1,   -26,0,0,0,0,0,0,0,0,0,0,0,0,0,0,0,0,0,0,0,0,0,0,0,0,0,0,0,0,0,0,0,0
3325,  2768892,   -89,     1,    72,   -16,     0,   -29,    -1,   -31,0,0,0,0,0,0,0,0,0,0,0,0,0,0,0,0,0,0,0,0,0,0,0,0,0,0,0,0,0,0,0,0
3326,  2769725,   -88,     2,    71,   -14,     2,   -26,    -1,   -25,0,0,0,0,0,0,0,0,0,0,0,0,0,0,0,0,0,0,0,0,0,0,0,0,0,0,0,0,0,0,0,0
3327,  2770558,   -87,     1,    73,   -13,     1,   -26,    -1,   -26,0,0,0,0,0,0,0,0,0,0,0,0,0,0,0,0,0,0,0,0,0,0,0,0,0,0,0,0,0,0,0,0
3328,  2771391,   -89,     1,    75,   -13,     1,   -27,     0,   -27,0,0,0,0,0,0,0,0,0,0,0,0,0,0,0,0,0,0,0,0,0,0,0,0,0,0,0,0,0,0,0,0
3329,  2772224,   -88,     1,    74,   -13,     0,   -26,    -1,   -27,0,0,0,0,0,0,0,0,0,0,0,0,0,0,0,0,0,0,0,0,0,0,0,0,0,0,0,0,0,0,0,0
3330,  2773057,   -87,     1,    74,   -12,     0,   -27,     0,   -27,0,0,0,0,0,0,0,0,0,0,0,0,0,0,0,0,0,0,0,0,0,0,0,0,0,0,0,0,0,0,0,0
3331,  2773890,   -85,     0,    77,    -8,     0,   -28,    -1,   -29,0,0,0,0,0,0,0,0,0,0,0,0,0,0,0,0,0,0,0,0,0,0,0,0,0,0,0,0,0,0,0,0
3332,  2774723,   -85,     2,    77,    -6,     1,   -28,    -1,   -28,0,0,0,0,0,0,0,0,0,0,0,0,0,0,0,0,0,0,0,0,0,0,0,0,0,0,0,0,0,0,0,0
3333,  2775556,   -84,     1,    78,    -5,     0,   -28,    -1,   -29,0,0,0,0,0,0,0,0,0,0,0,0,0,0,0,0,0,0,0,0,0,0,0,0,0,0,0,0,0,0,0,0
3334,  2776389,   -85,     1,    80,    -3,     1,   -27,     0,   -26,0,0,0,0,0,0,0,0,0,0,0,0,0,0,0,0,0,0,0,0,0,0,0,0,0,0,0,0,0,0,0,0
3335,  2777222,   -84,     1,    81,    -2,     0,   -28,    -1,   -29,0,0,0,0,0,0,0,0,0,0,0,0,0,0,0,0,0,0,0,0,0,0,0,0,0,0,0,0,0,0,0,0
3336,  2778055,   -84,     2,    82,     0,     1,   -26,     0,   -25,0,0,0,0,0,0,0,0,0,0,0,0,0,0,0,0,0,0,0,0,0,0,0,0,0,0,0,0,0,0,0,0
3337,  2778888,   -84,     1,    82,    -1,     1,   -26,     0,   -26,0,0,0,0,0,0,0,0,0,0,0,0,0,0,0,0,0,0,0,0,0,0,0,0,0,0,0,0,0,0,0,0
3338,  2779721,   -86,     1,    84,    -1,    -2,   -26,     0,   -29,0,0,0,0,0,0,0,0,0,0,0,0,0,0,0,0,0,0,0,0,0,0,0,0,0,0,0,0,0,0,0,0
3339,  2780554,   -84,     1,    85,     2,     1,   -28,    -1,   -28,0,0,0,0,0,0,0,0,0,0,0,0,0,0,0,0,0,0,0,0,0,0,0,0,0,0,0,0,0,0,0,0
3340,  2781387,   -83,     1,    85,     3,     2,   -27,    -1,   -26,0,0,0,0,0,0,0,0,0,0,0,0,0,0,0,0,0,0,0,0,0,0,0,0,0,0,0,0,0,0,0,0
3341,  2782220,   -84,     1,    87,     4,     1,   -28,     0,   -27,0,0,0,0,0,0,0,0,0,0,0,0,0,0,0,0,0,0,0,0,0,0,0,0,0,0,0,0,0,0,0,0
3342,  2783053,   -84,     1,    89,     6,     0,   -27,     1,   -26,0,0,0,0,0,0,0,0,0,0,0,0,0,0,0,0,0,0,0,0,0,0,0,0,0,0,0,0,0,0,0,0
3343,  2783886,   -82,     4,    90,    12,     0,   -27,     1,   -27,0,0,0,0,0,0,0,0,0,0,0,0,0,0,0,0,0,0,0,0,0,0,0,0,0,0,0,0,0,0,0,0
3344,  2784719,   -82,     2,    90,    10,     0,   -28,     0,   -29,0,0,0,0,0,0,0,0,0,0,0,0,0,0,0,0,0,0,0,0,0,0,0,0,0,0,0,0,0,0,0,0
3345,  2785552,   -81,     1,    90,    10,    -1,   -27,    -1,   -29,0,0,0,0,0,0,0,0,0,0,0,0,0,0,0,0,0,0,0,0,0,0,0,0,0,0,0,0,0,0,0,0
3346,  2786385,   -82,     0,    93,    12,    -2,   -29,     0,   -30,0,0,0,0,0,0,0,0,0,0,0,0,0,0,0,0,0,0,0,0,0,0,0,0,0,0,0,0,0,0,0,0
3347,  2787218,   -80,     1,    93,    14,     0,   -27,     0,   -27,0,0,0,0,0,0,0,0,0,0,0,0,0,0,0,0,0,0,0,0,0,0,0,0,0,0,0,0,0,0,0,0
3348,  2788051,   -81,    -1,    95,    13,    -1,   -28,    -1,   -30,0,0,0,0,0,0,0,0,0,0,0,0,0,0,0,0,0,0,0,0,0,0,0,0,0,0,0,0,0,0,0,0
3349,  2788884,   -81,     1,    95,    15,     1,   -26,    -1,   -26,0,0,0,0,0,0,0,0,0,0,0,0,0,0,0,0,0,0,0,0,0,0,0,0,0,0,0,0,0,0,0,0
3350,  2789717,   -81,     0,    96,    16,     0,   -27,     0,   -28,0,0,0,0,0,0,0,0,0,0,0,0,0,0,0,0,0,0,0,0,0,0,0,0,0,0,0,0,0,0,0,0
3351,  2790550,   -80,     0,    97,    17,     0,   -28,     0,   -28,0,0,0,0,0,0,0,0,0,0,0,0,0,0,0,0,0,0,0,0,0,0,0,0,0,0,0,0,0,0,0,0
3352,  2791383,   -81,     1,    98,    18,     1,   -26,     0,   -25,0,0,0,0,0,0,0,0,0,0,0,0,0,0,0,0,0,0,0,0,0,0,0,0,0,0,0,0,0,0,0,0
3353,  2792216,   -79,     0,    98,    20,     1,   -27,     0,   -26,0,0,0,0,0,0,0,0,0,0,0,0,0,0,0,0,0,0,0,0,0,0,0,0,0,0,0,0,0,0,0,0
3354,  2793049,   -79,     2,    99,    22,     0,   -26,     0,   -27,0,0,0,0,0,0,0,0,0,0,0,0,0,0,0,0,0,0,0,0,0,0,0,0,0,0,0,0,0,0,0,0
3355,  2793882,   -78,     0,   101,    23,    -1,   -27,    -1,   -29,0,0,0,0,0,0,0,0,0,0,0,0,0,0,0,0,0,0,0,0,0,0,0,0,0,0,0,0,0,0,0,0
3356,  2794715,   -79,     0,    99,    21,    -1,   -28,     1,   -28,0,0,0,0,0,0,0,0,0,0,0,0,0,0,0,0,0,0,0,0,0,0,0,0,0,0,0,0,0,0,0,0
3357,  2795548,   -80,     1,   100,    21,     1,   -26,     1,   -24,0,0,0,0,0,0,0,0,0,0,0,0,0,0,0,0,0,0,0,0,0,0,0,0,0,0,0,0,0,0,0,0
3358,  2796381,   -79,     1,   101,    23,     1,   -27,    -1,   -27,0,0,0,0,0,0,0,0,0,0,0,0,0,0,0,0,0,0,0,0,0,0,0,0,0,0,0,0,0,0,0,0
3359,  2797214,   -78,     1,   103,    26,     0,   -27,    -1,   -27,0,0,0,0,0,0,0,0,0,0,0,0,0,0,0,0,0,0,0,0,0,0,0,0,0,0,0,0,0,0,0,0
3360,  2798047,   -78,     2,   103,    27,     0,   -27,    -1,   -28,0,0,0,0,0,0,0,0,0,0,0,0,0,0,0,0,0,0,0,0,0,0,0,0,0,0,0,0,0,0,0,0
3361,  2798880,   -79,     2,   105,    28,    -1,   -27,     0,   -28,0,0,0,0,0,0,0,0,0,0,0,0,0,0,0,0,0,0,0,0,0,0,0,0,0,0,0,0,0,0,0,0
3362,  2799713,   -78,     1,   104,    27,     1,   -27,     0,   -26,0,0,0,0,0,0,0,0,0,0,0,0,0,0,0,0,0,0,0,0,0,0,0,0,0,0,0,0,0,0,0,0
3363,  2800546,   -78,     1,   105,    28,     0,   -27,     0,   -27,0,0,0,0,0,0,0,0,0,0,0,0,0,0,0,0,0,0,0,0,0,0,0,0,0,0,0,0,0,0,0,0
3364,  2801379,   -77,     2,   107,    33,     0,   -27,    -2,   -29,0,0,0,0,0,0,0,0,0,0,0,0,0,0,0,0,0,0,0,0,0,0,0,0,0,0,0,0,0,0,0,0
3365,  2802212,   -76,     1,   110,    35,    -2,   -27,     0,   -28,0,0,0,0,0,0,0,0,0,0,0,0,0,0,0,0,0,0,0,0,0,0,0,0,0,0,0,0,0,0,0,0
3366,  2803045,   -77,     0,   109,    32,    -1,   -27,     1,   -27,0,0,0,0,0,0,0,0,0,0,0,0,0,0,0,0,0,0,0,0,0,0,0,0,0,0,0,0,0,0,0,0
3367,  2803878,   -76,     1,   109,    34,     2,   -26,    -1,   -25,0,0,0,0,0,0,0,0,0,0,0,0,0,0,0,0,0,0,0,0,0,0,0,0,0,0,0,0,0,0,0,0
3368,  2804711,   -77,     1,   110,    34,     0,   -26,     0,   -26,0,0,0,0,0,0,0,0,0,0,0,0,0,0,0,0,0,0,0,0,0,0,0,0,0,0,0,0,0,0,0,0
3369,  2805544,   -74,     1,   112,    39,    -1,   -28,     0,   -30,0,0,0,0,0,0,0,0,0,0,0,0,0,0,0,0,0,0,0,0,0,0,0,0,0,0,0,0,0,0,0,0
3370,  2806377,   -77,     2,   112,    37,    -1,   -27,    -1,   -29,0,0,0,0,0,0,0,0,0,0,0,0,0,0,0,0,0,0,0,0,0,0,0,0,0,0,0,0,0,0,0,0
3371,  2807210,   -74,     0,   112,    38,     1,   -27,    -1,   -27,0,0,0,0,0,0,0,0,0,0,0,0,0,0,0,0,0,0,0,0,0,0,0,0,0,0,0,0,0,0,0,0
3372,  2808043,   -74,    -1,   113,    39,     1,   -27,    -1,   -27,0,0,0,0,0,0,0,0,0,0,0,0,0,0,0,0,0,0,0,0,0,0,0,0,0,0,0,0,0,0,0,0
3373,  2808876,   -74,     1,   113,    40,    -1,   -27,     0,   -28,0,0,0,0,0,0,0,0,0,0,0,0,0,0,0,0,0,0,0,0,0,0,0,0,0,0,0,0,0,0,0,0
3374,  2809709,   -74,     1,   115,    42,     1,   -27,     0,   -26,0,0,0,0,0,0,0,0,0,0,0,0,0,0,0,0,0,0,0,0,0,0,0,0,0,0,0,0,0,0,0,0
3375,  2810542,   -74,     1,   115,    42,    -1,   -26,     0,   -27,0,0,0,0,0,0,0,0,0,0,0,0,0,0,0,0,0,0,0,0,0,0,0,0,0,0,0,0,0,0,0,0
3376,  2811375,   -74,     0,   115,    42,     0,   -28,    -1,   -29,0,0,0,0,0,0,0,0,0,0,0,0,0,0,0,0,0,0,0,0,0,0,0,0,0,0,0,0,0,0,0,0
3377,  2812208,   -74,     1,   115,    42,    -2,   -27,     0,   -28,0,0,0,0,0,0,0,0,0,0,0,0,0,0,0,0,0,0,0,0,0,0,0,0,0,0,0,0,0,0,0,0
3378,  2813041,   -72,     2,   118,    48,     0,   -28,    -1,   -30,0,0,0,0,0,0,0,0,0,0,0,0,0,0,0,0,0,0,0,0,0,0,0,0,0,0,0,0,0,0,0,0
3379,  2813874,   -74,     1,   118,    45,     1,   -26,    -2,   -27,0,0,0,0,0,0,0,0,0,0,0,0,0,0,0,0,0,0,0,0,0,0,0,0,0,0,0,0,0,0,0,0
3380,  2814707,   -72,     0,   118,    46,     2,   -26,     1,   -23,0,0,0,0,0,0,0,0,0,0,0,0,0,0,0,0,0,0,0,0,0,0,0,0,0,0,0,0,0,0,0,0
3381,  2815540,   -72,     1,   119,    48,     1,   -26,     0,   -26,0,0,0,0,0,0,0,0,0,0,0,0,0,0,0,0,0,0,0,0,0,0,0,0,0,0,0,0,0,0,0,0
3382,  2816373,   -72,     2,   118,    48,     0,   -27,     0,   -27,0,0,0,0,0,0,0,0,0,0,0,0,0,0,0,0,0,0,0,0,0,0,0,0,0,0,0,0,0,0,0,0
3383,  2817206,   -71,     1,   119,    50,     1,   -27,     0,   -27,0,0,0,0,0,0,0,0,0,0,0,0,0,0,0,0,0,0,0,0,0,0,0,0,0,0,0,0,0,0,0,0
3384,  2818039,   -71,     2,   121,    52,    -1,   -28,     0,   -29,0,0,0,0,0,0,0,0,0,0,0,0,0,0,0,0,0,0,0,0,0,0,0,0,0,0,0,0,0,0,0,0
3385,  2818872,   -70,     0,   120,    50,     1,   -26,     0,   -26,0,0,0,0,0,0,0,0,0,0,0,0,0,0,0,0,0,0,0,0,0,0,0,0,0,0,0,0,0,0,0,0
3386,  2819705,   -71,     1,   121,    51,     0,   -29,     0,   -30,0,0,0,0,0,0,0,0,0,0,0,0,0,0,0,0,0,0,0,0,0,0,0,0,0,0,0,0,0,0,0,0
3387,  2820538,   -71,     2,   124,    56,     0,   -27,    -1,   -28,0,0,0,0,0,0,0,0,0,0,0,0,0,0,0,0,0,0,0,0,0,0,0,0,0,0,0,0,0,0,0,0
3388,  2821371,   -72,     2,   123,    53,     0,   -26,     0,   -27,0,0,0,0,0,0,0,0,0,0,0,0,0,0,0,0,0,0,0,0,0,0,0,0,0,0,0,0,0,0,0,0
3389,  2822204,   -70,     2,   122,    54,    -1,   -27,     0,   -27,0,0,0,0,0,0,0,0,0,0,0,0,0,0,0,0,0,0,0,0,0,0,0,0,0,0,0,0,0,0,0,0
3390,  2823037,   -70,     2,   123,    55,     0,   -27,     0,   -27,0,0,0,0,0,0,0,0,0,0,0,0,0,0,0,0,0,0,0,0,0,0,0,0,0,0,0,0,0,0,0,0
3391,  2823870,   -70,     1,   125,    56,     1,   -26,     0,   -26,0,0,0,0,0,0,0,0,0,0,0,0,0,0,0,0,0,0,0,0,0,0,0,0,0,0,0,0,0,0,0,0
3392,  2824703,   -71,     0,   126,    55,     1,   -26,     0,   -25,0,0,0,0,0,0,0,0,0,0,0,0,0,0,0,0,0,0,0,0,0,0,0,0,0,0,0,0,0,0,0,0
3393,  2825536,   -68,    -1,   124,    55,     1,   -27,     0,   -26,0,0,0,0,0,0,0,0,0,0,0,0,0,0,0,0,0,0,0,0,0,0,0,0,0,0,0,0,0,0,0,0
3394,  2826369,   -70,     0,   126,    56,     0,   -26,    -1,   -27,0,0,0,0,0,0,0,0,0,0,0,0,0,0,0,0,0,0,0,0,0,0,0,0,0,0,0,0,0,0,0,0
3395,  2827202,   -68,     2,   127,    61,     0,   -26,     1,   -25,0,0,0,0,0,0,0,0,0,0,0,0,0,0,0,0,0,0,0,0,0,0,0,0,0,0,0,0,0,0,0,0
3396,  2828035,   -69,     0,   126,    57,     2,   -26,    -1,   -25,0,0,0,0,0,0,0,0,0,0,0,0,0,0,0,0,0,0,0,0,0,0,0,0,0,0,0,0,0,0,0,0
3397,  2828868,   -70,     2,   126,    58,     0,   -26,     0,   -26,0,0,0,0,0,0,0,0,0,0,0,0,0,0,0,0,0,0,0,0,0,0,0,0,0,0,0,0,0,0,0,0
3398,  2829701,   -69,     2,   127,    60,    -1,   -27,     1,   -27,0,0,0,0,0,0,0,0,0,0,0,0,0,0,0,0,0,0,0,0,0,0,0,0,0,0,0,0,0,0,0,0
3399,  2830534,   -67,     2,   126,    61,     0,   -27,    -1,   -29,0,0,0,0,0,0,0,0,0,0,0,0,0,0,0,0,0,0,0,0,0,0,0,0,0,0,0,0,0,0,0,0
3400,  2831367,   -69,     1,   128,    60,     0,   -27,     0,   -28,0,0,0,0,0,0,0,0,0,0,0,0,0,0,0,0,0,0,0,0,0,0,0,0,0,0,0,0,0,0,0,0
3401,  2832200,   -68,     1,   128,    61,    -1,   -27,     0,   -28,0,0,0,0,0,0,0,0,0,0,0,0,0,0,0,0,0,0,0,0,0,0,0,0,0,0,0,0,0,0,0,0
3402,  2833033,   -68,     2,   126,    60,     0,   -26,     0,   -26,0,0,0,0,0,0,0,0,0,0,0,0,0,0,0,0,0,0,0,0,0,0,0,0,0,0,0,0,0,0,0,0
3403,  2833866,   -67,     1,   128,    62,     2,   -26,     0,   -25,0,0,0,0,0,0,0,0,0,0,0,0,0,0,0,0,0,0,0,0,0,0,0,0,0,0,0,0,0,0,0,0
3404,  2834699,   -65,     1,   129,    65,     0,   -26,    -1,   -26,0,0,0,0,0,0,0,0,0,0,0,0,0,0,0,0,0,0,0,0,0,0,0,0,0,0,0,0,0,0,0,0
3405,  2835532,   -65,     3,   129,    67,    -1,   -28,    -1,   -30,0,0,0,0,0,0,0,0,0,0,0,0,0,0,0,0,0,0,0,0,0,0,0,0,0,0,0,0,0,0,0,0
3406,  2836365,   -64,     2,   129,    67,     1,   -26,    -1,   -27,0,0,0,0,0,0,0,0,0,0,0,0,0,0,0,0,0,0,0,0,0,0,0,0,0,0,0,0,0,0,0,0
3407,  2837198,   -64,     1,   129,    66,     1,   -26,    -1,   -25,0,0,0,0,0,0,0,0,0,0,0,0,0,0,0,0,0,0,0,0,0,0,0,0,0,0,0,0,0,0,0,0
3408,  2838031,   -65,     0,   131,    66,     1,   -25,     0,   -23,0,0,0,0,0,0,0,0,0,0,0,0,0,0,0,0,0,0,0,0,0,0,0,0,0,0,0,0,0,0,0,0
3409,  2838864,   -65,     1,   131,    67,    -2,   -27,    -2,   -30,0,0,0,0,0,0,0,0,0,0,0,0,0,0,0,0,0,0,0,0,0,0,0,0,0,0,0,0,0,0,0,0
3410,  2839697,   -66,     1,   131,    66,    -1,   -25,    -1,   -27,0,0,0,0,0,0,0,0,0,0,0,0,0,0,0,0,0,0,0,0,0,0,0,0,0,0,0,0,0,0,0,0
3411,  2840530,   -65,     1,   130,    66,     0,   -27,     0,   -27,0,0,0,0,0,0,0,0,0,0,0,0,0,0,0,0,0,0,0,0,0,0,0,0,0,0,0,0,0,0,0,0
3412,  2841363,   -63,     2,   132,    71,     2,   -25,     0,   -23,0,0,0,0,0,0,0,0,0,0,0,0,0,0,0,0,0,0,0,0,0,0,0,0,0,0,0,0,0,0,0,0
3413,  2842196,   -63,     1,   131,    69,     0,   -26,    -1,   -27,0,0,0,0,0,0,0,0,0,0,0,0,0,0,0,0,0,0,0,0,0,0,0,0,0,0,0,0,0,0,0,0
3414,  2843029,   -63,     1,   133,    71,     0,   -26,     0,   -26,0,0,0,0,0,0,0,0,0,0,0,0,0,0,0,0,0,0,0,0,0,0,0,0,0,0,0,0,0,0,0,0
3415,  2843862,   -64,     2,   131,    69,     1,   -27,    -1,   -26,0,0,0,0,0,0,0,0,0,0,0,0,0,0,0,0,0,0,0,0,0,0,0,0,0,0,0,0,0,0,0,0
3416,  2844695,   -63,     1,   132,    70,     0,   -26,     0,   -27,0,0,0,0,0,0,0,0,0,0,0,0,0,0,0,0,0,0,0,0,0,0,0,0,0,0,0,0,0,0,0,0
3417,  2845528,   -63,     2,   133,    72,    -1,   -27,     0,   -29,0,0,0,0,0,0,0,0,0,0,0,0,0,0,0,0,0,0,0,0,0,0,0,0,0,0,0,0,0,0,0,0
3418,  2846361,   -62,     0,   133,    71,    -1,   -24,     1,   -24,0,0,0,0,0,0,0,0,0,0,0,0,0,0,0,0,0,0,0,0,0,0,0,0,0,0,0,0,0,0,0,0
3419,  2847194,   -64,     2,   133,    71,     0,   -27,     0,   -27,0,0,0,0,0,0,0,0,0,0,0,0,0,0,0,0,0,0,0,0,0,0,0,0,0,0,0,0,0,0,0,0
3420,  2848027,   -61,     1,   134,    74,     0,   -27,     1,   -26,0,0,0,0,0,0,0,0,0,0,0,0,0,0,0,0,0,0,0,0,0,0,0,0,0,0,0,0,0,0,0,0
3421,  2848860,   -61,     2,   135,    76,     0,   -25,     0,   -26,0,0,0,0,0,0,0,0,0,0,0,0,0,0,0,0,0,0,0,0,0,0,0,0,0,0,0,0,0,0,0,0
3422,  2849693,   -61,     0,   133,    72,    -1,   -27,     1,   -26,0,0,0,0,0,0,0,0,0,0,0,0,0,0,0,0,0,0,0,0,0,0,0,0,0,0,0,0,0,0,0,0
3423,  2850526,   -62,     1,   134,    73,     1,   -27,     0,   -27,0,0,0,0,0,0,0,0,0,0,0,0,0,0,0,0,0,0,0,0,0,0,0,0,0,0,0,0,0,0,0,0
3424,  2851359,   -60,     2,   133,    75,    -1,   -27,     0,   -28,0,0,0,0,0,0,0,0,0,0,0,0,0,0,0,0,0,0,0,0,0,0,0,0,0,0,0,0,0,0,0,0
3425,  2852192,   -61,     1,   135,    75,     1,   -26,    -1,   -26,0,0,0,0,0,0,0,0,0,0,0,0,0,0,0,0,0,0,0,0,0,0,0,0,0,0,0,0,0,0,0,0
3426,  2853025,   -60,     0,   134,    74,     1,   -26,    -1,   -25,0,0,0,0,0,0,0,0,0,0,0,0,0,0,0,0,0,0,0,0,0,0,0,0,0,0,0,0,0,0,0,0
3427,  2853858,   -61,     2,   134,    75,     0,   -27,    -1,   -28,0,0,0,0,0,0,0,0,0,0,0,0,0,0,0,0,0,0,0,0,0,0,0,0,0,0,0,0,0,0,0,0
3428,  2854691,   -61,     0,   134,    73,     2,   -27,     0,   -24,0,0,0,0,0,0,0,0,0,0,0,0,0,0,0,0,0,0,0,0,0,0,0,0,0,0,0,0,0,0,0,0
3429,  2855524,   -60,     2,   133,    75,    -2,   -26,     0,   -28,0,0,0,0,0,0,0,0,0,0,0,0,0,0,0,0,0,0,0,0,0,0,0,0,0,0,0,0,0,0,0,0
3430,  2856357,   -59,     1,   134,    76,    -1,   -27,     0,   -27,0,0,0,0,0,0,0,0,0,0,0,0,0,0,0,0,0,0,0,0,0,0,0,0,0,0,0,0,0,0,0,0
3431,  2857190,   -57,     3,   135,    81,    -2,   -28,     0,   -30,0,0,0,0,0,0,0,0,0,0,0,0,0,0,0,0,0,0,0,0,0,0,0,0,0,0,0,0,0,0,0,0
3432,  2858023,   -60,    -1,   136,    76,     1,   -27,     0,   -26,0,0,0,0,0,0,0,0,0,0,0,0,0,0,0,0,0,0,0,0,0,0,0,0,0,0,0,0,0,0,0,0
3433,  2858856,   -58,     1,   135,    78,     0,   -26,    -1,   -27,0,0,0,0,0,0,0,0,0,0,0,0,0,0,0,0,0,0,0,0,0,0,0,0,0,0,0,0,0,0,0,0
3434,  2859689,   -58,     0,   134,    76,     1,   -26,     1,   -24,0,0,0,0,0,0,0,0,0,0,0,0,0,0,0,0,0,0,0,0,0,0,0,0,0,0,0,0,0,0,0,0
3435,  2860522,   -57,     2,   134,    79,     1,   -26,    -1,   -25,0,0,0,0,0,0,0,0,0,0,0,0,0,0,0,0,0,0,0,0,0,0,0,0,0,0,0,0,0,0,0,0
3436,  2861355,   -57,     2,   134,    79,     1,   -26,     1,   -25,0,0,0,0,0,0,0,0,0,0,0,0,0,0,0,0,0,0,0,0,0,0,0,0,0,0,0,0,0,0,0,0
3437,  2862188,   -57,     1,   135,    79,    -1,   -26,    -1,   -28,0,0,0,0,0,0,0,0,0,0,0,0,0,0,0,0,0,0,0,0,0,0,0,0,0,0,0,0,0,0,0,0
3438,  2863021,   -56,     1,   136,    81,     2,   -26,    -1,   -26,0,0,0,0,0,0,0,0,0,0,0,0,0,0,0,0,0,0,0,0,0,0,0,0,0,0,0,0,0,0,0,0
3439,  2863854,   -59,     0,   136,    77,     1,   -26,    -1,   -26,0,0,0,0,0,0,0,0,0,0,0,0,0,0,0,0,0,0,0,0,0,0,0,0,0,0,0,0,0,0,0,0
3440,  2864687,   -57,    -1,   135,    77,    -2,   -26,     0,   -28,0,0,0,0,0,0,0,0,0,0,0,0,0,0,0,0,0,0,0,0,0,0,0,0,0,0,0,0,0,0,0,0
3441,  2865520,   -56,     2,   135,    81,    -2,   -28,    -1,   -30,0,0,0,0,0,0,0,0,0,0,0,0,0,0,0,0,0,0,0,0,0,0,0,0,0,0,0,0,0,0,0,0
3442,  2866353,   -57,     2,   137,    82,     1,   -26,    -2,   -28,0,0,0,0,0,0,0,0,0,0,0,0,0,0,0,0,0,0,0,0,0,0,0,0,0,0,0,0,0,0,0,0
3443,  2867186,   -55,     1,   133,    79,     0,   -26,     1,   -26,0,0,0,0,0,0,0,0,0,0,0,0,0,0,0,0,0,0,0,0,0,0,0,0,0,0,0,0,0,0,0,0
3444,  2868019,   -55,     0,   135,    80,     1,   -25,    -2,   -26,0,0,0,0,0,0,0,0,0,0,0,0,0,0,0,0,0,0,0,0,0,0,0,0,0,0,0,0,0,0,0,0
3445,  2868852,   -55,     2,   135,    82,     1,   -27,     0,   -26,0,0,0,0,0,0,0,0,0,0,0,0,0,0,0,0,0,0,0,0,0,0,0,0,0,0,0,0,0,0,0,0
3446,  2869685,   -53,     0,   135,    82,    -1,   -25,    -1,   -27,0,0,0,0,0,0,0,0,0,0,0,0,0,0,0,0,0,0,0,0,0,0,0,0,0,0,0,0,0,0,0,0
3447,  2870518,   -57,     1,   136,    80,     1,   -25,     1,   -23,0,0,0,0,0,0,0,0,0,0,0,0,0,0,0,0,0,0,0,0,0,0,0,0,0,0,0,0,0,0,0,0
3448,  2871351,   -54,     2,   135,    83,    -1,   -26,    -1,   -28,0,0,0,0,0,0,0,0,0,0,0,0,0,0,0,0,0,0,0,0,0,0,0,0,0,0,0,0,0,0,0,0
3449,  2872184,   -54,     1,   135,    82,     0,   -27,    -1,   -27,0,0,0,0,0,0,0,0,0,0,0,0,0,0,0,0,0,0,0,0,0,0,0,0,0,0,0,0,0,0,0,0
3450,  2873017,   -55,     0,   136,    81,     2,   -27,     0,   -24,0,0,0,0,0,0,0,0,0,0,0,0,0,0,0,0,0,0,0,0,0,0,0,0,0,0,0,0,0,0,0,0
3451,  2873850,   -55,     0,   136,    81,     0,   -26,     0,   -27,0,0,0,0,0,0,0,0,0,0,0,0,0,0,0,0,0,0,0,0,0,0,0,0,0,0,0,0,0,0,0,0
3452,  2874683,   -54,     2,   135,    83,    -1,   -25,    -1,   -27,0,0,0,0,0,0,0,0,0,0,0,0,0,0,0,0,0,0,0,0,0,0,0,0,0,0,0,0,0,0,0,0
3453,  2875516,   -52,     1,   135,    84,     1,   -26,     1,   -25,0,0,0,0,0,0,0,0,0,0,0,0,0,0,0,0,0,0,0,0,0,0,0,0,0,0,0,0,0,0,0,0
3454,  2876349,   -52,     2,   134,    84,     1,   -26,     0,   -26,0,0,0,0,0,0,0,0,0,0,0,0,0,0,0,0,0,0,0,0,0,0,0,0,0,0,0,0,0,0,0,0
3455,  2877182,   -52,     1,   135,    84,    -1,   -27,     0,   -27,0,0,0,0,0,0,0,0,0,0,0,0,0,0,0,0,0,0,0,0,0,0,0,0,0,0,0,0,0,0,0,0
3456,  2878015,   -53,     2,   135,    84,     0,   -25,     0,   -26,0,0,0,0,0,0,0,0,0,0,0,0,0,0,0,0,0,0,0,0,0,0,0,0,0,0,0,0,0,0,0,0
3457,  2878848,   -52,     2,   135,    85,     1,   -26,     1,   -23,0,0,0,0,0,0,0,0,0,0,0,0,0,0,0,0,0,0,0,0,0,0,0,0,0,0,0,0,0,0,0,0
3458,  2879681,   -51,     1,   135,    85,     0,   -25,    -1,   -26,0,0,0,0,0,0,0,0,0,0,0,0,0,0,0,0,0,0,0,0,0,0,0,0,0,0,0,0,0,0,0,0
3459,  2880514,   -50,     2,   135,    87,     0,   -26,     0,   -27,0,0,0,0,0,0,0,0,0,0,0,0,0,0,0,0,0,0,0,0,0,0,0,0,0,0,0,0,0,0,0,0
3460,  2881347,   -51,     2,   135,    86,    -1,   -27,     1,   -27,0,0,0,0,0,0,0,0,0,0,0,0,0,0,0,0,0,0,0,0,0,0,0,0,0,0,0,0,0,0,0,0
3461,  2882180,   -50,     1,   133,    84,     1,   -25,    -1,   -25,0,0,0,0,0,0,0,0,0,0,0,0,0,0,0,0,0,0,0,0,0,0,0,0,0,0,0,0,0,0,0,0
3462,  2883013,   -51,     1,   135,    85,     0,   -26,     0,   -26,0,0,0,0,0,0,0,0,0,0,0,0,0,0,0,0,0,0,0,0,0,0,0,0,0,0,0,0,0,0,0,0
3463,  2883846,   -51,     1,   134,    84,     0,   -26,     0,   -26,0,0,0,0,0,0,0,0,0,0,0,0,0,0,0,0,0,0,0,0,0,0,0,0,0,0,0,0,0,0,0,0
3464,  2884679,   -50,     0,   134,    84,     1,   -27,     1,   -24,0,0,0,0,0,0,0,0,0,0,0,0,0,0,0,0,0,0,0,0,0,0,0,0,0,0,0,0,0,0,0,0
3465,  2885512,   -49,     0,   136,    87,     0,   -25,     0,   -25,0,0,0,0,0,0,0,0,0,0,0,0,0,0,0,0,0,0,0,0,0,0,0,0,0,0,0,0,0,0,0,0
3466,  2886345,   -49,     1,   134,    86,     1,   -26,     0,   -25,0,0,0,0,0,0,0,0,0,0,0,0,0,0,0,0,0,0,0,0,0,0,0,0,0,0,0,0,0,0,0,0
3467,  2887178,   -49,     1,   135,    87,     1,   -26,     1,   -24,0,0,0,0,0,0,0,0,0,0,0,0,0,0,0,0,0,0,0,0,0,0,0,0,0,0,0,0,0,0,0,0
3468,  2888011,   -49,     1,   134,    86,     0,   -25,     0,   -26,0,0,0,0,0,0,0,0,0,0,0,0,0,0,0,0,0,0,0,0,0,0,0,0,0,0,0,0,0,0,0,0
3469,  2888844,   -48,     1,   135,    88,     0,   -26,     0,   -26,0,0,0,0,0,0,0,0,0,0,0,0,0,0,0,0,0,0,0,0,0,0,0,0,0,0,0,0,0,0,0,0
3470,  2889677,   -47,     0,   134,    87,     0,   -26,    -1,   -27,0,0,0,0,0,0,0,0,0,0,0,0,0,0,0,0,0,0,0,0,0,0,0,0,0,0,0,0,0,0,0,0
3471,  2890510,   -48,     1,   135,    88,     0,   -26,     1,   -26,0,0,0,0,0,0,0,0,0,0,0,0,0,0,0,0,0,0,0,0,0,0,0,0,0,0,0,0,0,0,0,0
3472,  2891343,   -48,     0,   135,    87,     0,   -27,     1,   -26,0,0,0,0,0,0,0,0,0,0,0,0,0,0,0,0,0,0,0,0,0,0,0,0,0,0,0,0,0,0,0,0
3473,  2892176,   -47,     0,   132,    85,     1,   -25,     0,   -24,0,0,0,0,0,0,0,0,0,0,0,0,0,0,0,0,0,0,0,0,0,0,0,0,0,0,0,0,0,0,0,0
3474,  2893009,   -46,     1,   133,    88,     0,   -25,     0,   -25,0,0,0,0,0,0,0,0,0,0,0,0,0,0,0,0,0,0,0,0,0,0,0,0,0,0,0,0,0,0,0,0
3475,  2893842,   -47,     0,   133,    86,     0,   -26,     0,   -26,0,0,0,0,0,0,0,0,0,0,0,0,0,0,0,0,0,0,0,0,0,0,0,0,0,0,0,0,0,0,0,0
3476,  2894675,   -46,     0,   135,    89,     2,   -25,    -1,   -24,0,0,0,0,0,0,0,0,0,0,0,0,0,0,0,0,0,0,0,0,0,0,0,0,0,0,0,0,0,0,0,0
3477,  2895508,   -46,     1,   134,    89,    -1,   -26,     1,   -26,0,0,0,0,0,0,0,0,0,0,0,0,0,0,0,0,0,0,0,0,0,0,0,0,0,0,0,0,0,0,0,0
3478,  2896341,   -45,     2,   133,    90,     1,   -24,    -1,   -24,0,0,0,0,0,0,0,0,0,0,0,0,0,0,0,0,0,0,0,0,0,0,0,0,0,0,0,0,0,0,0,0
3479,  2897174,   -46,     2,   133,    89,     0,   -26,     1,   -26,0,0,0,0,0,0,0,0,0,0,0,0,0,0,0,0,0,0,0,0,0,0,0,0,0,0,0,0,0,0,0,0
3480,  2898007,   -46,     1,   132,    87,     2,   -26,     0,   -24,0,0,0,0,0,0,0,0,0,0,0,0,0,0,0,0,0,0,0,0,0,0,0,0,0,0,0,0,0,0,0,0
3481,  2898840,   -45,     0,   132,    87,     1,   -25,     1,   -23,0,0,0,0,0,0,0,0,0,0,0,0,0,0,0,0,0,0,0,0,0,0,0,0,0,0,0,0,0,0,0,0
3482,  2899673,   -44,     4,   133,    93,    -1,   -26,    -1,   -28,0,0,0,0,0,0,0,0,0,0,0,0,0,0,0,0,0,0,0,0,0,0,0,0,0,0,0,0,0,0,0,0
3483,  2900506,   -44,     0,   130,    87,     0,   -25,    -1,   -26,0,0,0,0,0,0,0,0,0,0,0,0,0,0,0,0,0,0,0,0,0,0,0,0,0,0,0,0,0,0,0,0
3484,  2901339,   -45,     1,   132,    88,     1,   -25,     0,   -24,0,0,0,0,0,0,0,0,0,0,0,0,0,0,0,0,0,0,0,0,0,0,0,0,0,0,0,0,0,0,0,0
3485,  2902172,   -44,     1,   131,    88,     0,   -26,     1,   -25,0,0,0,0,0,0,0,0,0,0,0,0,0,0,0,0,0,0,0,0,0,0,0,0,0,0,0,0,0,0,0,0
3486,  2903005,   -45,     0,   132,    87,     1,   -25,     2,   -22,0,0,0,0,0,0,0,0,0,0,0,0,0,0,0,0,0,0,0,0,0,0,0,0,0,0,0,0,0,0,0,0
3487,  2903838,   -43,     2,   133,    92,    -1,   -26,     0,   -26,0,0,0,0,0,0,0,0,0,0,0,0,0,0,0,0,0,0,0,0,0,0,0,0,0,0,0,0,0,0,0,0
3488,  2904671,   -44,     0,   131,    87,     0,   -26,    -1,   -27,0,0,0,0,0,0,0,0,0,0,0,0,0,0,0,0,0,0,0,0,0,0,0,0,0,0,0,0,0,0,0,0
3489,  2905504,   -42,     0,   133,    91,     0,   -24,    -1,   -25,0,0,0,0,0,0,0,0,0,0,0,0,0,0,0,0,0,0,0,0,0,0,0,0,0,0,0,0,0,0,0,0
3490,  2906337,   -43,     0,   132,    89,     0,   -25,     0,   -25,0,0,0,0,0,0,0,0,0,0,0,0,0,0,0,0,0,0,0,0,0,0,0,0,0,0,0,0,0,0,0,0
3491,  2907170,   -42,     0,   131,    89,     0,   -25,     0,   -25,0,0,0,0,0,0,0,0,0,0,0,0,0,0,0,0,0,0,0,0,0,0,0,0,0,0,0,0,0,0,0,0
3492,  2908003,   -43,     0,   130,    87,     1,   -25,     1,   -23,0,0,0,0,0,0,0,0,0,0,0,0,0,0,0,0,0,0,0,0,0,0,0,0,0,0,0,0,0,0,0,0
3493,  2908836,   -41,     4,   132,    95,     1,   -26,     2,   -23,0,0,0,0,0,0,0,0,0,0,0,0,0,0,0,0,0,0,0,0,0,0,0,0,0,0,0,0,0,0,0,0
3494,  2909669,   -42,     0,   129,    87,    -1,   -25,     0,   -26,0,0,0,0,0,0,0,0,0,0,0,0,0,0,0,0,0,0,0,0,0,0,0,0,0,0,0,0,0,0,0,0
3495,  2910502,   -41,     0,   130,    89,     2,   -24,    -1,   -24,0,0,0,0,0,0,0,0,0,0,0,0,0,0,0,0,0,0,0,0,0,0,0,0,0,0,0,0,0,0,0,0
3496,  2911335,   -40,     1,   130,    91,     0,   -24,     0,   -25,0,0,0,0,0,0,0,0,0,0,0,0,0,0,0,0,0,0,0,0,0,0,0,0,0,0,0,0,0,0,0,0
3497,  2912168,   -41,     2,   130,    91,     0,   -26,    -1,   -27,0,0,0,0,0,0,0,0,0,0,0,0,0,0,0,0,0,0,0,0,0,0,0,0,0,0,0,0,0,0,0,0
3498,  2913001,   -40,     2,   130,    92,     0,   -26,     0,   -26,0,0,0,0,0,0,0,0,0,0,0,0,0,0,0,0,0,0,0,0,0,0,0,0,0,0,0,0,0,0,0,0
3499,  2913834,   -39,     1,   130,    92,     0,   -27,    -1,   -28,0,0,0,0,0,0,0,0,0,0,0,0,0,0,0,0,0,0,0,0,0,0,0,0,0,0,0,0,0,0,0,0
3500,  2914667,   -39,     1,   131,    94,     0,   -25,     1,   -24,0,0,0,0,0,0,0,0,0,0,0,0,0,0,0,0,0,0,0,0,0,0,0,0,0,0,0,0,0,0,0,0
3501,  2915500,   -39,     1,   129,    91,     0,   -25,     1,   -23,0,0,0,0,0,0,0,0,0,0,0,0,0,0,0,0,0,0,0,0,0,0,0,0,0,0,0,0,0,0,0,0
3502,  2916333,   -39,     1,   130,    92,     0,   -26,     0,   -27,0,0,0,0,0,0,0,0,0,0,0,0,0,0,0,0,0,0,0,0,0,0,0,0,0,0,0,0,0,0,0,0
3503,  2917166,   -38,     1,   129,    92,    -1,   -26,    -1,   -28,0,0,0,0,0,0,0,0,0,0,0,0,0,0,0,0,0,0,0,0,0,0,0,0,0,0,0,0,0,0,0,0
3504,  2917999,   -38,     2,   127,    91,     0,   -26,    -1,   -27,0,0,0,0,0,0,0,0,0,0,0,0,0,0,0,0,0,0,0,0,0,0,0,0,0,0,0,0,0,0,0,0
3505,  2918832,   -38,     1,   129,    92,     0,   -27,     0,   -27,0,0,0,0,0,0,0,0,0,0,0,0,0,0,0,0,0,0,0,0,0,0,0,0,0,0,0,0,0,0,0,0
3506,  2919665,   -36,     0,   127,    91,     0,   -26,     0,   -26,0,0,0,0,0,0,0,0,0,0,0,0,0,0,0,0,0,0,0,0,0,0,0,0,0,0,0,0,0,0,0,0
3507,  2920498,   -38,     1,   128,    91,     1,   -26,     0,   -25,0,0,0,0,0,0,0,0,0,0,0,0,0,0,0,0,0,0,0,0,0,0,0,0,0,0,0,0,0,0,0,0
3508,  2921331,   -37,     1,   127,    91,     2,   -25,     0,   -23,0,0,0,0,0,0,0,0,0,0,0,0,0,0,0,0,0,0,0,0,0,0,0,0,0,0,0,0,0,0,0,0
3509,  2922164,   -36,     2,   128,    94,     2,   -26,     0,   -24,0,0,0,0,0,0,0,0,0,0,0,0,0,0,0,0,0,0,0,0,0,0,0,0,0,0,0,0,0,0,0,0
3510,  2922997,   -36,     1,   127,    92,     0,   -25,     0,   -24,0,0,0,0,0,0,0,0,0,0,0,0,0,0,0,0,0,0,0,0,0,0,0,0,0,0,0,0,0,0,0,0
3511,  2923830,   -36,     1,   127,    92,     0,   -26,     0,   -26,0,0,0,0,0,0,0,0,0,0,0,0,0,0,0,0,0,0,0,0,0,0,0,0,0,0,0,0,0,0,0,0
3512,  2924663,   -34,     2,   127,    95,    -2,   -26,     0,   -27,0,0,0,0,0,0,0,0,0,0,0,0,0,0,0,0,0,0,0,0,0,0,0,0,0,0,0,0,0,0,0,0
3513,  2925496,   -36,     0,   127,    91,     0,   -25,     1,   -25,0,0,0,0,0,0,0,0,0,0,0,0,0,0,0,0,0,0,0,0,0,0,0,0,0,0,0,0,0,0,0,0
3514,  2926329,   -33,     0,   126,    93,    -1,   -26,    -1,   -28,0,0,0,0,0,0,0,0,0,0,0,0,0,0,0,0,0,0,0,0,0,0,0,0,0,0,0,0,0,0,0,0
3515,  2927162,   -34,     2,   127,    95,     1,   -24,    -1,   -24,0,0,0,0,0,0,0,0,0,0,0,0,0,0,0,0,0,0,0,0,0,0,0,0,0,0,0,0,0,0,0,0
3516,  2927995,   -34,     1,   127,    94,     1,   -25,     1,   -24,0,0,0,0,0,0,0,0,0,0,0,0,0,0,0,0,0,0,0,0,0,0,0,0,0,0,0,0,0,0,0,0
3517,  2928828,   -35,     0,   127,    92,    -1,   -26,    -1,   -28,0,0,0,0,0,0,0,0,0,0,0,0,0,0,0,0,0,0,0,0,0,0,0,0,0,0,0,0,0,0,0,0
3518,  2929661,   -33,     2,   125,    94,     1,   -24,     0,   -23,0,0,0,0,0,0,0,0,0,0,0,0,0,0,0,0,0,0,0,0,0,0,0,0,0,0,0,0,0,0,0,0
3519,  2930494,   -34,    -1,   128,    93,     1,   -25,     0,   -24,0,0,0,0,0,0,0,0,0,0,0,0,0,0,0,0,0,0,0,0,0,0,0,0,0,0,0,0,0,0,0,0
3520,  2931327,   -33,     3,   125,    95,     1,   -25,     0,   -23,0,0,0,0,0,0,0,0,0,0,0,0,0,0,0,0,0,0,0,0,0,0,0,0,0,0,0,0,0,0,0,0
3521,  2932160,   -32,     2,   126,    96,     1,   -26,    -1,   -26,0,0,0,0,0,0,0,0,0,0,0,0,0,0,0,0,0,0,0,0,0,0,0,0,0,0,0,0,0,0,0,0
3522,  2932993,   -33,     1,   126,    94,     2,   -24,    -1,   -23,0,0,0,0,0,0,0,0,0,0,0,0,0,0,0,0,0,0,0,0,0,0,0,0,0,0,0,0,0,0,0,0
3523,  2933826,   -32,     0,   125,    93,     0,   -25,    -2,   -27,0,0,0,0,0,0,0,0,0,0,0,0,0,0,0,0,0,0,0,0,0,0,0,0,0,0,0,0,0,0,0,0
3524,  2934659,   -31,     2,   124,    95,     1,   -26,     0,   -25,0,0,0,0,0,0,0,0,0,0,0,0,0,0,0,0,0,0,0,0,0,0,0,0,0,0,0,0,0,0,0,0
3525,  2935492,   -32,     2,   124,    94,     1,   -25,     0,   -23,0,0,0,0,0,0,0,0,0,0,0,0,0,0,0,0,0,0,0,0,0,0,0,0,0,0,0,0,0,0,0,0
3526,  2936325,   -30,     2,   125,    97,     1,   -25,    -1,   -25,0,0,0,0,0,0,0,0,0,0,0,0,0,0,0,0,0,0,0,0,0,0,0,0,0,0,0,0,0,0,0,0
3527,  2937158,   -31,     1,   125,    95,     1,   -26,     1,   -25,0,0,0,0,0,0,0,0,0,0,0,0,0,0,0,0,0,0,0,0,0,0,0,0,0,0,0,0,0,0,0,0
3528,  2937991,   -30,     1,   124,    95,    -1,   -24,     0,   -25,0,0,0,0,0,0,0,0,0,0,0,0,0,0,0,0,0,0,0,0,0,0,0,0,0,0,0,0,0,0,0,0
3529,  2938824,   -30,     2,   124,    96,    -1,   -26,     0,   -27,0,0,0,0,0,0,0,0,0,0,0,0,0,0,0,0,0,0,0,0,0,0,0,0,0,0,0,0,0,0,0,0
3530,  2939657,   -30,     1,   123,    94,    -1,   -26,     2,   -25,0,0,0,0,0,0,0,0,0,0,0,0,0,0,0,0,0,0,0,0,0,0,0,0,0,0,0,0,0,0,0,0
3531,  2940490,   -31,     1,   124,    94,     0,   -25,    -1,   -26,0,0,0,0,0,0,0,0,0,0,0,0,0,0,0,0,0,0,0,0,0,0,0,0,0,0,0,0,0,0,0,0
3532,  2941323,   -28,     0,   121,    93,     1,   -24,     0,   -23,0,0,0,0,0,0,0,0,0,0,0,0,0,0,0,0,0,0,0,0,0,0,0,0,0,0,0,0,0,0,0,0
3533,  2942156,   -29,     1,   123,    95,     1,   -24,    -2,   -25,0,0,0,0,0,0,0,0,0,0,0,0,0,0,0,0,0,0,0,0,0,0,0,0,0,0,0,0,0,0,0,0
3534,  2942989,   -30,     0,   124,    94,     1,   -25,     0,   -24,0,0,0,0,0,0,0,0,0,0,0,0,0,0,0,0,0,0,0,0,0,0,0,0,0,0,0,0,0,0,0,0
3535,  2943822,   -29,     1,   122,    94,     1,   -23,     0,   -22,0,0,0,0,0,0,0,0,0,0,0,0,0,0,0,0,0,0,0,0,0,0,0,0,0,0,0,0,0,0,0,0
3536,  2944655,   -27,     1,   122,    96,     1,   -26,     1,   -24,0,0,0,0,0,0,0,0,0,0,0,0,0,0,0,0,0,0,0,0,0,0,0,0,0,0,0,0,0,0,0,0
3537,  2945488,   -28,     1,   123,    96,    -1,   -25,     0,   -26,0,0,0,0,0,0,0,0,0,0,0,0,0,0,0,0,0,0,0,0,0,0,0,0,0,0,0,0,0,0,0,0
3538,  2946321,   -28,     2,   124,    98,    -2,   -26,     0,   -27,0,0,0,0,0,0,0,0,0,0,0,0,0,0,0,0,0,0,0,0,0,0,0,0,0,0,0,0,0,0,0,0
3539,  2947154,   -26,     1,   122,    97,     0,   -25,    -1,   -26,0,0,0,0,0,0,0,0,0,0,0,0,0,0,0,0,0,0,0,0,0,0,0,0,0,0,0,0,0,0,0,0
3540,  2947987,   -25,     2,   123,   100,     0,   -25,    -1,   -25,0,0,0,0,0,0,0,0,0,0,0,0,0,0,0,0,0,0,0,0,0,0,0,0,0,0,0,0,0,0,0,0
3541,  2948820,   -25,     1,   123,    99,     1,   -25,     1,   -23,0,0,0,0,0,0,0,0,0,0,0,0,0,0,0,0,0,0,0,0,0,0,0,0,0,0,0,0,0,0,0,0
3542,  2949653,   -25,     2,   122,    99,     0,   -26,     0,   -26,0,0,0,0,0,0,0,0,0,0,0,0,0,0,0,0,0,0,0,0,0,0,0,0,0,0,0,0,0,0,0,0
3543,  2950486,   -26,     1,   122,    98,    -1,   -26,     0,   -27,0,0,0,0,0,0,0,0,0,0,0,0,0,0,0,0,0,0,0,0,0,0,0,0,0,0,0,0,0,0,0,0
3544,  2951319,   -25,     1,   120,    96,     0,   -25,     0,   -24,0,0,0,0,0,0,0,0,0,0,0,0,0,0,0,0,0,0,0,0,0,0,0,0,0,0,0,0,0,0,0,0
3545,  2952152,   -26,     0,   120,    94,    -2,   -25,    -1,   -27,0,0,0,0,0,0,0,0,0,0,0,0,0,0,0,0,0,0,0,0,0,0,0,0,0,0,0,0,0,0,0,0
3546,  2952985,   -25,     1,   119,    95,     1,   -24,    -1,   -23,0,0,0,0,0,0,0,0,0,0,0,0,0,0,0,0,0,0,0,0,0,0,0,0,0,0,0,0,0,0,0,0
3547,  2953818,   -24,     1,   121,    98,    -1,   -24,     0,   -25,0,0,0,0,0,0,0,0,0,0,0,0,0,0,0,0,0,0,0,0,0,0,0,0,0,0,0,0,0,0,0,0
3548,  2954651,   -26,     1,   121,    96,     0,   -25,    -1,   -27,0,0,0,0,0,0,0,0,0,0,0,0,0,0,0,0,0,0,0,0,0,0,0,0,0,0,0,0,0,0,0,0
3549,  2955484,   -23,     1,   120,    98,     1,   -25,     0,   -23,0,0,0,0,0,0,0,0,0,0,0,0,0,0,0,0,0,0,0,0,0,0,0,0,0,0,0,0,0,0,0,0
3550,  2956317,   -22,     2,   119,    99,    -1,   -26,     0,   -27,0,0,0,0,0,0,0,0,0,0,0,0,0,0,0,0,0,0,0,0,0,0,0,0,0,0,0,0,0,0,0,0
3551,  2957150,   -22,     2,   117,    97,     0,   -26,    -1,   -27,0,0,0,0,0,0,0,0,0,0,0,0,0,0,0,0,0,0,0,0,0,0,0,0,0,0,0,0,0,0,0,0
3552,  2957983,   -22,     1,   119,    98,     0,   -24,    -1,   -25,0,0,0,0,0,0,0,0,0,0,0,0,0,0,0,0,0,0,0,0,0,0,0,0,0,0,0,0,0,0,0,0
3553,  2958816,   -22,     1,   119,    98,     1,   -26,     1,   -24,0,0,0,0,0,0,0,0,0,0,0,0,0,0,0,0,0,0,0,0,0,0,0,0,0,0,0,0,0,0,0,0
3554,  2959649,   -23,     2,   118,    97,    -1,   -26,    -1,   -28,0,0,0,0,0,0,0,0,0,0,0,0,0,0,0,0,0,0,0,0,0,0,0,0,0,0,0,0,0,0,0,0
3555,  2960482,   -21,     2,   116,    97,    -1,   -26,    -1,   -28,0,0,0,0,0,0,0,0,0,0,0,0,0,0,0,0,0,0,0,0,0,0,0,0,0,0,0,0,0,0,0,0
3556,  2961315,   -22,     2,   117,    97,     0,   -26,     1,   -25,0,0,0,0,0,0,0,0,0,0,0,0,0,0,0,0,0,0,0,0,0,0,0,0,0,0,0,0,0,0,0,0
3557,  2962148,   -21,     1,   117,    97,     0,   -25,    -1,   -26,0,0,0,0,0,0,0,0,0,0,0,0,0,0,0,0,0,0,0,0,0,0,0,0,0,0,0,0,0,0,0,0
3558,  2962981,   -21,     1,   118,    98,     0,   -24,    -1,   -25,0,0,0,0,0,0,0,0,0,0,0,0,0,0,0,0,0,0,0,0,0,0,0,0,0,0,0,0,0,0,0,0
3559,  2963814,   -21,     0,   118,    97,    -2,   -25,    -2,   -28,0,0,0,0,0,0,0,0,0,0,0,0,0,0,0,0,0,0,0,0,0,0,0,0,0,0,0,0,0,0,0,0
3560,  2964647,   -19,     1,   117,   100,     1,   -24,     1,   -22,0,0,0,0,0,0,0,0,0,0,0,0,0,0,0,0,0,0,0,0,0,0,0,0,0,0,0,0,0,0,0,0
3561,  2965480,   -19,     0,   116,    97,     0,   -25,     0,   -26,0,0,0,0,0,0,0,0,0,0,0,0,0,0,0,0,0,0,0,0,0,0,0,0,0,0,0,0,0,0,0,0
3562,  2966313,   -21,     1,   118,    98,     0,   -25,     0,   -24,0,0,0,0,0,0,0,0,0,0,0,0,0,0,0,0,0,0,0,0,0,0,0,0,0,0,0,0,0,0,0,0
3563,  2967146,   -19,     0,   116,    97,    -2,   -25,     1,   -25,0,0,0,0,0,0,0,0,0,0,0,0,0,0,0,0,0,0,0,0,0,0,0,0,0,0,0,0,0,0,0,0
3564,  2967979,   -19,     0,   117,    98,    -1,   -26,    -1,   -28,0,0,0,0,0,0,0,0,0,0,0,0,0,0,0,0,0,0,0,0,0,0,0,0,0,0,0,0,0,0,0,0
3565,  2968812,   -17,     0,   114,    97,     0,   -25,     0,   -25,0,0,0,0,0,0,0,0,0,0,0,0,0,0,0,0,0,0,0,0,0,0,0,0,0,0,0,0,0,0,0,0
3566,  2969645,   -19,     0,   114,    95,    -1,   -26,    -1,   -27,0,0,0,0,0,0,0,0,0,0,0,0,0,0,0,0,0,0,0,0,0,0,0,0,0,0,0,0,0,0,0,0
3567,  2970478,   -17,     1,   117,   102,    -1,   -24,     0,   -25,0,0,0,0,0,0,0,0,0,0,0,0,0,0,0,0,0,0,0,0,0,0,0,0,0,0,0,0,0,0,0,0
3568,  2971311,   -17,     0,   116,   100,     1,   -25,     0,   -24,0,0,0,0,0,0,0,0,0,0,0,0,0,0,0,0,0,0,0,0,0,0,0,0,0,0,0,0,0,0,0,0
3569,  2972144,   -16,     1,   115,   100,     0,   -25,     0,   -26,0,0,0,0,0,0,0,0,0,0,0,0,0,0,0,0,0,0,0,0,0,0,0,0,0,0,0,0,0,0,0,0
3570,  2972977,   -16,    -1,   116,   100,    -1,   -25,     1,   -25,0,0,0,0,0,0,0,0,0,0,0,0,0,0,0,0,0,0,0,0,0,0,0,0,0,0,0,0,0,0,0,0
3571,  2973810,   -16,    -1,   115,    98,     0,   -25,     2,   -23,0,0,0,0,0,0,0,0,0,0,0,0,0,0,0,0,0,0,0,0,0,0,0,0,0,0,0,0,0,0,0,0
3572,  2974643,   -16,     1,   114,    99,     1,   -25,     0,   -24,0,0,0,0,0,0,0,0,0,0,0,0,0,0,0,0,0,0,0,0,0,0,0,0,0,0,0,0,0,0,0,0
3573,  2975476,   -15,    -1,   114,    98,     0,   -26,     0,   -26,0,0,0,0,0,0,0,0,0,0,0,0,0,0,0,0,0,0,0,0,0,0,0,0,0,0,0,0,0,0,0,0
3574,  2976309,   -13,     2,   113,   102,     2,   -24,     1,   -22,0,0,0,0,0,0,0,0,0,0,0,0,0,0,0,0,0,0,0,0,0,0,0,0,0,0,0,0,0,0,0,0
3575,  2977142,   -14,     0,   113,    99,     0,   -25,     0,   -25,0,0,0,0,0,0,0,0,0,0,0,0,0,0,0,0,0,0,0,0,0,0,0,0,0,0,0,0,0,0,0,0
3576,  2977975,   -15,     2,   113,   100,     0,   -24,    -2,   -26,0,0,0,0,0,0,0,0,0,0,0,0,0,0,0,0,0,0,0,0,0,0,0,0,0,0,0,0,0,0,0,0
3577,  2978808,   -15,     1,   114,   100,     0,   -25,     0,   -25,0,0,0,0,0,0,0,0,0,0,0,0,0,0,0,0,0,0,0,0,0,0,0,0,0,0,0,0,0,0,0,0
3578,  2979641,   -12,     2,   111,   101,     0,   -24,     0,   -24,0,0,0,0,0,0,0,0,0,0,0,0,0,0,0,0,0,0,0,0,0,0,0,0,0,0,0,0,0,0,0,0
3579,  2980474,   -13,     1,   113,   101,     0,   -25,     0,   -26,0,0,0,0,0,0,0,0,0,0,0,0,0,0,0,0,0,0,0,0,0,0,0,0,0,0,0,0,0,0,0,0
3580,  2981307,   -13,     0,   112,    99,     1,   -23,    -1,   -23,0,0,0,0,0,0,0,0,0,0,0,0,0,0,0,0,0,0,0,0,0,0,0,0,0,0,0,0,0,0,0,0
3581,  2982140,   -13,     1,   111,    99,    -2,   -25,     1,   -26,0,0,0,0,0,0,0,0,0,0,0,0,0,0,0,0,0,0,0,0,0,0,0,0,0,0,0,0,0,0,0,0
3582,  2982973,   -10,     0,   111,   101,    -1,   -23,    -1,   -25,0,0,0,0,0,0,0,0,0,0,0,0,0,0,0,0,0,0,0,0,0,0,0,0,0,0,0,0,0,0,0,0
3583,  2983806,   -13,     0,   111,    98,     1,   -25,     0,   -23,0,0,0,0,0,0,0,0,0,0,0,0,0,0,0,0,0,0,0,0,0,0,0,0,0,0,0,0,0,0,0,0
3584,  2984639,   -10,    -1,   110,    99,     0,   -25,     0,   -25,0,0,0,0,0,0,0,0,0,0,0,0,0,0,0,0,0,0,0,0,0,0,0,0,0,0,0,0,0,0,0,0
3585,  2985472,   -11,     0,   112,   101,     0,   -24,     0,   -24,0,0,0,0,0,0,0,0,0,0,0,0,0,0,0,0,0,0,0,0,0,0,0,0,0,0,0,0,0,0,0,0
3586,  2986305,   -10,    -1,   111,   100,     1,   -24,     0,   -23,0,0,0,0,0,0,0,0,0,0,0,0,0,0,0,0,0,0,0,0,0,0,0,0,0,0,0,0,0,0,0,0
3587,  2987138,   -10,     1,   111,   102,    -1,   -24,     0,   -24,0,0,0,0,0,0,0,0,0,0,0,0,0,0,0,0,0,0,0,0,0,0,0,0,0,0,0,0,0,0,0,0
3588,  2987971,   -10,     0,   110,   100,     0,   -25,    -1,   -26,0,0,0,0,0,0,0,0,0,0,0,0,0,0,0,0,0,0,0,0,0,0,0,0,0,0,0,0,0,0,0,0
3589,  2988804,    -9,     1,   110,   102,     1,   -25,    -1,   -26,0,0,0,0,0,0,0,0,0,0,0,0,0,0,0,0,0,0,0,0,0,0,0,0,0,0,0,0,0,0,0,0
3590,  2989637,    -9,     2,   110,   103,     0,   -26,     0,   -26,0,0,0,0,0,0,0,0,0,0,0,0,0,0,0,0,0,0,0,0,0,0,0,0,0,0,0,0,0,0,0,0
3591,  2990470,   -10,     0,   109,    99,     0,   -24,     0,   -24,0,0,0,0,0,0,0,0,0,0,0,0,0,0,0,0,0,0,0,0,0,0,0,0,0,0,0,0,0,0,0,0
3592,  2991303,    -7,     1,   110,   104,     1,   -24,     0,   -23,0,0,0,0,0,0,0,0,0,0,0,0,0,0,0,0,0,0,0,0,0,0,0,0,0,0,0,0,0,0,0,0
3593,  2992136,    -6,     0,   110,   104,     0,   -24,    -1,   -25,0,0,0,0,0,0,0,0,0,0,0,0,0,0,0,0,0,0,0,0,0,0,0,0,0,0,0,0,0,0,0,0
3594,  2992969,    -7,     0,   109,   102,     1,   -23,     0,   -22,0,0,0,0,0,0,0,0,0,0,0,0,0,0,0,0,0,0,0,0,0,0,0,0,0,0,0,0,0,0,0,0
3595,  2993802,    -6,     1,   110,   105,     0,   -25,    -1,   -25,0,0,0,0,0,0,0,0,0,0,0,0,0,0,0,0,0,0,0,0,0,0,0,0,0,0,0,0,0,0,0,0
3596,  2994635,    -6,     0,   109,   104,     2,   -24,     0,   -22,0,0,0,0,0,0,0,0,0,0,0,0,0,0,0,0,0,0,0,0,0,0,0,0,0,0,0,0,0,0,0,0
3597,  2995468,    -4,     1,   108,   105,     0,   -24,    -1,   -25,0,0,0,0,0,0,0,0,0,0,0,0,0,0,0,0,0,0,0,0,0,0,0,0,0,0,0,0,0,0,0,0
3598,  2996301,    -5,     2,   107,   104,     0,   -25,     1,   -25,0,0,0,0,0,0,0,0,0,0,0,0,0,0,0,0,0,0,0,0,0,0,0,0,0,0,0,0,0,0,0,0
3599,  2997134,    -6,     1,   108,   103,     0,   -25,     0,   -24,0,0,0,0,0,0,0,0,0,0,0,0,0,0,0,0,0,0,0,0,0,0,0,0,0,0,0,0,0,0,0,0
3600,  2997967,    -4,     0,   107,   103,     2,   -24,    -1,   -23,0,0,0,0,0,0,0,0,0,0,0,0,0,0,0,0,0,0,0,0,0,0,0,0,0,0,0,0,0,0,0,0
3601,  2998800,    -4,     1,   107,   104,     0,   -25,     0,   -25,0,0,0,0,0,0,0,0,0,0,0,0,0,0,0,0,0,0,0,0,0,0,0,0,0,0,0,0,0,0,0,0
3602,  2999633,    -4,     0,   106,   102,     2,   -24,    -1,   -23,0,0,0,0,0,0,0,0,0,0,0,0,0,0,0,0,0,0,0,0,0,0,0,0,0,0,0,0,0,0,0,0
3603,  3000466,    -3,     2,   107,   106,    -1,   -24,     0,   -25,0,0,0,0,0,0,0,0,0,0,0,0,0,0,0,0,0,0,0,0,0,0,0,0,0,0,0,0,0,0,0,0
3604,  3001299,    -4,     2,   105,   103,     0,   -24,     0,   -23,0,0,0,0,0,0,0,0,0,0,0,0,0,0,0,0,0,0,0,0,0,0,0,0,0,0,0,0,0,0,0,0
3605,  3002132,    -2,     0,   107,   105,     1,   -24,     0,   -23,0,0,0,0,0,0,0,0,0,0,0,0,0,0,0,0,0,0,0,0,0,0,0,0,0,0,0,0,0,0,0,0
3606,  3002965,    -2,     0,   107,   105,     0,   -25,     0,   -26,0,0,0,0,0,0,0,0,0,0,0,0,0,0,0,0,0,0,0,0,0,0,0,0,0,0,0,0,0,0,0,0
3607,  3003798,    -2,     1,   107,   106,    -1,   -25,     0,   -26,0,0,0,0,0,0,0,0,0,0,0,0,0,0,0,0,0,0,0,0,0,0,0,0,0,0,0,0,0,0,0,0
3608,  3004631,    -2,     1,   106,   105,     0,   -23,     0,   -24,0,0,0,0,0,0,0,0,0,0,0,0,0,0,0,0,0,0,0,0,0,0,0,0,0,0,0,0,0,0,0,0
3609,  3005464,    -1,     0,   106,   105,    -1,   -24,    -1,   -25,0,0,0,0,0,0,0,0,0,0,0,0,0,0,0,0,0,0,0,0,0,0,0,0,0,0,0,0,0,0,0,0
3610,  3006297,    -1,     2,   105,   106,     0,   -25,     0,   -25,0,0,0,0,0,0,0,0,0,0,0,0,0,0,0,0,0,0,0,0,0,0,0,0,0,0,0,0,0,0,0,0
3611,  3007130,    -2,    -1,   105,   102,     0,   -24,    -1,   -25,0,0,0,0,0,0,0,0,0,0,0,0,0,0,0,0,0,0,0,0,0,0,0,0,0,0,0,0,0,0,0,0
3612,  3007963,     1,     1,   105,   107,    -1,   -25,     0,   -26,0,0,0,0,0,0,0,0,0,0,0,0,0,0,0,0,0,0,0,0,0,0,0,0,0,0,0,0,0,0,0,0
3613,  3008796,     2,     0,   105,   107,     0,   -24,     0,   -25,0,0,0,0,0,0,0,0,0,0,0,0,0,0,0,0,0,0,0,0,0,0,0,0,0,0,0,0,0,0,0,0
3614,  3009629,     0,     2,   105,   107,    -1,   -24,     0,   -25,0,0,0,0,0,0,0,0,0,0,0,0,0,0,0,0,0,0,0,0,0,0,0,0,0,0,0,0,0,0,0,0
3615,  3010462,     1,    -1,   105,   105,     0,   -24,    -1,   -25,0,0,0,0,0,0,0,0,0,0,0,0,0,0,0,0,0,0,0,0,0,0,0,0,0,0,0,0,0,0,0,0
3616,  3011295,     2,     0,   104,   106,     1,   -25,    -1,   -25,0,0,0,0,0,0,0,0,0,0,0,0,0,0,0,0,0,0,0,0,0,0,0,0,0,0,0,0,0,0,0,0
3617,  3012128,     1,    -1,   103,   103,    -1,   -24,    -2,   -26,0,0,0,0,0,0,0,0,0,0,0,0,0,0,0,0,0,0,0,0,0,0,0,0,0,0,0,0,0,0,0,0
3618,  3012961,     2,    -1,   103,   104,     1,   -25,    -1,   -25,0,0,0,0,0,0,0,0,0,0,0,0,0,0,0,0,0,0,0,0,0,0,0,0,0,0,0,0,0,0,0,0
3619,  3013794,     2,     1,   103,   107,     1,   -24,    -1,   -24,0,0,0,0,0,0,0,0,0,0,0,0,0,0,0,0,0,0,0,0,0,0,0,0,0,0,0,0,0,0,0,0
3620,  3014627,     3,     1,   101,   105,    -1,   -25,     1,   -25,0,0,0,0,0,0,0,0,0,0,0,0,0,0,0,0,0,0,0,0,0,0,0,0,0,0,0,0,0,0,0,0
3621,  3015460,     3,     0,   102,   105,    -2,   -24,    -1,   -27,0,0,0,0,0,0,0,0,0,0,0,0,0,0,0,0,0,0,0,0,0,0,0,0,0,0,0,0,0,0,0,0
3622,  3016293,     5,     0,   102,   107,     0,   -25,    -2,   -27,0,0,0,0,0,0,0,0,0,0,0,0,0,0,0,0,0,0,0,0,0,0,0,0,0,0,0,0,0,0,0,0
3623,  3017126,     6,     1,   102,   109,     0,   -24,     0,   -23,0,0,0,0,0,0,0,0,0,0,0,0,0,0,0,0,0,0,0,0,0,0,0,0,0,0,0,0,0,0,0,0
3624,  3017959,     4,     2,   102,   108,     0,   -25,    -2,   -27,0,0,0,0,0,0,0,0,0,0,0,0,0,0,0,0,0,0,0,0,0,0,0,0,0,0,0,0,0,0,0,0
3625,  3018792,     5,     0,   102,   107,     0,   -24,    -1,   -24,0,0,0,0,0,0,0,0,0,0,0,0,0,0,0,0,0,0,0,0,0,0,0,0,0,0,0,0,0,0,0,0
3626,  3019625,     6,     4,   102,   112,     0,   -23,    -1,   -25,0,0,0,0,0,0,0,0,0,0,0,0,0,0,0,0,0,0,0,0,0,0,0,0,0,0,0,0,0,0,0,0
3627,  3020458,     5,     0,   101,   106,     0,   -23,    -1,   -23,0,0,0,0,0,0,0,0,0,0,0,0,0,0,0,0,0,0,0,0,0,0,0,0,0,0,0,0,0,0,0,0
3628,  3021291,     6,     2,   101,   109,     2,   -25,    -1,   -24,0,0,0,0,0,0,0,0,0,0,0,0,0,0,0,0,0,0,0,0,0,0,0,0,0,0,0,0,0,0,0,0
3629,  3022124,     6,     2,   102,   110,     0,   -23,    -1,   -24,0,0,0,0,0,0,0,0,0,0,0,0,0,0,0,0,0,0,0,0,0,0,0,0,0,0,0,0,0,0,0,0
3630,  3022957,     5,     1,   100,   106,    -1,   -24,    -1,   -26,0,0,0,0,0,0,0,0,0,0,0,0,0,0,0,0,0,0,0,0,0,0,0,0,0,0,0,0,0,0,0,0
3631,  3023790,     8,     1,    98,   107,     0,   -24,    -1,   -25,0,0,0,0,0,0,0,0,0,0,0,0,0,0,0,0,0,0,0,0,0,0,0,0,0,0,0,0,0,0,0,0
3632,  3024623,     7,     1,   101,   109,     0,   -24,     0,   -25,0,0,0,0,0,0,0,0,0,0,0,0,0,0,0,0,0,0,0,0,0,0,0,0,0,0,0,0,0,0,0,0
3633,  3025456,     6,     2,    99,   107,     1,   -25,     1,   -22,0,0,0,0,0,0,0,0,0,0,0,0,0,0,0,0,0,0,0,0,0,0,0,0,0,0,0,0,0,0,0,0
3634,  3026289,     8,     0,    99,   107,     0,   -24,    -2,   -25,0,0,0,0,0,0,0,0,0,0,0,0,0,0,0,0,0,0,0,0,0,0,0,0,0,0,0,0,0,0,0,0
3635,  3027122,     8,     0,    99,   107,     0,   -24,     0,   -23,0,0,0,0,0,0,0,0,0,0,0,0,0,0,0,0,0,0,0,0,0,0,0,0,0,0,0,0,0,0,0,0
3636,  3027955,     8,     2,   100,   111,     1,   -24,     0,   -22,0,0,0,0,0,0,0,0,0,0,0,0,0,0,0,0,0,0,0,0,0,0,0,0,0,0,0,0,0,0,0,0
3637,  3028788,     8,     0,    98,   106,     2,   -23,     0,   -21,0,0,0,0,0,0,0,0,0,0,0,0,0,0,0,0,0,0,0,0,0,0,0,0,0,0,0,0,0,0,0,0
3638,  3029621,     9,     0,    99,   108,     1,   -22,     0,   -21,0,0,0,0,0,0,0,0,0,0,0,0,0,0,0,0,0,0,0,0,0,0,0,0,0,0,0,0,0,0,0,0
3639,  3030454,    10,     2,    99,   111,     0,   -24,     0,   -24,0,0,0,0,0,0,0,0,0,0,0,0,0,0,0,0,0,0,0,0,0,0,0,0,0,0,0,0,0,0,0,0
3640,  3031287,    10,     2,    98,   110,     2,   -23,     0,   -21,0,0,0,0,0,0,0,0,0,0,0,0,0,0,0,0,0,0,0,0,0,0,0,0,0,0,0,0,0,0,0,0
3641,  3032120,    11,     1,    99,   111,     0,   -25,     0,   -26,0,0,0,0,0,0,0,0,0,0,0,0,0,0,0,0,0,0,0,0,0,0,0,0,0,0,0,0,0,0,0,0
3642,  3032953,     9,     2,    97,   108,    -1,   -24,     0,   -25,0,0,0,0,0,0,0,0,0,0,0,0,0,0,0,0,0,0,0,0,0,0,0,0,0,0,0,0,0,0,0,0
3643,  3033786,    10,     2,    97,   109,    -1,   -24,    -2,   -27,0,0,0,0,0,0,0,0,0,0,0,0,0,0,0,0,0,0,0,0,0,0,0,0,0,0,0,0,0,0,0,0
3644,  3034619,    10,     1,    97,   108,     0,   -25,     0,   -25,0,0,0,0,0,0,0,0,0,0,0,0,0,0,0,0,0,0,0,0,0,0,0,0,0,0,0,0,0,0,0,0
3645,  3035452,    11,     2,    97,   110,     0,   -24,    -1,   -25,0,0,0,0,0,0,0,0,0,0,0,0,0,0,0,0,0,0,0,0,0,0,0,0,0,0,0,0,0,0,0,0
3646,  3036285,    11,     1,    98,   110,     1,   -23,    -2,   -24,0,0,0,0,0,0,0,0,0,0,0,0,0,0,0,0,0,0,0,0,0,0,0,0,0,0,0,0,0,0,0,0
3647,  3037118,    12,     1,    97,   110,    -1,   -24,    -1,   -26,0,0,0,0,0,0,0,0,0,0,0,0,0,0,0,0,0,0,0,0,0,0,0,0,0,0,0,0,0,0,0,0
3648,  3037951,    13,     1,    96,   111,     3,   -23,    -1,   -21,0,0,0,0,0,0,0,0,0,0,0,0,0,0,0,0,0,0,0,0,0,0,0,0,0,0,0,0,0,0,0,0
3649,  3038784,    12,     3,    95,   110,     0,   -23,     0,   -23,0,0,0,0,0,0,0,0,0,0,0,0,0,0,0,0,0,0,0,0,0,0,0,0,0,0,0,0,0,0,0,0
3650,  3039617,    13,     2,    95,   110,     0,   -24,     0,   -24,0,0,0,0,0,0,0,0,0,0,0,0,0,0,0,0,0,0,0,0,0,0,0,0,0,0,0,0,0,0,0,0
3651,  3040450,    13,     2,    96,   112,     0,   -23,     1,   -22,0,0,0,0,0,0,0,0,0,0,0,0,0,0,0,0,0,0,0,0,0,0,0,0,0,0,0,0,0,0,0,0
3652,  3041283,    14,     2,    94,   110,     0,   -24,    -2,   -25,0,0,0,0,0,0,0,0,0,0,0,0,0,0,0,0,0,0,0,0,0,0,0,0,0,0,0,0,0,0,0,0
3653,  3042116,    14,     1,    95,   110,    -1,   -24,    -1,   -26,0,0,0,0,0,0,0,0,0,0,0,0,0,0,0,0,0,0,0,0,0,0,0,0,0,0,0,0,0,0,0,0
3654,  3042949,    14,     0,    95,   109,     0,   -23,     0,   -23,0,0,0,0,0,0,0,0,0,0,0,0,0,0,0,0,0,0,0,0,0,0,0,0,0,0,0,0,0,0,0,0
3655,  3043782,    13,     2,    94,   109,     1,   -24,    -1,   -25,0,0,0,0,0,0,0,0,0,0,0,0,0,0,0,0,0,0,0,0,0,0,0,0,0,0,0,0,0,0,0,0
3656,  3044615,    14,     2,    93,   110,     0,   -24,    -1,   -24,0,0,0,0,0,0,0,0,0,0,0,0,0,0,0,0,0,0,0,0,0,0,0,0,0,0,0,0,0,0,0,0
3657,  3045448,    13,     3,    95,   111,     0,   -25,    -1,   -26,0,0,0,0,0,0,0,0,0,0,0,0,0,0,0,0,0,0,0,0,0,0,0,0,0,0,0,0,0,0,0,0
3658,  3046281,    15,     2,    94,   111,     0,   -25,     0,   -25,0,0,0,0,0,0,0,0,0,0,0,0,0,0,0,0,0,0,0,0,0,0,0,0,0,0,0,0,0,0,0,0
3659,  3047114,    16,     1,    94,   111,     2,   -21,     2,   -17,0,0,0,0,0,0,0,0,0,0,0,0,0,0,0,0,0,0,0,0,0,0,0,0,0,0,0,0,0,0,0,0
3660,  3047947,    17,     1,    94,   112,     0,   -24,    -1,   -25,0,0,0,0,0,0,0,0,0,0,0,0,0,0,0,0,0,0,0,0,0,0,0,0,0,0,0,0,0,0,0,0
3661,  3048780,    17,     0,    92,   109,     2,   -24,     0,   -22,0,0,0,0,0,0,0,0,0,0,0,0,0,0,0,0,0,0,0,0,0,0,0,0,0,0,0,0,0,0,0,0
3662,  3049613,    16,     1,    93,   110,    -1,   -24,    -1,   -25,0,0,0,0,0,0,0,0,0,0,0,0,0,0,0,0,0,0,0,0,0,0,0,0,0,0,0,0,0,0,0,0
3663,  3050446,    16,     1,    92,   109,     0,   -25,     0,   -24,0,0,0,0,0,0,0,0,0,0,0,0,0,0,0,0,0,0,0,0,0,0,0,0,0,0,0,0,0,0,0,0
3664,  3051279,    19,     1,    91,   111,     0,   -24,     0,   -24,0,0,0,0,0,0,0,0,0,0,0,0,0,0,0,0,0,0,0,0,0,0,0,0,0,0,0,0,0,0,0,0
3665,  3052112,    18,     0,    92,   110,     1,   -23,     1,   -21,0,0,0,0,0,0,0,0,0,0,0,0,0,0,0,0,0,0,0,0,0,0,0,0,0,0,0,0,0,0,0,0
3666,  3052945,    20,     3,    91,   114,    -2,   -25,     0,   -26,0,0,0,0,0,0,0,0,0,0,0,0,0,0,0,0,0,0,0,0,0,0,0,0,0,0,0,0,0,0,0,0
3667,  3053778,    19,     1,    92,   112,    -1,   -24,     0,   -24,0,0,0,0,0,0,0,0,0,0,0,0,0,0,0,0,0,0,0,0,0,0,0,0,0,0,0,0,0,0,0,0
3668,  3054611,    18,     2,    91,   111,     1,   -23,    -1,   -23,0,0,0,0,0,0,0,0,0,0,0,0,0,0,0,0,0,0,0,0,0,0,0,0,0,0,0,0,0,0,0,0
3669,  3055444,    19,     0,    91,   110,     1,   -23,     0,   -22,0,0,0,0,0,0,0,0,0,0,0,0,0,0,0,0,0,0,0,0,0,0,0,0,0,0,0,0,0,0,0,0
3670,  3056277,    22,     2,    90,   114,     0,   -24,    -1,   -25,0,0,0,0,0,0,0,0,0,0,0,0,0,0,0,0,0,0,0,0,0,0,0,0,0,0,0,0,0,0,0,0
3671,  3057110,    21,     1,    90,   112,     0,   -24,     0,   -23,0,0,0,0,0,0,0,0,0,0,0,0,0,0,0,0,0,0,0,0,0,0,0,0,0,0,0,0,0,0,0,0
3672,  3057943,    20,     2,    89,   111,     0,   -23,     0,   -23,0,0,0,0,0,0,0,0,0,0,0,0,0,0,0,0,0,0,0,0,0,0,0,0,0,0,0,0,0,0,0,0
3673,  3058776,    20,     1,    88,   109,    -1,   -24,     0,   -25,0,0,0,0,0,0,0,0,0,0,0,0,0,0,0,0,0,0,0,0,0,0,0,0,0,0,0,0,0,0,0,0
3674,  3059609,    23,     2,    90,   115,     0,   -23,     1,   -22,0,0,0,0,0,0,0,0,0,0,0,0,0,0,0,0,0,0,0,0,0,0,0,0,0,0,0,0,0,0,0,0
3675,  3060442,    22,     2,    89,   113,    -1,   -24,     0,   -25,0,0,0,0,0,0,0,0,0,0,0,0,0,0,0,0,0,0,0,0,0,0,0,0,0,0,0,0,0,0,0,0
3676,  3061275,    20,    -1,    90,   109,    -1,   -24,    -1,   -25,0,0,0,0,0,0,0,0,0,0,0,0,0,0,0,0,0,0,0,0,0,0,0,0,0,0,0,0,0,0,0,0
3677,  3062108,    22,     1,    88,   111,    -1,   -24,    -1,   -26,0,0,0,0,0,0,0,0,0,0,0,0,0,0,0,0,0,0,0,0,0,0,0,0,0,0,0,0,0,0,0,0
3678,  3062941,    23,     2,    88,   113,    -1,   -23,    -1,   -25,0,0,0,0,0,0,0,0,0,0,0,0,0,0,0,0,0,0,0,0,0,0,0,0,0,0,0,0,0,0,0,0
3679,  3063774,    23,     1,    89,   114,     0,   -23,     0,   -24,0,0,0,0,0,0,0,0,0,0,0,0,0,0,0,0,0,0,0,0,0,0,0,0,0,0,0,0,0,0,0,0
3680,  3064607,    23,     0,    88,   112,     1,   -23,     0,   -23,0,0,0,0,0,0,0,0,0,0,0,0,0,0,0,0,0,0,0,0,0,0,0,0,0,0,0,0,0,0,0,0
3681,  3065440,    23,     0,    88,   111,     0,   -23,    -1,   -23,0,0,0,0,0,0,0,0,0,0,0,0,0,0,0,0,0,0,0,0,0,0,0,0,0,0,0,0,0,0,0,0
3682,  3066273,    25,     1,    89,   115,     1,   -23,    -1,   -23,0,0,0,0,0,0,0,0,0,0,0,0,0,0,0,0,0,0,0,0,0,0,0,0,0,0,0,0,0,0,0,0
3683,  3067106,    25,     1,    88,   114,    -1,   -23,    -1,   -25,0,0,0,0,0,0,0,0,0,0,0,0,0,0,0,0,0,0,0,0,0,0,0,0,0,0,0,0,0,0,0,0
3684,  3067939,    24,     1,    87,   112,     0,   -24,     0,   -25,0,0,0,0,0,0,0,0,0,0,0,0,0,0,0,0,0,0,0,0,0,0,0,0,0,0,0,0,0,0,0,0
3685,  3068772,    26,     0,    89,   115,     0,   -24,    -1,   -25,0,0,0,0,0,0,0,0,0,0,0,0,0,0,0,0,0,0,0,0,0,0,0,0,0,0,0,0,0,0,0,0
3686,  3069605,    25,     2,    86,   113,     2,   -23,    -1,   -22,0,0,0,0,0,0,0,0,0,0,0,0,0,0,0,0,0,0,0,0,0,0,0,0,0,0,0,0,0,0,0,0
3687,  3070438,    26,     1,    86,   113,     0,   -22,     0,   -22,0,0,0,0,0,0,0,0,0,0,0,0,0,0,0,0,0,0,0,0,0,0,0,0,0,0,0,0,0,0,0,0
3688,  3071271,    26,     1,    86,   113,    -1,   -24,     0,   -25,0,0,0,0,0,0,0,0,0,0,0,0,0,0,0,0,0,0,0,0,0,0,0,0,0,0,0,0,0,0,0,0
3689,  3072104,    28,     1,    87,   117,    -1,   -23,     1,   -24,0,0,0,0,0,0,0,0,0,0,0,0,0,0,0,0,0,0,0,0,0,0,0,0,0,0,0,0,0,0,0,0
3690,  3072937,    29,     0,    85,   114,     0,   -24,    -2,   -26,0,0,0,0,0,0,0,0,0,0,0,0,0,0,0,0,0,0,0,0,0,0,0,0,0,0,0,0,0,0,0,0
3691,  3073770,    28,     2,    85,   115,     0,   -23,     0,   -23,0,0,0,0,0,0,0,0,0,0,0,0,0,0,0,0,0,0,0,0,0,0,0,0,0,0,0,0,0,0,0,0
3692,  3074603,    30,     2,    86,   118,     1,   -24,    -1,   -24,0,0,0,0,0,0,0,0,0,0,0,0,0,0,0,0,0,0,0,0,0,0,0,0,0,0,0,0,0,0,0,0
3693,  3075436,    31,     2,    84,   117,    -2,   -23,     0,   -25,0,0,0,0,0,0,0,0,0,0,0,0,0,0,0,0,0,0,0,0,0,0,0,0,0,0,0,0,0,0,0,0
3694,  3076269,    31,     1,    85,   117,     1,   -22,    -1,   -21,0,0,0,0,0,0,0,0,0,0,0,0,0,0,0,0,0,0,0,0,0,0,0,0,0,0,0,0,0,0,0,0
3695,  3077102,    31,     1,    85,   117,    -1,   -24,     0,   -25,0,0,0,0,0,0,0,0,0,0,0,0,0,0,0,0,0,0,0,0,0,0,0,0,0,0,0,0,0,0,0,0
3696,  3077935,    32,     4,    86,   122,     0,   -23,    -1,   -24,0,0,0,0,0,0,0,0,0,0,0,0,0,0,0,0,0,0,0,0,0,0,0,0,0,0,0,0,0,0,0,0
3697,  3078768,    32,     2,    85,   119,     0,   -23,     0,   -23,0,0,0,0,0,0,0,0,0,0,0,0,0,0,0,0,0,0,0,0,0,0,0,0,0,0,0,0,0,0,0,0
3698,  3079601,    31,     1,    82,   114,     0,   -23,    -1,   -24,0,0,0,0,0,0,0,0,0,0,0,0,0,0,0,0,0,0,0,0,0,0,0,0,0,0,0,0,0,0,0,0
3699,  3080434,    34,     2,    83,   118,     0,   -25,    -1,   -26,0,0,0,0,0,0,0,0,0,0,0,0,0,0,0,0,0,0,0,0,0,0,0,0,0,0,0,0,0,0,0,0
3700,  3081267,    34,     1,    83,   117,     0,   -24,    -1,   -25,0,0,0,0,0,0,0,0,0,0,0,0,0,0,0,0,0,0,0,0,0,0,0,0,0,0,0,0,0,0,0,0
3701,  3082100,    35,     1,    84,   119,    -1,   -23,     0,   -24,0,0,0,0,0,0,0,0,0,0,0,0,0,0,0,0,0,0,0,0,0,0,0,0,0,0,0,0,0,0,0,0
3702,  3082933,    34,     1,    83,   117,     0,   -23,     1,   -22,0,0,0,0,0,0,0,0,0,0,0,0,0,0,0,0,0,0,0,0,0,0,0,0,0,0,0,0,0,0,0,0
3703,  3083766,    35,     0,    83,   117,    -2,   -24,     0,   -25,0,0,0,0,0,0,0,0,0,0,0,0,0,0,0,0,0,0,0,0,0,0,0,0,0,0,0,0,0,0,0,0
3704,  3084599,    34,     1,    82,   117,     0,   -23,    -1,   -25,0,0,0,0,0,0,0,0,0,0,0,0,0,0,0,0,0,0,0,0,0,0,0,0,0,0,0,0,0,0,0,0
3705,  3085432,    36,     0,    83,   118,     2,   -22,     0,   -20,0,0,0,0,0,0,0,0,0,0,0,0,0,0,0,0,0,0,0,0,0,0,0,0,0,0,0,0,0,0,0,0
3706,  3086265,    36,     2,    83,   120,     2,   -23,    -1,   -21,0,0,0,0,0,0,0,0,0,0,0,0,0,0,0,0,0,0,0,0,0,0,0,0,0,0,0,0,0,0,0,0
3707,  3087098,    35,     0,    84,   118,     1,   -23,    -1,   -23,0,0,0,0,0,0,0,0,0,0,0,0,0,0,0,0,0,0,0,0,0,0,0,0,0,0,0,0,0,0,0,0
3708,  3087931,    36,     2,    82,   119,     0,   -24,    -1,   -26,0,0,0,0,0,0,0,0,0,0,0,0,0,0,0,0,0,0,0,0,0,0,0,0,0,0,0,0,0,0,0,0
3709,  3088764,    38,     3,    83,   123,    -2,   -23,    -1,   -25,0,0,0,0,0,0,0,0,0,0,0,0,0,0,0,0,0,0,0,0,0,0,0,0,0,0,0,0,0,0,0,0
3710,  3089597,    37,     1,    82,   119,    -1,   -22,     0,   -23,0,0,0,0,0,0,0,0,0,0,0,0,0,0,0,0,0,0,0,0,0,0,0,0,0,0,0,0,0,0,0,0
3711,  3090430,    39,     1,    81,   120,    -1,   -22,    -1,   -23,0,0,0,0,0,0,0,0,0,0,0,0,0,0,0,0,0,0,0,0,0,0,0,0,0,0,0,0,0,0,0,0
3712,  3091263,    37,     0,    81,   117,     1,   -24,    -1,   -23,0,0,0,0,0,0,0,0,0,0,0,0,0,0,0,0,0,0,0,0,0,0,0,0,0,0,0,0,0,0,0,0
3713,  3092096,    39,     1,    80,   119,     1,   -22,    -1,   -22,0,0,0,0,0,0,0,0,0,0,0,0,0,0,0,0,0,0,0,0,0,0,0,0,0,0,0,0,0,0,0,0
3714,  3092929,    40,    -1,    80,   118,     0,   -24,     0,   -24,0,0,0,0,0,0,0,0,0,0,0,0,0,0,0,0,0,0,0,0,0,0,0,0,0,0,0,0,0,0,0,0
3715,  3093762,    40,     1,    80,   121,     1,   -23,    -1,   -23,0,0,0,0,0,0,0,0,0,0,0,0,0,0,0,0,0,0,0,0,0,0,0,0,0,0,0,0,0,0,0,0
3716,  3094595,    39,     1,    79,   118,     0,   -24,    -1,   -25,0,0,0,0,0,0,0,0,0,0,0,0,0,0,0,0,0,0,0,0,0,0,0,0,0,0,0,0,0,0,0,0
3717,  3095428,    42,     1,    78,   120,    -2,   -24,     0,   -25,0,0,0,0,0,0,0,0,0,0,0,0,0,0,0,0,0,0,0,0,0,0,0,0,0,0,0,0,0,0,0,0
3718,  3096261,    42,     1,    79,   121,     0,   -23,     0,   -22,0,0,0,0,0,0,0,0,0,0,0,0,0,0,0,0,0,0,0,0,0,0,0,0,0,0,0,0,0,0,0,0
3719,  3097094,    42,     1,    78,   120,     1,   -22,     0,   -21,0,0,0,0,0,0,0,0,0,0,0,0,0,0,0,0,0,0,0,0,0,0,0,0,0,0,0,0,0,0,0,0
3720,  3097927,    44,     3,    79,   125,     0,   -23,     0,   -23,0,0,0,0,0,0,0,0,0,0,0,0,0,0,0,0,0,0,0,0,0,0,0,0,0,0,0,0,0,0,0,0
3721,  3098760,    43,     1,    77,   120,     0,   -25,     1,   -24,0,0,0,0,0,0,0,0,0,0,0,0,0,0,0,0,0,0,0,0,0,0,0,0,0,0,0,0,0,0,0,0
3722,  3099593,    44,     2,    79,   124,     1,   -21,     0,   -21,0,0,0,0,0,0,0,0,0,0,0,0,0,0,0,0,0,0,0,0,0,0,0,0,0,0,0,0,0,0,0,0
3723,  3100426,    44,     1,    77,   121,    -2,   -22,     0,   -23,0,0,0,0,0,0,0,0,0,0,0,0,0,0,0,0,0,0,0,0,0,0,0,0,0,0,0,0,0,0,0,0
3724,  3101259,    44,     1,    78,   122,     1,   -23,    -1,   -23,0,0,0,0,0,0,0,0,0,0,0,0,0,0,0,0,0,0,0,0,0,0,0,0,0,0,0,0,0,0,0,0
3725,  3102092,    45,     1,    79,   124,     1,   -23,     0,   -22,0,0,0,0,0,0,0,0,0,0,0,0,0,0,0,0,0,0,0,0,0,0,0,0,0,0,0,0,0,0,0,0
3726,  3102925,    45,     0,    76,   120,     0,   -23,    -1,   -25,0,0,0,0,0,0,0,0,0,0,0,0,0,0,0,0,0,0,0,0,0,0,0,0,0,0,0,0,0,0,0,0
3727,  3103758,    47,     1,    78,   125,     1,   -23,    -1,   -22,0,0,0,0,0,0,0,0,0,0,0,0,0,0,0,0,0,0,0,0,0,0,0,0,0,0,0,0,0,0,0,0
3728,  3104591,    45,     3,    76,   123,     1,   -23,    -1,   -22,0,0,0,0,0,0,0,0,0,0,0,0,0,0,0,0,0,0,0,0,0,0,0,0,0,0,0,0,0,0,0,0
3729,  3105424,    46,     1,    76,   122,     0,   -24,     0,   -24,0,0,0,0,0,0,0,0,0,0,0,0,0,0,0,0,0,0,0,0,0,0,0,0,0,0,0,0,0,0,0,0
3730,  3106257,    46,     2,    77,   124,     0,   -23,    -1,   -24,0,0,0,0,0,0,0,0,0,0,0,0,0,0,0,0,0,0,0,0,0,0,0,0,0,0,0,0,0,0,0,0
3731,  3107090,    47,     0,    76,   122,     0,   -23,     1,   -23,0,0,0,0,0,0,0,0,0,0,0,0,0,0,0,0,0,0,0,0,0,0,0,0,0,0,0,0,0,0,0,0
3732,  3107923,    48,     1,    77,   125,     1,   -23,    -1,   -23,0,0,0,0,0,0,0,0,0,0,0,0,0,0,0,0,0,0,0,0,0,0,0,0,0,0,0,0,0,0,0,0
3733,  3108756,    47,     1,    76,   123,    -1,   -23,    -1,   -25,0,0,0,0,0,0,0,0,0,0,0,0,0,0,0,0,0,0,0,0,0,0,0,0,0,0,0,0,0,0,0,0
3734,  3109589,    49,     1,    77,   126,     1,   -22,     0,   -21,0,0,0,0,0,0,0,0,0,0,0,0,0,0,0,0,0,0,0,0,0,0,0,0,0,0,0,0,0,0,0,0
3735,  3110422,    49,    -1,    76,   123,     0,   -24,     0,   -24,0,0,0,0,0,0,0,0,0,0,0,0,0,0,0,0,0,0,0,0,0,0,0,0,0,0,0,0,0,0,0,0
3736,  3111255,    51,     0,    75,   126,    -2,   -23,    -1,   -25,0,0,0,0,0,0,0,0,0,0,0,0,0,0,0,0,0,0,0,0,0,0,0,0,0,0,0,0,0,0,0,0
3737,  3112088,    50,     0,    76,   125,     0,   -25,     0,   -24,0,0,0,0,0,0,0,0,0,0,0,0,0,0,0,0,0,0,0,0,0,0,0,0,0,0,0,0,0,0,0,0
3738,  3112921,    51,     1,    77,   128,     0,   -23,    -2,   -25,0,0,0,0,0,0,0,0,0,0,0,0,0,0,0,0,0,0,0,0,0,0,0,0,0,0,0,0,0,0,0,0
3739,  3113754,    50,     0,    75,   124,     0,   -23,     1,   -22,0,0,0,0,0,0,0,0,0,0,0,0,0,0,0,0,0,0,0,0,0,0,0,0,0,0,0,0,0,0,0,0
3740,  3114587,    53,     1,    75,   128,     0,   -24,     0,   -23,0,0,0,0,0,0,0,0,0,0,0,0,0,0,0,0,0,0,0,0,0,0,0,0,0,0,0,0,0,0,0,0
3741,  3115420,    53,    -1,    74,   125,     0,   -21,     0,   -22,0,0,0,0,0,0,0,0,0,0,0,0,0,0,0,0,0,0,0,0,0,0,0,0,0,0,0,0,0,0,0,0
3742,  3116253,    53,     2,    75,   129,     1,   -23,    -1,   -23,0,0,0,0,0,0,0,0,0,0,0,0,0,0,0,0,0,0,0,0,0,0,0,0,0,0,0,0,0,0,0,0
3743,  3117086,    54,     1,    73,   127,     1,   -21,     0,   -21,0,0,0,0,0,0,0,0,0,0,0,0,0,0,0,0,0,0,0,0,0,0,0,0,0,0,0,0,0,0,0,0
3744,  3117919,    54,     2,    74,   129,     1,   -24,    -1,   -23,0,0,0,0,0,0,0,0,0,0,0,0,0,0,0,0,0,0,0,0,0,0,0,0,0,0,0,0,0,0,0,0
3745,  3118752,    53,     2,    72,   127,    -1,   -23,     0,   -24,0,0,0,0,0,0,0,0,0,0,0,0,0,0,0,0,0,0,0,0,0,0,0,0,0,0,0,0,0,0,0,0
3746,  3119585,    55,     0,    73,   127,     0,   -23,     0,   -23,0,0,0,0,0,0,0,0,0,0,0,0,0,0,0,0,0,0,0,0,0,0,0,0,0,0,0,0,0,0,0,0
3747,  3120418,    53,     0,    72,   124,     2,   -21,    -1,   -20,0,0,0,0,0,0,0,0,0,0,0,0,0,0,0,0,0,0,0,0,0,0,0,0,0,0,0,0,0,0,0,0
3748,  3121251,    53,     0,    71,   123,     0,   -23,     1,   -22,0,0,0,0,0,0,0,0,0,0,0,0,0,0,0,0,0,0,0,0,0,0,0,0,0,0,0,0,0,0,0,0
3749,  3122084,    54,     1,    72,   126,     1,   -23,     0,   -22,0,0,0,0,0,0,0,0,0,0,0,0,0,0,0,0,0,0,0,0,0,0,0,0,0,0,0,0,0,0,0,0
3750,  3122917,    56,     0,    73,   129,     1,   -23,     0,   -22,0,0,0,0,0,0,0,0,0,0,0,0,0,0,0,0,0,0,0,0,0,0,0,0,0,0,0,0,0,0,0,0
3751,  3123750,    54,     1,    73,   127,    -1,   -22,     0,   -23,0,0,0,0,0,0,0,0,0,0,0,0,0,0,0,0,0,0,0,0,0,0,0,0,0,0,0,0,0,0,0,0
3752,  3124583,    57,     2,    72,   130,     0,   -23,     0,   -23,0,0,0,0,0,0,0,0,0,0,0,0,0,0,0,0,0,0,0,0,0,0,0,0,0,0,0,0,0,0,0,0
3753,  3125416,    59,     1,    72,   131,     0,   -23,     0,   -24,0,0,0,0,0,0,0,0,0,0,0,0,0,0,0,0,0,0,0,0,0,0,0,0,0,0,0,0,0,0,0,0
3754,  3126249,    55,     0,    72,   126,    -1,   -22,    -1,   -24,0,0,0,0,0,0,0,0,0,0,0,0,0,0,0,0,0,0,0,0,0,0,0,0,0,0,0,0,0,0,0,0
3755,  3127082,    58,     1,    71,   129,     1,   -23,    -1,   -23,0,0,0,0,0,0,0,0,0,0,0,0,0,0,0,0,0,0,0,0,0,0,0,0,0,0,0,0,0,0,0,0
3756,  3127915,    58,     1,    72,   131,     0,   -23,    -2,   -25,0,0,0,0,0,0,0,0,0,0,0,0,0,0,0,0,0,0,0,0,0,0,0,0,0,0,0,0,0,0,0,0
3757,  3128748,    59,     1,    70,   129,    -1,   -24,    -1,   -25,0,0,0,0,0,0,0,0,0,0,0,0,0,0,0,0,0,0,0,0,0,0,0,0,0,0,0,0,0,0,0,0
3758,  3129581,    59,     1,    70,   130,     2,   -22,     0,   -21,0,0,0,0,0,0,0,0,0,0,0,0,0,0,0,0,0,0,0,0,0,0,0,0,0,0,0,0,0,0,0,0
3759,  3130414,    59,     1,    70,   130,     0,   -23,     0,   -23,0,0,0,0,0,0,0,0,0,0,0,0,0,0,0,0,0,0,0,0,0,0,0,0,0,0,0,0,0,0,0,0
3760,  3131247,    59,     2,    70,   131,     0,   -22,     0,   -23,0,0,0,0,0,0,0,0,0,0,0,0,0,0,0,0,0,0,0,0,0,0,0,0,0,0,0,0,0,0,0,0
3761,  3132080,    61,     0,    69,   129,     0,   -24,    -2,   -25,0,0,0,0,0,0,0,0,0,0,0,0,0,0,0,0,0,0,0,0,0,0,0,0,0,0,0,0,0,0,0,0
3762,  3132913,    59,     2,    69,   129,     1,   -21,    -2,   -22,0,0,0,0,0,0,0,0,0,0,0,0,0,0,0,0,0,0,0,0,0,0,0,0,0,0,0,0,0,0,0,0
3763,  3133746,    62,     2,    70,   133,    -1,   -23,     0,   -24,0,0,0,0,0,0,0,0,0,0,0,0,0,0,0,0,0,0,0,0,0,0,0,0,0,0,0,0,0,0,0,0
3764,  3134579,    60,     0,    69,   128,    -1,   -23,    -1,   -24,0,0,0,0,0,0,0,0,0,0,0,0,0,0,0,0,0,0,0,0,0,0,0,0,0,0,0,0,0,0,0,0
3765,  3135412,    63,     0,    69,   131,     1,   -21,    -2,   -22,0,0,0,0,0,0,0,0,0,0,0,0,0,0,0,0,0,0,0,0,0,0,0,0,0,0,0,0,0,0,0,0
3766,  3136245,    63,     4,    70,   137,     2,   -21,     1,   -19,0,0,0,0,0,0,0,0,0,0,0,0,0,0,0,0,0,0,0,0,0,0,0,0,0,0,0,0,0,0,0,0
3767,  3137078,    62,     1,    68,   130,    -1,   -23,     1,   -22,0,0,0,0,0,0,0,0,0,0,0,0,0,0,0,0,0,0,0,0,0,0,0,0,0,0,0,0,0,0,0,0
3768,  3137911,    62,     2,    68,   132,    -2,   -23,    -1,   -25,0,0,0,0,0,0,0,0,0,0,0,0,0,0,0,0,0,0,0,0,0,0,0,0,0,0,0,0,0,0,0,0
3769,  3138744,    63,     1,    68,   132,    -2,   -21,     1,   -22,0,0,0,0,0,0,0,0,0,0,0,0,0,0,0,0,0,0,0,0,0,0,0,0,0,0,0,0,0,0,0,0
3770,  3139577,    63,     1,    66,   129,     0,   -21,     0,   -22,0,0,0,0,0,0,0,0,0,0,0,0,0,0,0,0,0,0,0,0,0,0,0,0,0,0,0,0,0,0,0,0
3771,  3140410,    65,     1,    67,   132,     0,   -23,     0,   -23,0,0,0,0,0,0,0,0,0,0,0,0,0,0,0,0,0,0,0,0,0,0,0,0,0,0,0,0,0,0,0,0
3772,  3141243,    66,     2,    67,   134,     0,   -23,     0,   -23,0,0,0,0,0,0,0,0,0,0,0,0,0,0,0,0,0,0,0,0,0,0,0,0,0,0,0,0,0,0,0,0
3773,  3142076,    64,     2,    68,   134,     0,   -23,    -1,   -24,0,0,0,0,0,0,0,0,0,0,0,0,0,0,0,0,0,0,0,0,0,0,0,0,0,0,0,0,0,0,0,0
3774,  3142909,    65,     2,    67,   134,     1,   -23,     0,   -21,0,0,0,0,0,0,0,0,0,0,0,0,0,0,0,0,0,0,0,0,0,0,0,0,0,0,0,0,0,0,0,0
3775,  3143742,    66,     1,    67,   134,     0,   -23,     0,   -23,0,0,0,0,0,0,0,0,0,0,0,0,0,0,0,0,0,0,0,0,0,0,0,0,0,0,0,0,0,0,0,0
3776,  3144575,    66,     1,    67,   134,     0,   -21,     0,   -21,0,0,0,0,0,0,0,0,0,0,0,0,0,0,0,0,0,0,0,0,0,0,0,0,0,0,0,0,0,0,0,0
3777,  3145408,    64,     0,    65,   128,     0,   -23,     0,   -23,0,0,0,0,0,0,0,0,0,0,0,0,0,0,0,0,0,0,0,0,0,0,0,0,0,0,0,0,0,0,0,0
3778,  3146241,    67,     0,    64,   130,     0,   -21,    -1,   -22,0,0,0,0,0,0,0,0,0,0,0,0,0,0,0,0,0,0,0,0,0,0,0,0,0,0,0,0,0,0,0,0
3779,  3147074,    66,     1,    65,   132,     0,   -23,     0,   -23,0,0,0,0,0,0,0,0,0,0,0,0,0,0,0,0,0,0,0,0,0,0,0,0,0,0,0,0,0,0,0,0
3780,  3147907,    66,     0,    65,   130,    -1,   -22,    -2,   -25,0,0,0,0,0,0,0,0,0,0,0,0,0,0,0,0,0,0,0,0,0,0,0,0,0,0,0,0,0,0,0,0
3781,  3148740,    68,     0,    65,   132,     0,   -23,    -1,   -24,0,0,0,0,0,0,0,0,0,0,0,0,0,0,0,0,0,0,0,0,0,0,0,0,0,0,0,0,0,0,0,0
3782,  3149573,    66,     0,    64,   130,    -1,   -21,     0,   -23,0,0,0,0,0,0,0,0,0,0,0,0,0,0,0,0,0,0,0,0,0,0,0,0,0,0,0,0,0,0,0,0
3783,  3150406,    66,     0,    64,   130,     0,   -23,     1,   -22,0,0,0,0,0,0,0,0,0,0,0,0,0,0,0,0,0,0,0,0,0,0,0,0,0,0,0,0,0,0,0,0
3784,  3151239,    69,     0,    64,   132,    -2,   -22,     0,   -24,0,0,0,0,0,0,0,0,0,0,0,0,0,0,0,0,0,0,0,0,0,0,0,0,0,0,0,0,0,0,0,0
3785,  3152072,    67,     1,    65,   132,     1,   -24,     0,   -23,0,0,0,0,0,0,0,0,0,0,0,0,0,0,0,0,0,0,0,0,0,0,0,0,0,0,0,0,0,0,0,0
3786,  3152905,    68,     1,    64,   132,     2,   -21,     0,   -20,0,0,0,0,0,0,0,0,0,0,0,0,0,0,0,0,0,0,0,0,0,0,0,0,0,0,0,0,0,0,0,0
3787,  3153738,    68,     0,    64,   131,     0,   -23,     0,   -23,0,0,0,0,0,0,0,0,0,0,0,0,0,0,0,0,0,0,0,0,0,0,0,0,0,0,0,0,0,0,0,0
3788,  3154571,    68,     2,    64,   133,     0,   -21,    -1,   -22,0,0,0,0,0,0,0,0,0,0,0,0,0,0,0,0,0,0,0,0,0,0,0,0,0,0,0,0,0,0,0,0
3789,  3155404,    71,     1,    63,   134,     1,   -21,    -2,   -22,0,0,0,0,0,0,0,0,0,0,0,0,0,0,0,0,0,0,0,0,0,0,0,0,0,0,0,0,0,0,0,0
3790,  3156237,    71,     1,    63,   135,    -1,   -23,     1,   -23,0,0,0,0,0,0,0,0,0,0,0,0,0,0,0,0,0,0,0,0,0,0,0,0,0,0,0,0,0,0,0,0
3791,  3157070,    69,     1,    62,   132,    -1,   -23,    -2,   -25,0,0,0,0,0,0,0,0,0,0,0,0,0,0,0,0,0,0,0,0,0,0,0,0,0,0,0,0,0,0,0,0
3792,  3157903,    69,     2,    64,   134,     1,   -23,    -1,   -24,0,0,0,0,0,0,0,0,0,0,0,0,0,0,0,0,0,0,0,0,0,0,0,0,0,0,0,0,0,0,0,0
3793,  3158736,    70,     2,    63,   135,     1,   -22,     1,   -21,0,0,0,0,0,0,0,0,0,0,0,0,0,0,0,0,0,0,0,0,0,0,0,0,0,0,0,0,0,0,0,0
3794,  3159569,    71,     1,    62,   134,    -1,   -22,    -1,   -24,0,0,0,0,0,0,0,0,0,0,0,0,0,0,0,0,0,0,0,0,0,0,0,0,0,0,0,0,0,0,0,0
3795,  3160402,    71,     2,    63,   135,     0,   -21,     0,   -21,0,0,0,0,0,0,0,0,0,0,0,0,0,0,0,0,0,0,0,0,0,0,0,0,0,0,0,0,0,0,0,0
3796,  3161235,    73,     0,    63,   135,     1,   -21,    -1,   -21,0,0,0,0,0,0,0,0,0,0,0,0,0,0,0,0,0,0,0,0,0,0,0,0,0,0,0,0,0,0,0,0
3797,  3162068,    71,     2,    61,   133,    -1,   -24,    -1,   -25,0,0,0,0,0,0,0,0,0,0,0,0,0,0,0,0,0,0,0,0,0,0,0,0,0,0,0,0,0,0,0,0
3798,  3162901,    73,     2,    62,   136,     0,   -23,    -1,   -24,0,0,0,0,0,0,0,0,0,0,0,0,0,0,0,0,0,0,0,0,0,0,0,0,0,0,0,0,0,0,0,0
3799,  3163734,    71,     0,    61,   131,     1,   -21,    -2,   -21,0,0,0,0,0,0,0,0,0,0,0,0,0,0,0,0,0,0,0,0,0,0,0,0,0,0,0,0,0,0,0,0
3800,  3164567,    72,     0,    62,   133,     0,   -23,     0,   -23,0,0,0,0,0,0,0,0,0,0,0,0,0,0,0,0,0,0,0,0,0,0,0,0,0,0,0,0,0,0,0,0
3801,  3165400,    72,     1,    61,   133,     0,   -24,     1,   -24,0,0,0,0,0,0,0,0,0,0,0,0,0,0,0,0,0,0,0,0,0,0,0,0,0,0,0,0,0,0,0,0
3802,  3166233,    73,    -1,    61,   132,     0,   -22,     0,   -23,0,0,0,0,0,0,0,0,0,0,0,0,0,0,0,0,0,0,0,0,0,0,0,0,0,0,0,0,0,0,0,0
3803,  3167066,    73,     1,    61,   134,     0,   -23,    -1,   -24,0,0,0,0,0,0,0,0,0,0,0,0,0,0,0,0,0,0,0,0,0,0,0,0,0,0,0,0,0,0,0,0
3804,  3167899,    72,     0,    60,   131,     0,   -22,    -1,   -23,0,0,0,0,0,0,0,0,0,0,0,0,0,0,0,0,0,0,0,0,0,0,0,0,0,0,0,0,0,0,0,0
3805,  3168732,    73,     2,    60,   134,     2,   -21,    -1,   -20,0,0,0,0,0,0,0,0,0,0,0,0,0,0,0,0,0,0,0,0,0,0,0,0,0,0,0,0,0,0,0,0
3806,  3169565,    74,     2,    60,   136,     1,   -23,    -1,   -23,0,0,0,0,0,0,0,0,0,0,0,0,0,0,0,0,0,0,0,0,0,0,0,0,0,0,0,0,0,0,0,0
3807,  3170398,    74,     1,    60,   135,    -1,   -22,    -1,   -24,0,0,0,0,0,0,0,0,0,0,0,0,0,0,0,0,0,0,0,0,0,0,0,0,0,0,0,0,0,0,0,0
3808,  3171231,    73,     1,    60,   134,     0,   -22,    -1,   -23,0,0,0,0,0,0,0,0,0,0,0,0,0,0,0,0,0,0,0,0,0,0,0,0,0,0,0,0,0,0,0,0
3809,  3172064,    74,     1,    59,   133,     0,   -23,    -2,   -24,0,0,0,0,0,0,0,0,0,0,0,0,0,0,0,0,0,0,0,0,0,0,0,0,0,0,0,0,0,0,0,0
3810,  3172897,    75,     0,    59,   133,     1,   -22,     1,   -21,0,0,0,0,0,0,0,0,0,0,0,0,0,0,0,0,0,0,0,0,0,0,0,0,0,0,0,0,0,0,0,0
3811,  3173730,    76,     2,    60,   137,     1,   -20,     0,   -19,0,0,0,0,0,0,0,0,0,0,0,0,0,0,0,0,0,0,0,0,0,0,0,0,0,0,0,0,0,0,0,0
3812,  3174563,    75,     2,    59,   135,     0,   -21,    -1,   -22,0,0,0,0,0,0,0,0,0,0,0,0,0,0,0,0,0,0,0,0,0,0,0,0,0,0,0,0,0,0,0,0
3813,  3175396,    75,     2,    59,   136,     0,   -21,     0,   -21,0,0,0,0,0,0,0,0,0,0,0,0,0,0,0,0,0,0,0,0,0,0,0,0,0,0,0,0,0,0,0,0
3814,  3176229,    77,     3,    60,   139,    -1,   -22,     0,   -24,0,0,0,0,0,0,0,0,0,0,0,0,0,0,0,0,0,0,0,0,0,0,0,0,0,0,0,0,0,0,0,0
3815,  3177062,    74,     1,    57,   131,     1,   -23,    -1,   -23,0,0,0,0,0,0,0,0,0,0,0,0,0,0,0,0,0,0,0,0,0,0,0,0,0,0,0,0,0,0,0,0
3816,  3177895,    77,     2,    58,   137,     0,   -23,    -1,   -24,0,0,0,0,0,0,0,0,0,0,0,0,0,0,0,0,0,0,0,0,0,0,0,0,0,0,0,0,0,0,0,0
3817,  3178728,    75,     1,    57,   132,     0,   -21,    -1,   -22,0,0,0,0,0,0,0,0,0,0,0,0,0,0,0,0,0,0,0,0,0,0,0,0,0,0,0,0,0,0,0,0
3818,  3179561,    77,     0,    57,   134,     1,   -20,     0,   -19,0,0,0,0,0,0,0,0,0,0,0,0,0,0,0,0,0,0,0,0,0,0,0,0,0,0,0,0,0,0,0,0
3819,  3180394,    77,     2,    57,   135,     0,   -21,    -1,   -23,0,0,0,0,0,0,0,0,0,0,0,0,0,0,0,0,0,0,0,0,0,0,0,0,0,0,0,0,0,0,0,0
3820,  3181227,    77,     2,    56,   134,     0,   -21,     0,   -21,0,0,0,0,0,0,0,0,0,0,0,0,0,0,0,0,0,0,0,0,0,0,0,0,0,0,0,0,0,0,0,0
3821,  3182060,    76,     2,    54,   131,     0,   -22,    -1,   -23,0,0,0,0,0,0,0,0,0,0,0,0,0,0,0,0,0,0,0,0,0,0,0,0,0,0,0,0,0,0,0,0
3822,  3182893,    76,     1,    56,   132,     1,   -20,     0,   -19,0,0,0,0,0,0,0,0,0,0,0,0,0,0,0,0,0,0,0,0,0,0,0,0,0,0,0,0,0,0,0,0
3823,  3183726,    77,     2,    57,   136,    -1,   -20,    -1,   -22,0,0,0,0,0,0,0,0,0,0,0,0,0,0,0,0,0,0,0,0,0,0,0,0,0,0,0,0,0,0,0,0
3824,  3184559,    77,     2,    57,   135,    -2,   -23,    -1,   -25,0,0,0,0,0,0,0,0,0,0,0,0,0,0,0,0,0,0,0,0,0,0,0,0,0,0,0,0,0,0,0,0
3825,  3185392,    77,     0,    57,   133,    -1,   -22,    -1,   -24,0,0,0,0,0,0,0,0,0,0,0,0,0,0,0,0,0,0,0,0,0,0,0,0,0,0,0,0,0,0,0,0
3826,  3186225,    77,     1,    57,   134,     0,   -23,     0,   -23,0,0,0,0,0,0,0,0,0,0,0,0,0,0,0,0,0,0,0,0,0,0,0,0,0,0,0,0,0,0,0,0
3827,  3187058,    76,     2,    56,   133,     2,   -21,    -1,   -20,0,0,0,0,0,0,0,0,0,0,0,0,0,0,0,0,0,0,0,0,0,0,0,0,0,0,0,0,0,0,0,0
3828,  3187891,    78,     1,    56,   134,     0,   -23,     0,   -23,0,0,0,0,0,0,0,0,0,0,0,0,0,0,0,0,0,0,0,0,0,0,0,0,0,0,0,0,0,0,0,0
3829,  3188724,    75,     1,    57,   132,     2,   -20,     1,   -18,0,0,0,0,0,0,0,0,0,0,0,0,0,0,0,0,0,0,0,0,0,0,0,0,0,0,0,0,0,0,0,0
3830,  3189557,    79,     1,    56,   135,     1,   -20,     0,   -20,0,0,0,0,0,0,0,0,0,0,0,0,0,0,0,0,0,0,0,0,0,0,0,0,0,0,0,0,0,0,0,0
3831,  3190390,    77,     1,    56,   134,     1,   -21,     0,   -21,0,0,0,0,0,0,0,0,0,0,0,0,0,0,0,0,0,0,0,0,0,0,0,0,0,0,0,0,0,0,0,0
3832,  3191223,    77,     1,    56,   133,    -2,   -21,    -1,   -23,0,0,0,0,0,0,0,0,0,0,0,0,0,0,0,0,0,0,0,0,0,0,0,0,0,0,0,0,0,0,0,0
3833,  3192056,    76,     3,    55,   133,    -1,   -21,    -1,   -23,0,0,0,0,0,0,0,0,0,0,0,0,0,0,0,0,0,0,0,0,0,0,0,0,0,0,0,0,0,0,0,0
3834,  3192889,    79,     4,    56,   138,     0,   -22,     1,   -21,0,0,0,0,0,0,0,0,0,0,0,0,0,0,0,0,0,0,0,0,0,0,0,0,0,0,0,0,0,0,0,0
3835,  3193722,    79,     2,    54,   134,     0,   -22,     0,   -22,0,0,0,0,0,0,0,0,0,0,0,0,0,0,0,0,0,0,0,0,0,0,0,0,0,0,0,0,0,0,0,0
3836,  3194555,    78,     1,    55,   133,     0,   -21,     0,   -22,0,0,0,0,0,0,0,0,0,0,0,0,0,0,0,0,0,0,0,0,0,0,0,0,0,0,0,0,0,0,0,0
3837,  3195388,    79,     0,    55,   134,     0,   -22,     0,   -22,0,0,0,0,0,0,0,0,0,0,0,0,0,0,0,0,0,0,0,0,0,0,0,0,0,0,0,0,0,0,0,0
3838,  3196221,    81,     2,    53,   135,     0,   -22,     0,   -22,0,0,0,0,0,0,0,0,0,0,0,0,0,0,0,0,0,0,0,0,0,0,0,0,0,0,0,0,0,0,0,0
3839,  3197054,    77,     3,    53,   132,     1,   -20,     1,   -18,0,0,0,0,0,0,0,0,0,0,0,0,0,0,0,0,0,0,0,0,0,0,0,0,0,0,0,0,0,0,0,0
3840,  3197887,    79,     2,    53,   133,     1,   -23,     0,   -22,0,0,0,0,0,0,0,0,0,0,0,0,0,0,0,0,0,0,0,0,0,0,0,0,0,0,0,0,0,0,0,0
3841,  3198720,    79,     2,    53,   134,     0,   -20,     0,   -21,0,0,0,0,0,0,0,0,0,0,0,0,0,0,0,0,0,0,0,0,0,0,0,0,0,0,0,0,0,0,0,0
3842,  3199553,    78,     1,    52,   130,     0,   -21,     0,   -22,0,0,0,0,0,0,0,0,0,0,0,0,0,0,0,0,0,0,0,0,0,0,0,0,0,0,0,0,0,0,0,0
3843,  3200386,    80,     2,    51,   133,    -1,   -21,    -1,   -23,0,0,0,0,0,0,0,0,0,0,0,0,0,0,0,0,0,0,0,0,0,0,0,0,0,0,0,0,0,0,0,0
3844,  3201219,    79,     2,    53,   134,     0,   -23,     1,   -22,0,0,0,0,0,0,0,0,0,0,0,0,0,0,0,0,0,0,0,0,0,0,0,0,0,0,0,0,0,0,0,0
3845,  3202052,    78,     2,    52,   132,     0,   -23,     0,   -23,0,0,0,0,0,0,0,0,0,0,0,0,0,0,0,0,0,0,0,0,0,0,0,0,0,0,0,0,0,0,0,0
3846,  3202885,    80,     1,    52,   133,     0,   -20,    -1,   -21,0,0,0,0,0,0,0,0,0,0,0,0,0,0,0,0,0,0,0,0,0,0,0,0,0,0,0,0,0,0,0,0
3847,  3203718,    80,     1,    52,   132,     0,   -23,     0,   -23,0,0,0,0,0,0,0,0,0,0,0,0,0,0,0,0,0,0,0,0,0,0,0,0,0,0,0,0,0,0,0,0
3848,  3204551,    79,    -1,    51,   128,     0,   -22,    -1,   -24,0,0,0,0,0,0,0,0,0,0,0,0,0,0,0,0,0,0,0,0,0,0,0,0,0,0,0,0,0,0,0,0
3849,  3205384,    79,     1,    51,   130,     0,   -21,     0,   -21,0,0,0,0,0,0,0,0,0,0,0,0,0,0,0,0,0,0,0,0,0,0,0,0,0,0,0,0,0,0,0,0
3850,  3206217,    78,     2,    51,   130,     0,   -21,    -1,   -22,0,0,0,0,0,0,0,0,0,0,0,0,0,0,0,0,0,0,0,0,0,0,0,0,0,0,0,0,0,0,0,0
3851,  3207050,    79,     1,    52,   131,     0,   -22,     0,   -22,0,0,0,0,0,0,0,0,0,0,0,0,0,0,0,0,0,0,0,0,0,0,0,0,0,0,0,0,0,0,0,0
3852,  3207883,    79,     1,    52,   132,     1,   -20,     1,   -17,0,0,0,0,0,0,0,0,0,0,0,0,0,0,0,0,0,0,0,0,0,0,0,0,0,0,0,0,0,0,0,0
3853,  3208716,    78,     1,    50,   129,     0,   -21,     0,   -22,0,0,0,0,0,0,0,0,0,0,0,0,0,0,0,0,0,0,0,0,0,0,0,0,0,0,0,0,0,0,0,0
3854,  3209549,    78,     2,    50,   129,     0,   -22,     1,   -21,0,0,0,0,0,0,0,0,0,0,0,0,0,0,0,0,0,0,0,0,0,0,0,0,0,0,0,0,0,0,0,0
3855,  3210382,    79,     2,    51,   131,     0,   -22,     0,   -22,0,0,0,0,0,0,0,0,0,0,0,0,0,0,0,0,0,0,0,0,0,0,0,0,0,0,0,0,0,0,0,0
3856,  3211215,    81,     1,    50,   132,     0,   -21,    -1,   -23,0,0,0,0,0,0,0,0,0,0,0,0,0,0,0,0,0,0,0,0,0,0,0,0,0,0,0,0,0,0,0,0
3857,  3212048,    79,     0,    51,   129,     0,   -21,     0,   -21,0,0,0,0,0,0,0,0,0,0,0,0,0,0,0,0,0,0,0,0,0,0,0,0,0,0,0,0,0,0,0,0
3858,  3212881,    79,     1,    49,   128,     1,   -22,     0,   -21,0,0,0,0,0,0,0,0,0,0,0,0,0,0,0,0,0,0,0,0,0,0,0,0,0,0,0,0,0,0,0,0
3859,  3213714,    79,     1,    49,   128,     1,   -23,    -1,   -23,0,0,0,0,0,0,0,0,0,0,0,0,0,0,0,0,0,0,0,0,0,0,0,0,0,0,0,0,0,0,0,0
3860,  3214547,    78,     1,    50,   129,    -2,   -22,     0,   -24,0,0,0,0,0,0,0,0,0,0,0,0,0,0,0,0,0,0,0,0,0,0,0,0,0,0,0,0,0,0,0,0
3861,  3215380,    79,     1,    48,   127,    -1,   -22,     0,   -23,0,0,0,0,0,0,0,0,0,0,0,0,0,0,0,0,0,0,0,0,0,0,0,0,0,0,0,0,0,0,0,0
3862,  3216213,    81,     2,    48,   130,     0,   -21,     0,   -21,0,0,0,0,0,0,0,0,0,0,0,0,0,0,0,0,0,0,0,0,0,0,0,0,0,0,0,0,0,0,0,0
3863,  3217046,    79,     1,    49,   128,     0,   -21,     0,   -21,0,0,0,0,0,0,0,0,0,0,0,0,0,0,0,0,0,0,0,0,0,0,0,0,0,0,0,0,0,0,0,0
3864,  3217879,    80,     1,    48,   128,     0,   -23,    -1,   -24,0,0,0,0,0,0,0,0,0,0,0,0,0,0,0,0,0,0,0,0,0,0,0,0,0,0,0,0,0,0,0,0
3865,  3218712,    81,     1,    48,   130,     0,   -21,     0,   -21,0,0,0,0,0,0,0,0,0,0,0,0,0,0,0,0,0,0,0,0,0,0,0,0,0,0,0,0,0,0,0,0
3866,  3219545,    79,     1,    48,   127,     1,   -22,    -1,   -22,0,0,0,0,0,0,0,0,0,0,0,0,0,0,0,0,0,0,0,0,0,0,0,0,0,0,0,0,0,0,0,0
3867,  3220378,    80,     2,    48,   130,     0,   -21,     0,   -21,0,0,0,0,0,0,0,0,0,0,0,0,0,0,0,0,0,0,0,0,0,0,0,0,0,0,0,0,0,0,0,0
3868,  3221211,    80,     2,    48,   130,     0,   -22,     1,   -21,0,0,0,0,0,0,0,0,0,0,0,0,0,0,0,0,0,0,0,0,0,0,0,0,0,0,0,0,0,0,0,0
3869,  3222044,    81,     2,    47,   129,     0,   -22,    -1,   -24,0,0,0,0,0,0,0,0,0,0,0,0,0,0,0,0,0,0,0,0,0,0,0,0,0,0,0,0,0,0,0,0
3870,  3222877,    78,     2,    47,   127,     0,   -21,    -1,   -22,0,0,0,0,0,0,0,0,0,0,0,0,0,0,0,0,0,0,0,0,0,0,0,0,0,0,0,0,0,0,0,0
3871,  3223710,    80,     1,    49,   129,     1,   -21,     0,   -21,0,0,0,0,0,0,0,0,0,0,0,0,0,0,0,0,0,0,0,0,0,0,0,0,0,0,0,0,0,0,0,0
3872,  3224543,    80,     0,    47,   126,     2,   -22,     0,   -20,0,0,0,0,0,0,0,0,0,0,0,0,0,0,0,0,0,0,0,0,0,0,0,0,0,0,0,0,0,0,0,0
3873,  3225376,    79,     1,    46,   126,    -1,   -20,     0,   -21,0,0,0,0,0,0,0,0,0,0,0,0,0,0,0,0,0,0,0,0,0,0,0,0,0,0,0,0,0,0,0,0
3874,  3226209,    79,     2,    47,   127,     0,   -21,     0,   -22,0,0,0,0,0,0,0,0,0,0,0,0,0,0,0,0,0,0,0,0,0,0,0,0,0,0,0,0,0,0,0,0
3875,  3227042,    80,     1,    46,   127,     0,   -22,    -1,   -23,0,0,0,0,0,0,0,0,0,0,0,0,0,0,0,0,0,0,0,0,0,0,0,0,0,0,0,0,0,0,0,0
3876,  3227875,    81,     0,    46,   126,     0,   -22,    -1,   -22,0,0,0,0,0,0,0,0,0,0,0,0,0,0,0,0,0,0,0,0,0,0,0,0,0,0,0,0,0,0,0,0
3877,  3228708,    78,     1,    46,   125,     0,   -21,     0,   -20,0,0,0,0,0,0,0,0,0,0,0,0,0,0,0,0,0,0,0,0,0,0,0,0,0,0,0,0,0,0,0,0
3878,  3229541,    81,     1,    46,   128,     0,   -20,    -1,   -21,0,0,0,0,0,0,0,0,0,0,0,0,0,0,0,0,0,0,0,0,0,0,0,0,0,0,0,0,0,0,0,0
3879,  3230374,    81,     1,    47,   128,    -1,   -21,     0,   -22,0,0,0,0,0,0,0,0,0,0,0,0,0,0,0,0,0,0,0,0,0,0,0,0,0,0,0,0,0,0,0,0
3880,  3231207,    80,     0,    45,   124,     0,   -21,     0,   -21,0,0,0,0,0,0,0,0,0,0,0,0,0,0,0,0,0,0,0,0,0,0,0,0,0,0,0,0,0,0,0,0
3881,  3232040,    82,     2,    46,   130,     2,   -20,     0,   -19,0,0,0,0,0,0,0,0,0,0,0,0,0,0,0,0,0,0,0,0,0,0,0,0,0,0,0,0,0,0,0,0
3882,  3232873,    80,     0,    45,   124,    -1,   -22,     0,   -23,0,0,0,0,0,0,0,0,0,0,0,0,0,0,0,0,0,0,0,0,0,0,0,0,0,0,0,0,0,0,0,0
3883,  3233706,    80,     2,    46,   127,     1,   -20,    -1,   -20,0,0,0,0,0,0,0,0,0,0,0,0,0,0,0,0,0,0,0,0,0,0,0,0,0,0,0,0,0,0,0,0
3884,  3234539,    79,     0,    44,   122,     0,   -22,     0,   -22,0,0,0,0,0,0,0,0,0,0,0,0,0,0,0,0,0,0,0,0,0,0,0,0,0,0,0,0,0,0,0,0
3885,  3235372,    80,     1,    44,   125,     0,   -20,    -1,   -21,0,0,0,0,0,0,0,0,0,0,0,0,0,0,0,0,0,0,0,0,0,0,0,0,0,0,0,0,0,0,0,0
3886,  3236205,    80,     1,    44,   125,     1,   -20,     0,   -19,0,0,0,0,0,0,0,0,0,0,0,0,0,0,0,0,0,0,0,0,0,0,0,0,0,0,0,0,0,0,0,0
3887,  3237038,    80,     0,    44,   123,     2,   -21,     0,   -19,0,0,0,0,0,0,0,0,0,0,0,0,0,0,0,0,0,0,0,0,0,0,0,0,0,0,0,0,0,0,0,0
3888,  3237871,    80,     0,    44,   123,     0,   -20,     0,   -20,0,0,0,0,0,0,0,0,0,0,0,0,0,0,0,0,0,0,0,0,0,0,0,0,0,0,0,0,0,0,0,0
3889,  3238704,    82,     1,    44,   126,     0,   -20,    -1,   -22,0,0,0,0,0,0,0,0,0,0,0,0,0,0,0,0,0,0,0,0,0,0,0,0,0,0,0,0,0,0,0,0
3890,  3239537,    81,     1,    42,   123,     1,   -21,    -1,   -21,0,0,0,0,0,0,0,0,0,0,0,0,0,0,0,0,0,0,0,0,0,0,0,0,0,0,0,0,0,0,0,0
3891,  3240370,    81,     0,    43,   123,     0,   -21,     0,   -21,0,0,0,0,0,0,0,0,0,0,0,0,0,0,0,0,0,0,0,0,0,0,0,0,0,0,0,0,0,0,0,0
3892,  3241203,    80,     2,    43,   125,     0,   -21,     0,   -21,0,0,0,0,0,0,0,0,0,0,0,0,0,0,0,0,0,0,0,0,0,0,0,0,0,0,0,0,0,0,0,0
3893,  3242036,    81,     1,    43,   124,     1,   -22,     0,   -21,0,0,0,0,0,0,0,0,0,0,0,0,0,0,0,0,0,0,0,0,0,0,0,0,0,0,0,0,0,0,0,0
3894,  3242869,    80,     0,    43,   122,     1,   -20,    -1,   -20,0,0,0,0,0,0,0,0,0,0,0,0,0,0,0,0,0,0,0,0,0,0,0,0,0,0,0,0,0,0,0,0
3895,  3243702,    78,     0,    43,   120,     0,   -22,     0,   -22,0,0,0,0,0,0,0,0,0,0,0,0,0,0,0,0,0,0,0,0,0,0,0,0,0,0,0,0,0,0,0,0
3896,  3244535,    78,     2,    42,   121,     0,   -23,    -1,   -24,0,0,0,0,0,0,0,0,0,0,0,0,0,0,0,0,0,0,0,0,0,0,0,0,0,0,0,0,0,0,0,0
3897,  3245368,    80,     2,    43,   124,    -1,   -21,     0,   -22,0,0,0,0,0,0,0,0,0,0,0,0,0,0,0,0,0,0,0,0,0,0,0,0,0,0,0,0,0,0,0,0
3898,  3246201,    80,     1,    44,   124,     1,   -20,     0,   -20,0,0,0,0,0,0,0,0,0,0,0,0,0,0,0,0,0,0,0,0,0,0,0,0,0,0,0,0,0,0,0,0
3899,  3247034,    80,     0,    42,   121,    -2,   -21,     0,   -23,0,0,0,0,0,0,0,0,0,0,0,0,0,0,0,0,0,0,0,0,0,0,0,0,0,0,0,0,0,0,0,0
3900,  3247867,    78,    -2,    44,   119,    -2,   -21,    -1,   -23,0,0,0,0,0,0,0,0,0,0,0,0,0,0,0,0,0,0,0,0,0,0,0,0,0,0,0,0,0,0,0,0
3901,  3248700,    77,     1,    42,   119,     1,   -21,    -1,   -21,0,0,0,0,0,0,0,0,0,0,0,0,0,0,0,0,0,0,0,0,0,0,0,0,0,0,0,0,0,0,0,0
3902,  3249533,    80,     1,    42,   123,    -1,   -23,     0,   -24,0,0,0,0,0,0,0,0,0,0,0,0,0,0,0,0,0,0,0,0,0,0,0,0,0,0,0,0,0,0,0,0
3903,  3250366,    79,    -1,    41,   119,     1,   -20,     0,   -20,0,0,0,0,0,0,0,0,0,0,0,0,0,0,0,0,0,0,0,0,0,0,0,0,0,0,0,0,0,0,0,0
3904,  3251199,    79,     2,    41,   121,     1,   -19,     0,   -19,0,0,0,0,0,0,0,0,0,0,0,0,0,0,0,0,0,0,0,0,0,0,0,0,0,0,0,0,0,0,0,0
3905,  3252032,    80,     3,    41,   123,    -1,   -21,     0,   -22,0,0,0,0,0,0,0,0,0,0,0,0,0,0,0,0,0,0,0,0,0,0,0,0,0,0,0,0,0,0,0,0
3906,  3252865,    80,     1,    41,   121,     0,   -20,    -1,   -22,0,0,0,0,0,0,0,0,0,0,0,0,0,0,0,0,0,0,0,0,0,0,0,0,0,0,0,0,0,0,0,0
3907,  3253698,    78,     2,    40,   119,     0,   -22,     0,   -23,0,0,0,0,0,0,0,0,0,0,0,0,0,0,0,0,0,0,0,0,0,0,0,0,0,0,0,0,0,0,0,0
3908,  3254531,    80,     1,    39,   119,     1,   -20,     0,   -20,0,0,0,0,0,0,0,0,0,0,0,0,0,0,0,0,0,0,0,0,0,0,0,0,0,0,0,0,0,0,0,0
3909,  3255364,    78,     0,    42,   120,     0,   -22,    -1,   -23,0,0,0,0,0,0,0,0,0,0,0,0,0,0,0,0,0,0,0,0,0,0,0,0,0,0,0,0,0,0,0,0
3910,  3256197,    80,     1,    39,   119,     0,   -21,     1,   -20,0,0,0,0,0,0,0,0,0,0,0,0,0,0,0,0,0,0,0,0,0,0,0,0,0,0,0,0,0,0,0,0
3911,  3257030,    79,     1,    39,   118,     1,   -22,     0,   -20,0,0,0,0,0,0,0,0,0,0,0,0,0,0,0,0,0,0,0,0,0,0,0,0,0,0,0,0,0,0,0,0
3912,  3257863,    81,     1,    40,   121,     0,   -20,    -1,   -21,0,0,0,0,0,0,0,0,0,0,0,0,0,0,0,0,0,0,0,0,0,0,0,0,0,0,0,0,0,0,0,0
3913,  3258696,    79,     1,    39,   118,     0,   -21,    -1,   -23,0,0,0,0,0,0,0,0,0,0,0,0,0,0,0,0,0,0,0,0,0,0,0,0,0,0,0,0,0,0,0,0
3914,  3259529,    80,     1,    40,   121,     0,   -20,     0,   -20,0,0,0,0,0,0,0,0,0,0,0,0,0,0,0,0,0,0,0,0,0,0,0,0,0,0,0,0,0,0,0,0
3915,  3260362,    79,     1,    39,   118,     0,   -21,    -1,   -22,0,0,0,0,0,0,0,0,0,0,0,0,0,0,0,0,0,0,0,0,0,0,0,0,0,0,0,0,0,0,0,0
3916,  3261195,    79,     1,    38,   118,     0,   -21,     0,   -20,0,0,0,0,0,0,0,0,0,0,0,0,0,0,0,0,0,0,0,0,0,0,0,0,0,0,0,0,0,0,0,0
3917,  3262028,    80,     3,    37,   119,     0,   -23,    -1,   -24,0,0,0,0,0,0,0,0,0,0,0,0,0,0,0,0,0,0,0,0,0,0,0,0,0,0,0,0,0,0,0,0
3918,  3262861,    77,     2,    38,   116,     2,   -20,    -1,   -20,0,0,0,0,0,0,0,0,0,0,0,0,0,0,0,0,0,0,0,0,0,0,0,0,0,0,0,0,0,0,0,0
3919,  3263694,    79,     1,    38,   117,    -1,   -21,    -2,   -23,0,0,0,0,0,0,0,0,0,0,0,0,0,0,0,0,0,0,0,0,0,0,0,0,0,0,0,0,0,0,0,0
3920,  3264527,    78,     1,    38,   117,     0,   -21,    -1,   -22,0,0,0,0,0,0,0,0,0,0,0,0,0,0,0,0,0,0,0,0,0,0,0,0,0,0,0,0,0,0,0,0
3921,  3265360,    79,     2,    38,   118,     1,   -19,    -1,   -19,0,0,0,0,0,0,0,0,0,0,0,0,0,0,0,0,0,0,0,0,0,0,0,0,0,0,0,0,0,0,0,0
3922,  3266193,    80,     3,    38,   121,     0,   -20,     1,   -20,0,0,0,0,0,0,0,0,0,0,0,0,0,0,0,0,0,0,0,0,0,0,0,0,0,0,0,0,0,0,0,0
3923,  3267026,    78,     0,    37,   114,    -1,   -20,     1,   -21,0,0,0,0,0,0,0,0,0,0,0,0,0,0,0,0,0,0,0,0,0,0,0,0,0,0,0,0,0,0,0,0
3924,  3267859,    77,     1,    37,   114,    -1,   -20,    -1,   -21,0,0,0,0,0,0,0,0,0,0,0,0,0,0,0,0,0,0,0,0,0,0,0,0,0,0,0,0,0,0,0,0
3925,  3268692,    79,     0,    37,   116,     0,   -21,    -1,   -22,0,0,0,0,0,0,0,0,0,0,0,0,0,0,0,0,0,0,0,0,0,0,0,0,0,0,0,0,0,0,0,0
3926,  3269525,    79,     0,    38,   116,     1,   -20,     0,   -19,0,0,0,0,0,0,0,0,0,0,0,0,0,0,0,0,0,0,0,0,0,0,0,0,0,0,0,0,0,0,0,0
3927,  3270358,    78,     1,    38,   116,     1,   -20,     1,   -17,0,0,0,0,0,0,0,0,0,0,0,0,0,0,0,0,0,0,0,0,0,0,0,0,0,0,0,0,0,0,0,0
3928,  3271191,    78,     0,    37,   114,     2,   -20,     0,   -18,0,0,0,0,0,0,0,0,0,0,0,0,0,0,0,0,0,0,0,0,0,0,0,0,0,0,0,0,0,0,0,0
3929,  3272024,    78,     2,    35,   114,    -2,   -20,    -1,   -22,0,0,0,0,0,0,0,0,0,0,0,0,0,0,0,0,0,0,0,0,0,0,0,0,0,0,0,0,0,0,0,0
3930,  3272857,    77,     1,    35,   112,     1,   -20,     1,   -18,0,0,0,0,0,0,0,0,0,0,0,0,0,0,0,0,0,0,0,0,0,0,0,0,0,0,0,0,0,0,0,0
3931,  3273690,    80,     1,    36,   116,     0,   -20,    -1,   -22,0,0,0,0,0,0,0,0,0,0,0,0,0,0,0,0,0,0,0,0,0,0,0,0,0,0,0,0,0,0,0,0
3932,  3274523,    77,     1,    36,   113,     0,   -20,     0,   -21,0,0,0,0,0,0,0,0,0,0,0,0,0,0,0,0,0,0,0,0,0,0,0,0,0,0,0,0,0,0,0,0
3933,  3275356,    78,     0,    35,   112,     1,   -22,     1,   -19,0,0,0,0,0,0,0,0,0,0,0,0,0,0,0,0,0,0,0,0,0,0,0,0,0,0,0,0,0,0,0,0
3934,  3276189,    79,     1,    35,   115,     1,   -20,    -1,   -21,0,0,0,0,0,0,0,0,0,0,0,0,0,0,0,0,0,0,0,0,0,0,0,0,0,0,0,0,0,0,0,0
3935,  3277022,    76,     2,    34,   111,     0,   -20,    -1,   -22,0,0,0,0,0,0,0,0,0,0,0,0,0,0,0,0,0,0,0,0,0,0,0,0,0,0,0,0,0,0,0,0
3936,  3277855,    77,     2,    34,   112,     1,   -21,     1,   -20,0,0,0,0,0,0,0,0,0,0,0,0,0,0,0,0,0,0,0,0,0,0,0,0,0,0,0,0,0,0,0,0
3937,  3278688,    78,     1,    34,   113,    -1,   -20,     0,   -22,0,0,0,0,0,0,0,0,0,0,0,0,0,0,0,0,0,0,0,0,0,0,0,0,0,0,0,0,0,0,0,0
3938,  3279521,    77,     2,    34,   113,     1,   -20,     1,   -18,0,0,0,0,0,0,0,0,0,0,0,0,0,0,0,0,0,0,0,0,0,0,0,0,0,0,0,0,0,0,0,0
3939,  3280354,    77,     0,    33,   109,     0,   -19,     0,   -19,0,0,0,0,0,0,0,0,0,0,0,0,0,0,0,0,0,0,0,0,0,0,0,0,0,0,0,0,0,0,0,0
3940,  3281187,    77,     4,    34,   114,     0,   -21,    -1,   -23,0,0,0,0,0,0,0,0,0,0,0,0,0,0,0,0,0,0,0,0,0,0,0,0,0,0,0,0,0,0,0,0
3941,  3282020,    76,     3,    35,   114,     0,   -20,    -1,   -22,0,0,0,0,0,0,0,0,0,0,0,0,0,0,0,0,0,0,0,0,0,0,0,0,0,0,0,0,0,0,0,0
3942,  3282853,    75,     2,    33,   109,     2,   -21,     0,   -20,0,0,0,0,0,0,0,0,0,0,0,0,0,0,0,0,0,0,0,0,0,0,0,0,0,0,0,0,0,0,0,0
3943,  3283686,    77,     1,    33,   110,    -1,   -22,     0,   -24,0,0,0,0,0,0,0,0,0,0,0,0,0,0,0,0,0,0,0,0,0,0,0,0,0,0,0,0,0,0,0,0
3944,  3284519,    76,     0,    34,   109,     0,   -20,     0,   -20,0,0,0,0,0,0,0,0,0,0,0,0,0,0,0,0,0,0,0,0,0,0,0,0,0,0,0,0,0,0,0,0
3945,  3285352,    78,     1,    32,   110,     0,   -20,     0,   -20,0,0,0,0,0,0,0,0,0,0,0,0,0,0,0,0,0,0,0,0,0,0,0,0,0,0,0,0,0,0,0,0
3946,  3286185,    77,     0,    34,   110,     0,   -21,     0,   -21,0,0,0,0,0,0,0,0,0,0,0,0,0,0,0,0,0,0,0,0,0,0,0,0,0,0,0,0,0,0,0,0
3947,  3287018,    76,    -1,    33,   107,     0,   -21,     1,   -20,0,0,0,0,0,0,0,0,0,0,0,0,0,0,0,0,0,0,0,0,0,0,0,0,0,0,0,0,0,0,0,0
3948,  3287851,    76,     1,    34,   110,     2,   -20,     0,   -18,0,0,0,0,0,0,0,0,0,0,0,0,0,0,0,0,0,0,0,0,0,0,0,0,0,0,0,0,0,0,0,0
3949,  3288684,    76,     1,    33,   109,    -1,   -20,    -1,   -22,0,0,0,0,0,0,0,0,0,0,0,0,0,0,0,0,0,0,0,0,0,0,0,0,0,0,0,0,0,0,0,0
3950,  3289517,    74,     2,    31,   106,     0,   -21,    -1,   -22,0,0,0,0,0,0,0,0,0,0,0,0,0,0,0,0,0,0,0,0,0,0,0,0,0,0,0,0,0,0,0,0
3951,  3290350,    76,     2,    32,   110,     0,   -22,     0,   -21,0,0,0,0,0,0,0,0,0,0,0,0,0,0,0,0,0,0,0,0,0,0,0,0,0,0,0,0,0,0,0,0
3952,  3291183,    73,     1,    32,   105,     0,   -20,     1,   -20,0,0,0,0,0,0,0,0,0,0,0,0,0,0,0,0,0,0,0,0,0,0,0,0,0,0,0,0,0,0,0,0
3953,  3292016,    75,     1,    32,   108,     1,   -19,     0,   -18,0,0,0,0,0,0,0,0,0,0,0,0,0,0,0,0,0,0,0,0,0,0,0,0,0,0,0,0,0,0,0,0
3954,  3292849,    74,     0,    31,   105,     0,   -20,     0,   -21,0,0,0,0,0,0,0,0,0,0,0,0,0,0,0,0,0,0,0,0,0,0,0,0,0,0,0,0,0,0,0,0
3955,  3293682,    76,     2,    31,   108,    -1,   -21,    -1,   -22,0,0,0,0,0,0,0,0,0,0,0,0,0,0,0,0,0,0,0,0,0,0,0,0,0,0,0,0,0,0,0,0
3956,  3294515,    76,     2,    31,   108,     0,   -19,    -2,   -21,0,0,0,0,0,0,0,0,0,0,0,0,0,0,0,0,0,0,0,0,0,0,0,0,0,0,0,0,0,0,0,0
3957,  3295348,    77,     3,    30,   109,     0,   -20,    -1,   -22,0,0,0,0,0,0,0,0,0,0,0,0,0,0,0,0,0,0,0,0,0,0,0,0,0,0,0,0,0,0,0,0
3958,  3296181,    74,     1,    31,   105,     0,   -20,     0,   -20,0,0,0,0,0,0,0,0,0,0,0,0,0,0,0,0,0,0,0,0,0,0,0,0,0,0,0,0,0,0,0,0
3959,  3297014,    75,     1,    31,   106,    -2,   -19,     0,   -21,0,0,0,0,0,0,0,0,0,0,0,0,0,0,0,0,0,0,0,0,0,0,0,0,0,0,0,0,0,0,0,0
3960,  3297847,    74,     2,    29,   104,    -1,   -22,    -1,   -23,0,0,0,0,0,0,0,0,0,0,0,0,0,0,0,0,0,0,0,0,0,0,0,0,0,0,0,0,0,0,0,0
3961,  3298680,    75,     2,    30,   107,     1,   -20,     0,   -19,0,0,0,0,0,0,0,0,0,0,0,0,0,0,0,0,0,0,0,0,0,0,0,0,0,0,0,0,0,0,0,0
3962,  3299513,    76,     0,    31,   107,     0,   -21,    -1,   -22,0,0,0,0,0,0,0,0,0,0,0,0,0,0,0,0,0,0,0,0,0,0,0,0,0,0,0,0,0,0,0,0
3963,  3300346,    75,     3,    30,   107,    -1,   -21,     2,   -19,0,0,0,0,0,0,0,0,0,0,0,0,0,0,0,0,0,0,0,0,0,0,0,0,0,0,0,0,0,0,0,0
3964,  3301179,    75,     2,    29,   105,     1,   -20,     0,   -19,0,0,0,0,0,0,0,0,0,0,0,0,0,0,0,0,0,0,0,0,0,0,0,0,0,0,0,0,0,0,0,0
3965,  3302012,    74,     5,    30,   109,     0,   -20,     0,   -20,0,0,0,0,0,0,0,0,0,0,0,0,0,0,0,0,0,0,0,0,0,0,0,0,0,0,0,0,0,0,0,0
3966,  3302845,    75,     0,    28,   103,     1,   -20,    -1,   -20,0,0,0,0,0,0,0,0,0,0,0,0,0,0,0,0,0,0,0,0,0,0,0,0,0,0,0,0,0,0,0,0
3967,  3303678,    74,     2,    28,   103,     0,   -21,     0,   -21,0,0,0,0,0,0,0,0,0,0,0,0,0,0,0,0,0,0,0,0,0,0,0,0,0,0,0,0,0,0,0,0
3968,  3304511,    75,     0,    29,   104,     1,   -20,     0,   -20,0,0,0,0,0,0,0,0,0,0,0,0,0,0,0,0,0,0,0,0,0,0,0,0,0,0,0,0,0,0,0,0
3969,  3305344,    74,     1,    29,   104,     0,   -20,    -1,   -21,0,0,0,0,0,0,0,0,0,0,0,0,0,0,0,0,0,0,0,0,0,0,0,0,0,0,0,0,0,0,0,0
3970,  3306177,    75,     2,    30,   107,     1,   -20,     0,   -19,0,0,0,0,0,0,0,0,0,0,0,0,0,0,0,0,0,0,0,0,0,0,0,0,0,0,0,0,0,0,0,0
3971,  3307010,    73,     2,    28,   102,     0,   -20,    -1,   -22,0,0,0,0,0,0,0,0,0,0,0,0,0,0,0,0,0,0,0,0,0,0,0,0,0,0,0,0,0,0,0,0
3972,  3307843,    74,     1,    28,   103,     0,   -21,     0,   -22,0,0,0,0,0,0,0,0,0,0,0,0,0,0,0,0,0,0,0,0,0,0,0,0,0,0,0,0,0,0,0,0
3973,  3308676,    73,     1,    27,   101,     1,   -20,    -1,   -21,0,0,0,0,0,0,0,0,0,0,0,0,0,0,0,0,0,0,0,0,0,0,0,0,0,0,0,0,0,0,0,0
3974,  3309509,    75,     2,    27,   103,     0,   -19,     0,   -19,0,0,0,0,0,0,0,0,0,0,0,0,0,0,0,0,0,0,0,0,0,0,0,0,0,0,0,0,0,0,0,0
3975,  3310342,    73,     2,    28,   102,    -2,   -20,     0,   -21,0,0,0,0,0,0,0,0,0,0,0,0,0,0,0,0,0,0,0,0,0,0,0,0,0,0,0,0,0,0,0,0
3976,  3311175,    73,     2,    28,   102,     0,   -21,    -1,   -22,0,0,0,0,0,0,0,0,0,0,0,0,0,0,0,0,0,0,0,0,0,0,0,0,0,0,0,0,0,0,0,0
3977,  3312008,    72,     2,    28,   102,     1,   -20,    -1,   -20,0,0,0,0,0,0,0,0,0,0,0,0,0,0,0,0,0,0,0,0,0,0,0,0,0,0,0,0,0,0,0,0
3978,  3312841,    73,     1,    26,    99,     0,   -20,     0,   -20,0,0,0,0,0,0,0,0,0,0,0,0,0,0,0,0,0,0,0,0,0,0,0,0,0,0,0,0,0,0,0,0
3979,  3313674,    72,     2,    27,   101,     0,   -20,     0,   -20,0,0,0,0,0,0,0,0,0,0,0,0,0,0,0,0,0,0,0,0,0,0,0,0,0,0,0,0,0,0,0,0
3980,  3314507,    73,     2,    26,   101,     0,   -21,    -2,   -22,0,0,0,0,0,0,0,0,0,0,0,0,0,0,0,0,0,0,0,0,0,0,0,0,0,0,0,0,0,0,0,0
3981,  3315340,    73,     2,    25,    99,     0,   -20,     0,   -21,0,0,0,0,0,0,0,0,0,0,0,0,0,0,0,0,0,0,0,0,0,0,0,0,0,0,0,0,0,0,0,0
3982,  3316173,    73,     4,    26,   103,     1,   -19,    -1,   -19,0,0,0,0,0,0,0,0,0,0,0,0,0,0,0,0,0,0,0,0,0,0,0,0,0,0,0,0,0,0,0,0
3983,  3317006,    71,     1,    24,    96,     1,   -20,    -1,   -20,0,0,0,0,0,0,0,0,0,0,0,0,0,0,0,0,0,0,0,0,0,0,0,0,0,0,0,0,0,0,0,0
3984,  3317839,    72,     2,    25,    99,     0,   -20,     0,   -21,0,0,0,0,0,0,0,0,0,0,0,0,0,0,0,0,0,0,0,0,0,0,0,0,0,0,0,0,0,0,0,0
3985,  3318672,    73,     2,    25,    99,     0,   -21,     0,   -21,0,0,0,0,0,0,0,0,0,0,0,0,0,0,0,0,0,0,0,0,0,0,0,0,0,0,0,0,0,0,0,0
3986,  3319505,    72,     1,    24,    96,     1,   -22,     0,   -21,0,0,0,0,0,0,0,0,0,0,0,0,0,0,0,0,0,0,0,0,0,0,0,0,0,0,0,0,0,0,0,0
3987,  3320338,    74,     0,    25,    98,     1,   -19,     0,   -19,0,0,0,0,0,0,0,0,0,0,0,0,0,0,0,0,0,0,0,0,0,0,0,0,0,0,0,0,0,0,0,0
3988,  3321171,    73,     2,    25,    99,    -1,   -20,     0,   -20,0,0,0,0,0,0,0,0,0,0,0,0,0,0,0,0,0,0,0,0,0,0,0,0,0,0,0,0,0,0,0,0
3989,  3322004,    73,     2,    25,    99,     0,   -20,     0,   -20,0,0,0,0,0,0,0,0,0,0,0,0,0,0,0,0,0,0,0,0,0,0,0,0,0,0,0,0,0,0,0,0
3990,  3322837,    72,     1,    25,    97,    -2,   -21,    -2,   -24,0,0,0,0,0,0,0,0,0,0,0,0,0,0,0,0,0,0,0,0,0,0,0,0,0,0,0,0,0,0,0,0
3991,  3323670,    71,     2,    24,    96,     1,   -20,    -1,   -20,0,0,0,0,0,0,0,0,0,0,0,0,0,0,0,0,0,0,0,0,0,0,0,0,0,0,0,0,0,0,0,0
3992,  3324503,    71,     1,    24,    96,    -1,   -20,    -1,   -22,0,0,0,0,0,0,0,0,0,0,0,0,0,0,0,0,0,0,0,0,0,0,0,0,0,0,0,0,0,0,0,0
3993,  3325336,    71,     2,    25,    98,     1,   -19,    -1,   -19,0,0,0,0,0,0,0,0,0,0,0,0,0,0,0,0,0,0,0,0,0,0,0,0,0,0,0,0,0,0,0,0
3994,  3326169,    70,     0,    25,    95,    -1,   -19,    -1,   -20,0,0,0,0,0,0,0,0,0,0,0,0,0,0,0,0,0,0,0,0,0,0,0,0,0,0,0,0,0,0,0,0
3995,  3327002,    72,     2,    24,    97,     1,   -20,     0,   -19,0,0,0,0,0,0,0,0,0,0,0,0,0,0,0,0,0,0,0,0,0,0,0,0,0,0,0,0,0,0,0,0
3996,  3327835,    71,     2,    24,    96,     1,   -20,    -1,   -20,0,0,0,0,0,0,0,0,0,0,0,0,0,0,0,0,0,0,0,0,0,0,0,0,0,0,0,0,0,0,0,0
3997,  3328668,    70,     2,    24,    95,     0,   -20,     0,   -21,0,0,0,0,0,0,0,0,0,0,0,0,0,0,0,0,0,0,0,0,0,0,0,0,0,0,0,0,0,0,0,0
3998,  3329501,    70,     3,    23,    96,     0,   -19,     1,   -19,0,0,0,0,0,0,0,0,0,0,0,0,0,0,0,0,0,0,0,0,0,0,0,0,0,0,0,0,0,0,0,0
3999,  3330334,    69,     2,    23,    94,     0,   -20,     0,   -21,0,0,0,0,0,0,0,0,0,0,0,0,0,0,0,0,0,0,0,0,0,0,0,0,0,0,0,0,0,0,0,0
4000,  3331167,    71,     1,    22,    93,     0,   -20,     1,   -19,0,0,0,0,0,0,0,0,0,0,0,0,0,0,0,0,0,0,0,0,0,0,0,0,0,0,0,0,0,0,0,0
4001,  3332000,    70,     0,    24,    93,    -1,   -21,     1,   -21,0,0,0,0,0,0,0,0,0,0,0,0,0,0,0,0,0,0,0,0,0,0,0,0,0,0,0,0,0,0,0,0
4002,  3332833,    69,     1,    23,    92,    -2,   -21,     0,   -23,0,0,0,0,0,0,0,0,0,0,0,0,0,0,0,0,0,0,0,0,0,0,0,0,0,0,0,0,0,0,0,0
4003,  3333666,    69,     1,    22,    92,     0,   -21,    -1,   -22,0,0,0,0,0,0,0,0,0,0,0,0,0,0,0,0,0,0,0,0,0,0,0,0,0,0,0,0,0,0,0,0
4004,  3334499,    70,     1,    21,    92,     2,   -18,    -1,   -18,0,0,0,0,0,0,0,0,0,0,0,0,0,0,0,0,0,0,0,0,0,0,0,0,0,0,0,0,0,0,0,0
4005,  3335332,    72,     0,    22,    93,     0,   -20,    -1,   -22,0,0,0,0,0,0,0,0,0,0,0,0,0,0,0,0,0,0,0,0,0,0,0,0,0,0,0,0,0,0,0,0
4006,  3336165,    68,     2,    22,    91,     0,   -19,    -1,   -21,0,0,0,0,0,0,0,0,0,0,0,0,0,0,0,0,0,0,0,0,0,0,0,0,0,0,0,0,0,0,0,0
4007,  3336998,    69,     4,    22,    95,     1,   -20,     0,   -19,0,0,0,0,0,0,0,0,0,0,0,0,0,0,0,0,0,0,0,0,0,0,0,0,0,0,0,0,0,0,0,0
4008,  3337831,    71,     0,    22,    93,     1,   -19,     0,   -19,0,0,0,0,0,0,0,0,0,0,0,0,0,0,0,0,0,0,0,0,0,0,0,0,0,0,0,0,0,0,0,0
4009,  3338664,    69,     2,    22,    93,    -1,   -20,    -1,   -21,0,0,0,0,0,0,0,0,0,0,0,0,0,0,0,0,0,0,0,0,0,0,0,0,0,0,0,0,0,0,0,0
4010,  3339497,    67,     1,    21,    88,     2,   -19,    -1,   -18,0,0,0,0,0,0,0,0,0,0,0,0,0,0,0,0,0,0,0,0,0,0,0,0,0,0,0,0,0,0,0,0
4011,  3340330,    69,     2,    20,    91,     2,   -19,     0,   -17,0,0,0,0,0,0,0,0,0,0,0,0,0,0,0,0,0,0,0,0,0,0,0,0,0,0,0,0,0,0,0,0
4012,  3341163,    67,     2,    21,    90,     0,   -20,     1,   -20,0,0,0,0,0,0,0,0,0,0,0,0,0,0,0,0,0,0,0,0,0,0,0,0,0,0,0,0,0,0,0,0
4013,  3341996,    68,     1,    21,    89,     0,   -20,     0,   -20,0,0,0,0,0,0,0,0,0,0,0,0,0,0,0,0,0,0,0,0,0,0,0,0,0,0,0,0,0,0,0,0
4014,  3342829,    67,     0,    20,    87,    -2,   -20,    -1,   -22,0,0,0,0,0,0,0,0,0,0,0,0,0,0,0,0,0,0,0,0,0,0,0,0,0,0,0,0,0,0,0,0
4015,  3343662,    71,     1,    20,    91,     1,   -18,     0,   -18,0,0,0,0,0,0,0,0,0,0,0,0,0,0,0,0,0,0,0,0,0,0,0,0,0,0,0,0,0,0,0,0
4016,  3344495,    68,     1,    21,    90,     0,   -19,    -1,   -20,0,0,0,0,0,0,0,0,0,0,0,0,0,0,0,0,0,0,0,0,0,0,0,0,0,0,0,0,0,0,0,0
4017,  3345328,    68,     0,    19,    86,     0,   -20,     1,   -19,0,0,0,0,0,0,0,0,0,0,0,0,0,0,0,0,0,0,0,0,0,0,0,0,0,0,0,0,0,0,0,0
4018,  3346161,    67,     1,    19,    86,     1,   -20,    -1,   -21,0,0,0,0,0,0,0,0,0,0,0,0,0,0,0,0,0,0,0,0,0,0,0,0,0,0,0,0,0,0,0,0
4019,  3346994,    68,     1,    20,    88,     1,   -21,     0,   -19,0,0,0,0,0,0,0,0,0,0,0,0,0,0,0,0,0,0,0,0,0,0,0,0,0,0,0,0,0,0,0,0
4020,  3347827,    67,     0,    19,    86,     0,   -20,     0,   -20,0,0,0,0,0,0,0,0,0,0,0,0,0,0,0,0,0,0,0,0,0,0,0,0,0,0,0,0,0,0,0,0
4021,  3348660,    68,     2,    20,    90,     0,   -20,     0,   -19,0,0,0,0,0,0,0,0,0,0,0,0,0,0,0,0,0,0,0,0,0,0,0,0,0,0,0,0,0,0,0,0
4022,  3349493,    66,     1,    20,    87,     1,   -18,     1,   -16,0,0,0,0,0,0,0,0,0,0,0,0,0,0,0,0,0,0,0,0,0,0,0,0,0,0,0,0,0,0,0,0
4023,  3350326,    67,     0,    18,    85,     0,   -20,    -1,   -22,0,0,0,0,0,0,0,0,0,0,0,0,0,0,0,0,0,0,0,0,0,0,0,0,0,0,0,0,0,0,0,0
4024,  3351159,    66,     1,    20,    87,     0,   -20,    -1,   -21,0,0,0,0,0,0,0,0,0,0,0,0,0,0,0,0,0,0,0,0,0,0,0,0,0,0,0,0,0,0,0,0
4025,  3351992,    66,     1,    19,    85,     1,   -18,     1,   -17,0,0,0,0,0,0,0,0,0,0,0,0,0,0,0,0,0,0,0,0,0,0,0,0,0,0,0,0,0,0,0,0
4026,  3352825,    66,     1,    21,    87,     0,   -19,     0,   -18,0,0,0,0,0,0,0,0,0,0,0,0,0,0,0,0,0,0,0,0,0,0,0,0,0,0,0,0,0,0,0,0
4027,  3353658,    65,     0,    18,    82,    -1,   -21,     0,   -22,0,0,0,0,0,0,0,0,0,0,0,0,0,0,0,0,0,0,0,0,0,0,0,0,0,0,0,0,0,0,0,0
4028,  3354491,    66,     1,    17,    84,    -1,   -20,    -1,   -22,0,0,0,0,0,0,0,0,0,0,0,0,0,0,0,0,0,0,0,0,0,0,0,0,0,0,0,0,0,0,0,0
4029,  3355324,    66,     3,    18,    87,     0,   -21,    -1,   -22,0,0,0,0,0,0,0,0,0,0,0,0,0,0,0,0,0,0,0,0,0,0,0,0,0,0,0,0,0,0,0,0
4030,  3356157,    66,     2,    17,    85,    -1,   -20,     0,   -21,0,0,0,0,0,0,0,0,0,0,0,0,0,0,0,0,0,0,0,0,0,0,0,0,0,0,0,0,0,0,0,0
4031,  3356990,    65,     1,    17,    83,     0,   -19,     1,   -19,0,0,0,0,0,0,0,0,0,0,0,0,0,0,0,0,0,0,0,0,0,0,0,0,0,0,0,0,0,0,0,0
4032,  3357823,    65,     1,    16,    81,     0,   -20,     1,   -19,0,0,0,0,0,0,0,0,0,0,0,0,0,0,0,0,0,0,0,0,0,0,0,0,0,0,0,0,0,0,0,0
4033,  3358656,    67,     0,    17,    84,     0,   -20,    -1,   -22,0,0,0,0,0,0,0,0,0,0,0,0,0,0,0,0,0,0,0,0,0,0,0,0,0,0,0,0,0,0,0,0
4034,  3359489,    66,     3,    17,    86,    -1,   -20,     0,   -22,0,0,0,0,0,0,0,0,0,0,0,0,0,0,0,0,0,0,0,0,0,0,0,0,0,0,0,0,0,0,0,0
4035,  3360322,    65,     3,    17,    85,    -1,   -19,    -1,   -21,0,0,0,0,0,0,0,0,0,0,0,0,0,0,0,0,0,0,0,0,0,0,0,0,0,0,0,0,0,0,0,0
4036,  3361155,    65,     2,    16,    83,    -1,   -20,     0,   -21,0,0,0,0,0,0,0,0,0,0,0,0,0,0,0,0,0,0,0,0,0,0,0,0,0,0,0,0,0,0,0,0
4037,  3361988,    69,    -1,    18,    86,     0,   -20,     0,   -20,0,0,0,0,0,0,0,0,0,0,0,0,0,0,0,0,0,0,0,0,0,0,0,0,0,0,0,0,0,0,0,0
4038,  3362821,    65,     1,    16,    82,     0,   -21,     0,   -22,0,0,0,0,0,0,0,0,0,0,0,0,0,0,0,0,0,0,0,0,0,0,0,0,0,0,0,0,0,0,0,0
4039,  3363654,    65,     0,    16,    81,     0,   -21,    -1,   -22,0,0,0,0,0,0,0,0,0,0,0,0,0,0,0,0,0,0,0,0,0,0,0,0,0,0,0,0,0,0,0,0
4040,  3364487,    65,     1,    16,    82,     0,   -20,     1,   -19,0,0,0,0,0,0,0,0,0,0,0,0,0,0,0,0,0,0,0,0,0,0,0,0,0,0,0,0,0,0,0,0
4041,  3365320,    66,     2,    15,    82,     0,   -19,    -1,   -20,0,0,0,0,0,0,0,0,0,0,0,0,0,0,0,0,0,0,0,0,0,0,0,0,0,0,0,0,0,0,0,0
4042,  3366153,    64,     0,    15,    79,    -2,   -21,    -1,   -24,0,0,0,0,0,0,0,0,0,0,0,0,0,0,0,0,0,0,0,0,0,0,0,0,0,0,0,0,0,0,0,0
4043,  3366986,    64,    -1,    15,    77,     1,   -20,     0,   -20,0,0,0,0,0,0,0,0,0,0,0,0,0,0,0,0,0,0,0,0,0,0,0,0,0,0,0,0,0,0,0,0
4044,  3367819,    64,     1,    16,    81,     1,   -21,    -1,   -21,0,0,0,0,0,0,0,0,0,0,0,0,0,0,0,0,0,0,0,0,0,0,0,0,0,0,0,0,0,0,0,0
4045,  3368652,    64,     0,    15,    78,     1,   -20,    -1,   -20,0,0,0,0,0,0,0,0,0,0,0,0,0,0,0,0,0,0,0,0,0,0,0,0,0,0,0,0,0,0,0,0
4046,  3369485,    63,     1,    14,    78,     1,   -19,    -1,   -19,0,0,0,0,0,0,0,0,0,0,0,0,0,0,0,0,0,0,0,0,0,0,0,0,0,0,0,0,0,0,0,0
4047,  3370318,    64,    -1,    16,    79,     1,   -19,     0,   -18,0,0,0,0,0,0,0,0,0,0,0,0,0,0,0,0,0,0,0,0,0,0,0,0,0,0,0,0,0,0,0,0
4048,  3371151,    65,     2,    15,    81,    -1,   -19,    -1,   -21,0,0,0,0,0,0,0,0,0,0,0,0,0,0,0,0,0,0,0,0,0,0,0,0,0,0,0,0,0,0,0,0
4049,  3371984,    64,     1,    17,    81,     0,   -19,     0,   -19,0,0,0,0,0,0,0,0,0,0,0,0,0,0,0,0,0,0,0,0,0,0,0,0,0,0,0,0,0,0,0,0
4050,  3372817,    63,     1,    14,    78,     1,   -19,     0,   -18,0,0,0,0,0,0,0,0,0,0,0,0,0,0,0,0,0,0,0,0,0,0,0,0,0,0,0,0,0,0,0,0
4051,  3373650,    63,     2,    14,    79,     0,   -20,     0,   -20,0,0,0,0,0,0,0,0,0,0,0,0,0,0,0,0,0,0,0,0,0,0,0,0,0,0,0,0,0,0,0,0
4052,  3374483,    63,     1,    13,    77,    -1,   -18,     0,   -19,0,0,0,0,0,0,0,0,0,0,0,0,0,0,0,0,0,0,0,0,0,0,0,0,0,0,0,0,0,0,0,0
4053,  3375316,    63,     2,    13,    78,     0,   -20,    -2,   -21,0,0,0,0,0,0,0,0,0,0,0,0,0,0,0,0,0,0,0,0,0,0,0,0,0,0,0,0,0,0,0,0
4054,  3376149,    64,     1,    14,    79,     0,   -20,     0,   -20,0,0,0,0,0,0,0,0,0,0,0,0,0,0,0,0,0,0,0,0,0,0,0,0,0,0,0,0,0,0,0,0
4055,  3376982,    64,     2,    13,    78,    -1,   -20,    -2,   -23,0,0,0,0,0,0,0,0,0,0,0,0,0,0,0,0,0,0,0,0,0,0,0,0,0,0,0,0,0,0,0,0
4056,  3377815,    62,     4,    14,    80,     1,   -20,     0,   -19,0,0,0,0,0,0,0,0,0,0,0,0,0,0,0,0,0,0,0,0,0,0,0,0,0,0,0,0,0,0,0,0
4057,  3378648,    63,     1,    12,    76,    -1,   -20,     0,   -21,0,0,0,0,0,0,0,0,0,0,0,0,0,0,0,0,0,0,0,0,0,0,0,0,0,0,0,0,0,0,0,0
4058,  3379481,    62,     2,    12,    76,     0,   -20,     0,   -20,0,0,0,0,0,0,0,0,0,0,0,0,0,0,0,0,0,0,0,0,0,0,0,0,0,0,0,0,0,0,0,0
4059,  3380314,    62,     4,    14,    79,     2,   -19,     0,   -17,0,0,0,0,0,0,0,0,0,0,0,0,0,0,0,0,0,0,0,0,0,0,0,0,0,0,0,0,0,0,0,0
4060,  3381147,    61,     0,    12,    73,     1,   -19,     0,   -18,0,0,0,0,0,0,0,0,0,0,0,0,0,0,0,0,0,0,0,0,0,0,0,0,0,0,0,0,0,0,0,0
4061,  3381980,    61,     1,    13,    75,     1,   -19,     0,   -17,0,0,0,0,0,0,0,0,0,0,0,0,0,0,0,0,0,0,0,0,0,0,0,0,0,0,0,0,0,0,0,0
4062,  3382813,    61,     1,    13,    74,    -1,   -19,     0,   -20,0,0,0,0,0,0,0,0,0,0,0,0,0,0,0,0,0,0,0,0,0,0,0,0,0,0,0,0,0,0,0,0
4063,  3383646,    62,     1,    12,    75,     1,   -19,    -1,   -18,0,0,0,0,0,0,0,0,0,0,0,0,0,0,0,0,0,0,0,0,0,0,0,0,0,0,0,0,0,0,0,0
4064,  3384479,    61,     0,    13,    74,    -1,   -20,    -1,   -22,0,0,0,0,0,0,0,0,0,0,0,0,0,0,0,0,0,0,0,0,0,0,0,0,0,0,0,0,0,0,0,0
4065,  3385312,    63,     2,    11,    76,    -1,   -20,     0,   -20,0,0,0,0,0,0,0,0,0,0,0,0,0,0,0,0,0,0,0,0,0,0,0,0,0,0,0,0,0,0,0,0
4066,  3386145,    60,     0,    11,    70,     0,   -19,    -1,   -21,0,0,0,0,0,0,0,0,0,0,0,0,0,0,0,0,0,0,0,0,0,0,0,0,0,0,0,0,0,0,0,0
4067,  3386978,    61,     0,    11,    72,     0,   -20,     1,   -20,0,0,0,0,0,0,0,0,0,0,0,0,0,0,0,0,0,0,0,0,0,0,0,0,0,0,0,0,0,0,0,0
4068,  3387811,    61,    -1,    10,    70,     0,   -20,     1,   -19,0,0,0,0,0,0,0,0,0,0,0,0,0,0,0,0,0,0,0,0,0,0,0,0,0,0,0,0,0,0,0,0
4069,  3388644,    60,     2,    11,    73,     0,   -19,    -2,   -21,0,0,0,0,0,0,0,0,0,0,0,0,0,0,0,0,0,0,0,0,0,0,0,0,0,0,0,0,0,0,0,0
4070,  3389477,    60,     0,    12,    71,     0,   -20,    -1,   -21,0,0,0,0,0,0,0,0,0,0,0,0,0,0,0,0,0,0,0,0,0,0,0,0,0,0,0,0,0,0,0,0
4071,  3390310,    60,     1,    11,    71,     0,   -21,     0,   -21,0,0,0,0,0,0,0,0,0,0,0,0,0,0,0,0,0,0,0,0,0,0,0,0,0,0,0,0,0,0,0,0
4072,  3391143,    60,     0,    10,    70,    -1,   -19,    -2,   -21,0,0,0,0,0,0,0,0,0,0,0,0,0,0,0,0,0,0,0,0,0,0,0,0,0,0,0,0,0,0,0,0
4073,  3391976,    60,     1,    11,    72,     0,   -19,    -1,   -20,0,0,0,0,0,0,0,0,0,0,0,0,0,0,0,0,0,0,0,0,0,0,0,0,0,0,0,0,0,0,0,0
4074,  3392809,    60,     2,    10,    71,     0,   -18,     0,   -18,0,0,0,0,0,0,0,0,0,0,0,0,0,0,0,0,0,0,0,0,0,0,0,0,0,0,0,0,0,0,0,0
4075,  3393642,    61,     1,    10,    71,     0,   -21,    -1,   -22,0,0,0,0,0,0,0,0,0,0,0,0,0,0,0,0,0,0,0,0,0,0,0,0,0,0,0,0,0,0,0,0
4076,  3394475,    60,     1,     9,    70,     0,   -19,    -1,   -20,0,0,0,0,0,0,0,0,0,0,0,0,0,0,0,0,0,0,0,0,0,0,0,0,0,0,0,0,0,0,0,0
4077,  3395308,    59,     1,     9,    69,     0,   -20,     0,   -20,0,0,0,0,0,0,0,0,0,0,0,0,0,0,0,0,0,0,0,0,0,0,0,0,0,0,0,0,0,0,0,0
4078,  3396141,    62,     1,     9,    71,     0,   -21,    -1,   -21,0,0,0,0,0,0,0,0,0,0,0,0,0,0,0,0,0,0,0,0,0,0,0,0,0,0,0,0,0,0,0,0
4079,  3396974,    59,     0,    10,    69,     0,   -20,     0,   -19,0,0,0,0,0,0,0,0,0,0,0,0,0,0,0,0,0,0,0,0,0,0,0,0,0,0,0,0,0,0,0,0
4080,  3397807,    60,     1,     9,    70,     0,   -19,    -1,   -20,0,0,0,0,0,0,0,0,0,0,0,0,0,0,0,0,0,0,0,0,0,0,0,0,0,0,0,0,0,0,0,0
4081,  3398640,    59,     1,    11,    71,     1,   -19,     0,   -18,0,0,0,0,0,0,0,0,0,0,0,0,0,0,0,0,0,0,0,0,0,0,0,0,0,0,0,0,0,0,0,0
4082,  3399473,    61,     4,     8,    72,     0,   -20,    -1,   -21,0,0,0,0,0,0,0,0,0,0,0,0,0,0,0,0,0,0,0,0,0,0,0,0,0,0,0,0,0,0,0,0
4083,  3400306,    59,     1,     7,    67,     0,   -18,     0,   -18,0,0,0,0,0,0,0,0,0,0,0,0,0,0,0,0,0,0,0,0,0,0,0,0,0,0,0,0,0,0,0,0
4084,  3401139,    60,     3,     9,    72,    -1,   -19,     0,   -20,0,0,0,0,0,0,0,0,0,0,0,0,0,0,0,0,0,0,0,0,0,0,0,0,0,0,0,0,0,0,0,0
4085,  3401972,    61,     1,     8,    70,     0,   -20,     0,   -20,0,0,0,0,0,0,0,0,0,0,0,0,0,0,0,0,0,0,0,0,0,0,0,0,0,0,0,0,0,0,0,0
4086,  3402805,    59,     2,     8,    68,     0,   -21,     0,   -20,0,0,0,0,0,0,0,0,0,0,0,0,0,0,0,0,0,0,0,0,0,0,0,0,0,0,0,0,0,0,0,0
4087,  3403638,    59,     1,     7,    67,    -1,   -20,     0,   -21,0,0,0,0,0,0,0,0,0,0,0,0,0,0,0,0,0,0,0,0,0,0,0,0,0,0,0,0,0,0,0,0
4088,  3404471,    59,     0,     8,    66,    -2,   -20,     1,   -21,0,0,0,0,0,0,0,0,0,0,0,0,0,0,0,0,0,0,0,0,0,0,0,0,0,0,0,0,0,0,0,0
4089,  3405304,    57,     2,     9,    67,    -2,   -21,    -1,   -24,0,0,0,0,0,0,0,0,0,0,0,0,0,0,0,0,0,0,0,0,0,0,0,0,0,0,0,0,0,0,0,0
4090,  3406137,    58,     1,     8,    66,    -1,   -19,     0,   -20,0,0,0,0,0,0,0,0,0,0,0,0,0,0,0,0,0,0,0,0,0,0,0,0,0,0,0,0,0,0,0,0
4091,  3406970,    58,     2,     8,    68,     0,   -20,    -1,   -21,0,0,0,0,0,0,0,0,0,0,0,0,0,0,0,0,0,0,0,0,0,0,0,0,0,0,0,0,0,0,0,0
4092,  3407803,    59,     2,     9,    70,     1,   -21,    -2,   -22,0,0,0,0,0,0,0,0,0,0,0,0,0,0,0,0,0,0,0,0,0,0,0,0,0,0,0,0,0,0,0,0
4093,  3408636,    58,     1,     6,    65,     0,   -20,    -1,   -21,0,0,0,0,0,0,0,0,0,0,0,0,0,0,0,0,0,0,0,0,0,0,0,0,0,0,0,0,0,0,0,0
4094,  3409469,    57,     1,     8,    66,    -1,   -20,    -1,   -22,0,0,0,0,0,0,0,0,0,0,0,0,0,0,0,0,0,0,0,0,0,0,0,0,0,0,0,0,0,0,0,0
4095,  3410302,    56,     0,     7,    62,     0,   -20,    -1,   -21,0,0,0,0,0,0,0,0,0,0,0,0,0,0,0,0,0,0,0,0,0,0,0,0,0,0,0,0,0,0,0,0
4096,  3411135,    57,     0,     7,    63,     0,   -20,    -1,   -21,0,0,0,0,0,0,0,0,0,0,0,0,0,0,0,0,0,0,0,0,0,0,0,0,0,0,0,0,0,0,0,0
4097,  3411968,    56,    -1,     5,    60,     1,   -19,    -1,   -20,0,0,0,0,0,0,0,0,0,0,0,0,0,0,0,0,0,0,0,0,0,0,0,0,0,0,0,0,0,0,0,0
4098,  3412801,    57,     0,     6,    63,     0,   -19,     0,   -20,0,0,0,0,0,0,0,0,0,0,0,0,0,0,0,0,0,0,0,0,0,0,0,0,0,0,0,0,0,0,0,0
4099,  3413634,    56,     1,     7,    64,    -1,   -19,     0,   -20,0,0,0,0,0,0,0,0,0,0,0,0,0,0,0,0,0,0,0,0,0,0,0,0,0,0,0,0,0,0,0,0
4100,  3414467,    57,     1,     6,    63,     0,   -18,     0,   -19,0,0,0,0,0,0,0,0,0,0,0,0,0,0,0,0,0,0,0,0,0,0,0,0,0,0,0,0,0,0,0,0
4101,  3415300,    57,     2,     6,    65,     1,   -18,    -2,   -19,0,0,0,0,0,0,0,0,0,0,0,0,0,0,0,0,0,0,0,0,0,0,0,0,0,0,0,0,0,0,0,0
4102,  3416133,    57,     2,     6,    65,     1,   -20,     1,   -19,0,0,0,0,0,0,0,0,0,0,0,0,0,0,0,0,0,0,0,0,0,0,0,0,0,0,0,0,0,0,0,0
4103,  3416966,    56,     1,     4,    61,     0,   -20,    -1,   -21,0,0,0,0,0,0,0,0,0,0,0,0,0,0,0,0,0,0,0,0,0,0,0,0,0,0,0,0,0,0,0,0
4104,  3417799,    56,     3,     3,    61,     0,   -20,    -1,   -21,0,0,0,0,0,0,0,0,0,0,0,0,0,0,0,0,0,0,0,0,0,0,0,0,0,0,0,0,0,0,0,0
4105,  3418632,    55,     1,     4,    59,     0,   -19,    -1,   -21,0,0,0,0,0,0,0,0,0,0,0,0,0,0,0,0,0,0,0,0,0,0,0,0,0,0,0,0,0,0,0,0
4106,  3419465,    56,     0,     3,    58,    -1,   -19,     0,   -21,0,0,0,0,0,0,0,0,0,0,0,0,0,0,0,0,0,0,0,0,0,0,0,0,0,0,0,0,0,0,0,0
4107,  3420298,    58,     2,     4,    63,     0,   -20,    -1,   -21,0,0,0,0,0,0,0,0,0,0,0,0,0,0,0,0,0,0,0,0,0,0,0,0,0,0,0,0,0,0,0,0
4108,  3421131,    56,     0,     5,    61,     0,   -19,     0,   -19,0,0,0,0,0,0,0,0,0,0,0,0,0,0,0,0,0,0,0,0,0,0,0,0,0,0,0,0,0,0,0,0
4109,  3421964,    55,     1,     5,    60,    -1,   -18,     0,   -20,0,0,0,0,0,0,0,0,0,0,0,0,0,0,0,0,0,0,0,0,0,0,0,0,0,0,0,0,0,0,0,0
4110,  3422797,    55,     2,     5,    61,     0,   -18,     0,   -18,0,0,0,0,0,0,0,0,0,0,0,0,0,0,0,0,0,0,0,0,0,0,0,0,0,0,0,0,0,0,0,0
4111,  3423630,    53,     0,     4,    56,     1,   -20,    -1,   -20,0,0,0,0,0,0,0,0,0,0,0,0,0,0,0,0,0,0,0,0,0,0,0,0,0,0,0,0,0,0,0,0
4112,  3424463,    55,     1,     4,    59,     0,   -17,     0,   -18,0,0,0,0,0,0,0,0,0,0,0,0,0,0,0,0,0,0,0,0,0,0,0,0,0,0,0,0,0,0,0,0
4113,  3425296,    54,     2,     5,    61,    -1,   -19,     0,   -21,0,0,0,0,0,0,0,0,0,0,0,0,0,0,0,0,0,0,0,0,0,0,0,0,0,0,0,0,0,0,0,0
4114,  3426129,    54,     2,     4,    60,     1,   -19,     0,   -18,0,0,0,0,0,0,0,0,0,0,0,0,0,0,0,0,0,0,0,0,0,0,0,0,0,0,0,0,0,0,0,0
4115,  3426962,    54,     1,     3,    57,     0,   -19,     0,   -19,0,0,0,0,0,0,0,0,0,0,0,0,0,0,0,0,0,0,0,0,0,0,0,0,0,0,0,0,0,0,0,0
4116,  3427795,    54,     2,     4,    59,     0,   -20,    -1,   -21,0,0,0,0,0,0,0,0,0,0,0,0,0,0,0,0,0,0,0,0,0,0,0,0,0,0,0,0,0,0,0,0
4117,  3428628,    53,     1,     3,    57,     1,   -21,     0,   -21,0,0,0,0,0,0,0,0,0,0,0,0,0,0,0,0,0,0,0,0,0,0,0,0,0,0,0,0,0,0,0,0
4118,  3429461,    53,    -1,     2,    53,     0,   -20,    -2,   -22,0,0,0,0,0,0,0,0,0,0,0,0,0,0,0,0,0,0,0,0,0,0,0,0,0,0,0,0,0,0,0,0
4119,  3430294,    52,     1,     2,    55,    -1,   -17,    -1,   -18,0,0,0,0,0,0,0,0,0,0,0,0,0,0,0,0,0,0,0,0,0,0,0,0,0,0,0,0,0,0,0,0
4120,  3431127,    53,     2,     3,    58,    -2,   -19,     0,   -21,0,0,0,0,0,0,0,0,0,0,0,0,0,0,0,0,0,0,0,0,0,0,0,0,0,0,0,0,0,0,0,0
4121,  3431960,    54,     2,     2,    58,     1,   -19,    -1,   -19,0,0,0,0,0,0,0,0,0,0,0,0,0,0,0,0,0,0,0,0,0,0,0,0,0,0,0,0,0,0,0,0
4122,  3432793,    53,     0,     3,    56,     1,   -20,     0,   -18,0,0,0,0,0,0,0,0,0,0,0,0,0,0,0,0,0,0,0,0,0,0,0,0,0,0,0,0,0,0,0,0
4123,  3433626,    52,     3,     1,    56,     1,   -18,     0,   -18,0,0,0,0,0,0,0,0,0,0,0,0,0,0,0,0,0,0,0,0,0,0,0,0,0,0,0,0,0,0,0,0
4124,  3434459,    53,     1,     1,    55,     2,   -19,     0,   -18,0,0,0,0,0,0,0,0,0,0,0,0,0,0,0,0,0,0,0,0,0,0,0,0,0,0,0,0,0,0,0,0
4125,  3435292,    53,     2,     2,    56,    -1,   -20,     0,   -20,0,0,0,0,0,0,0,0,0,0,0,0,0,0,0,0,0,0,0,0,0,0,0,0,0,0,0,0,0,0,0,0
4126,  3436125,    53,     1,     1,    54,     2,   -19,     0,   -17,0,0,0,0,0,0,0,0,0,0,0,0,0,0,0,0,0,0,0,0,0,0,0,0,0,0,0,0,0,0,0,0
4127,  3436958,    50,     2,     1,    53,     1,   -18,    -1,   -19,0,0,0,0,0,0,0,0,0,0,0,0,0,0,0,0,0,0,0,0,0,0,0,0,0,0,0,0,0,0,0,0
4128,  3437791,    52,     2,     1,    54,     2,   -18,    -1,   -17,0,0,0,0,0,0,0,0,0,0,0,0,0,0,0,0,0,0,0,0,0,0,0,0,0,0,0,0,0,0,0,0
4129,  3438624,    53,     3,     1,    57,     0,   -18,    -1,   -19,0,0,0,0,0,0,0,0,0,0,0,0,0,0,0,0,0,0,0,0,0,0,0,0,0,0,0,0,0,0,0,0
4130,  3439457,    52,     0,     2,    54,     0,   -19,     1,   -18,0,0,0,0,0,0,0,0,0,0,0,0,0,0,0,0,0,0,0,0,0,0,0,0,0,0,0,0,0,0,0,0
4131,  3440290,    53,     0,     2,    55,     0,   -19,    -1,   -20,0,0,0,0,0,0,0,0,0,0,0,0,0,0,0,0,0,0,0,0,0,0,0,0,0,0,0,0,0,0,0,0
4132,  3441123,    52,     1,     1,    54,     0,   -19,    -2,   -21,0,0,0,0,0,0,0,0,0,0,0,0,0,0,0,0,0,0,0,0,0,0,0,0,0,0,0,0,0,0,0,0
4133,  3441956,    53,     2,     0,    54,    -1,   -19,    -1,   -21,0,0,0,0,0,0,0,0,0,0,0,0,0,0,0,0,0,0,0,0,0,0,0,0,0,0,0,0,0,0,0,0
4134,  3442789,    51,     1,    -1,    51,     0,   -20,    -1,   -21,0,0,0,0,0,0,0,0,0,0,0,0,0,0,0,0,0,0,0,0,0,0,0,0,0,0,0,0,0,0,0,0
4135,  3443622,    53,    -1,     1,    52,     0,   -19,    -1,   -20,0,0,0,0,0,0,0,0,0,0,0,0,0,0,0,0,0,0,0,0,0,0,0,0,0,0,0,0,0,0,0,0
4136,  3444455,    51,     0,     0,    51,     2,   -19,     0,   -18,0,0,0,0,0,0,0,0,0,0,0,0,0,0,0,0,0,0,0,0,0,0,0,0,0,0,0,0,0,0,0,0
4137,  3445288,    51,    -1,     1,    50,     1,   -18,     0,   -17,0,0,0,0,0,0,0,0,0,0,0,0,0,0,0,0,0,0,0,0,0,0,0,0,0,0,0,0,0,0,0,0
4138,  3446121,    51,     1,     0,    52,     1,   -19,    -2,   -20,0,0,0,0,0,0,0,0,0,0,0,0,0,0,0,0,0,0,0,0,0,0,0,0,0,0,0,0,0,0,0,0
4139,  3446954,    51,     1,     0,    51,     0,   -20,     0,   -19,0,0,0,0,0,0,0,0,0,0,0,0,0,0,0,0,0,0,0,0,0,0,0,0,0,0,0,0,0,0,0,0
4140,  3447787,    50,     2,    -1,    50,     1,   -18,     0,   -17,0,0,0,0,0,0,0,0,0,0,0,0,0,0,0,0,0,0,0,0,0,0,0,0,0,0,0,0,0,0,0,0
4141,  3448620,    53,     1,     0,    53,     0,   -19,    -1,   -21,0,0,0,0,0,0,0,0,0,0,0,0,0,0,0,0,0,0,0,0,0,0,0,0,0,0,0,0,0,0,0,0
4142,  3449453,    51,     0,     0,    50,    -1,   -19,    -1,   -21,0,0,0,0,0,0,0,0,0,0,0,0,0,0,0,0,0,0,0,0,0,0,0,0,0,0,0,0,0,0,0,0
4143,  3450286,    50,     0,    -1,    49,     0,   -19,     0,   -20,0,0,0,0,0,0,0,0,0,0,0,0,0,0,0,0,0,0,0,0,0,0,0,0,0,0,0,0,0,0,0,0
4144,  3451119,    51,     1,    -1,    51,    -1,   -18,     0,   -19,0,0,0,0,0,0,0,0,0,0,0,0,0,0,0,0,0,0,0,0,0,0,0,0,0,0,0,0,0,0,0,0
4145,  3451952,    49,     1,     0,    50,    -1,   -19,     0,   -19,0,0,0,0,0,0,0,0,0,0,0,0,0,0,0,0,0,0,0,0,0,0,0,0,0,0,0,0,0,0,0,0
4146,  3452785,    50,     2,    -2,    49,     0,   -20,    -1,   -21,0,0,0,0,0,0,0,0,0,0,0,0,0,0,0,0,0,0,0,0,0,0,0,0,0,0,0,0,0,0,0,0
4147,  3453618,    51,     2,    -1,    52,     0,   -18,     0,   -19,0,0,0,0,0,0,0,0,0,0,0,0,0,0,0,0,0,0,0,0,0,0,0,0,0,0,0,0,0,0,0,0
4148,  3454451,    52,     1,    -1,    52,     1,   -18,    -1,   -18,0,0,0,0,0,0,0,0,0,0,0,0,0,0,0,0,0,0,0,0,0,0,0,0,0,0,0,0,0,0,0,0
4149,  3455284,    52,     1,    -3,    49,     0,   -19,     1,   -18,0,0,0,0,0,0,0,0,0,0,0,0,0,0,0,0,0,0,0,0,0,0,0,0,0,0,0,0,0,0,0,0
4150,  3456117,    51,     1,    -2,    49,     1,   -19,    -2,   -21,0,0,0,0,0,0,0,0,0,0,0,0,0,0,0,0,0,0,0,0,0,0,0,0,0,0,0,0,0,0,0,0
4151,  3456950,    50,     2,    -2,    49,     1,   -19,    -1,   -19,0,0,0,0,0,0,0,0,0,0,0,0,0,0,0,0,0,0,0,0,0,0,0,0,0,0,0,0,0,0,0,0
4152,  3457783,    50,     2,    -3,    49,    -1,   -19,     0,   -20,0,0,0,0,0,0,0,0,0,0,0,0,0,0,0,0,0,0,0,0,0,0,0,0,0,0,0,0,0,0,0,0
4153,  3458616,    49,     1,    -2,    47,     2,   -18,     0,   -17,0,0,0,0,0,0,0,0,0,0,0,0,0,0,0,0,0,0,0,0,0,0,0,0,0,0,0,0,0,0,0,0
4154,  3459449,    48,     1,    -2,    47,     0,   -19,    -1,   -20,0,0,0,0,0,0,0,0,0,0,0,0,0,0,0,0,0,0,0,0,0,0,0,0,0,0,0,0,0,0,0,0
4155,  3460282,    51,     2,    -3,    50,    -1,   -19,    -2,   -22,0,0,0,0,0,0,0,0,0,0,0,0,0,0,0,0,0,0,0,0,0,0,0,0,0,0,0,0,0,0,0,0
4156,  3461115,    48,     2,    -2,    47,    -1,   -20,     0,   -21,0,0,0,0,0,0,0,0,0,0,0,0,0,0,0,0,0,0,0,0,0,0,0,0,0,0,0,0,0,0,0,0
4157,  3461948,    48,     1,    -3,    46,     0,   -19,    -1,   -20,0,0,0,0,0,0,0,0,0,0,0,0,0,0,0,0,0,0,0,0,0,0,0,0,0,0,0,0,0,0,0,0
4158,  3462781,    49,     0,    -3,    46,     0,   -19,    -1,   -21,0,0,0,0,0,0,0,0,0,0,0,0,0,0,0,0,0,0,0,0,0,0,0,0,0,0,0,0,0,0,0,0
4159,  3463614,    48,     3,    -3,    48,    -1,   -19,     0,   -20,0,0,0,0,0,0,0,0,0,0,0,0,0,0,0,0,0,0,0,0,0,0,0,0,0,0,0,0,0,0,0,0
4160,  3464447,    48,     2,    -3,    47,     0,   -19,     0,   -19,0,0,0,0,0,0,0,0,0,0,0,0,0,0,0,0,0,0,0,0,0,0,0,0,0,0,0,0,0,0,0,0
4161,  3465280,    48,     1,    -3,    46,    -1,   -19,     0,   -20,0,0,0,0,0,0,0,0,0,0,0,0,0,0,0,0,0,0,0,0,0,0,0,0,0,0,0,0,0,0,0,0
4162,  3466113,    49,     2,    -2,    49,     1,   -18,    -1,   -18,0,0,0,0,0,0,0,0,0,0,0,0,0,0,0,0,0,0,0,0,0,0,0,0,0,0,0,0,0,0,0,0
4163,  3466946,    47,     2,    -4,    45,     0,   -19,     0,   -20,0,0,0,0,0,0,0,0,0,0,0,0,0,0,0,0,0,0,0,0,0,0,0,0,0,0,0,0,0,0,0,0
4164,  3467779,    48,     1,    -3,    46,     1,   -18,    -1,   -17,0,0,0,0,0,0,0,0,0,0,0,0,0,0,0,0,0,0,0,0,0,0,0,0,0,0,0,0,0,0,0,0
4165,  3468612,    47,     0,    -3,    44,     2,   -18,    -1,   -18,0,0,0,0,0,0,0,0,0,0,0,0,0,0,0,0,0,0,0,0,0,0,0,0,0,0,0,0,0,0,0,0
4166,  3469445,    45,     2,    -4,    42,     0,   -18,     0,   -19,0,0,0,0,0,0,0,0,0,0,0,0,0,0,0,0,0,0,0,0,0,0,0,0,0,0,0,0,0,0,0,0
4167,  3470278,    48,     0,    -2,    45,    -1,   -18,     0,   -19,0,0,0,0,0,0,0,0,0,0,0,0,0,0,0,0,0,0,0,0,0,0,0,0,0,0,0,0,0,0,0,0
4168,  3471111,    46,     1,    -3,    43,    -2,   -19,     1,   -21,0,0,0,0,0,0,0,0,0,0,0,0,0,0,0,0,0,0,0,0,0,0,0,0,0,0,0,0,0,0,0,0
4169,  3471944,    47,     2,    -3,    46,    -2,   -18,     0,   -20,0,0,0,0,0,0,0,0,0,0,0,0,0,0,0,0,0,0,0,0,0,0,0,0,0,0,0,0,0,0,0,0
4170,  3472777,    47,     0,    -3,    43,    -1,   -19,    -1,   -21,0,0,0,0,0,0,0,0,0,0,0,0,0,0,0,0,0,0,0,0,0,0,0,0,0,0,0,0,0,0,0,0
4171,  3473610,    47,     1,    -2,    46,     0,   -19,     0,   -18,0,0,0,0,0,0,0,0,0,0,0,0,0,0,0,0,0,0,0,0,0,0,0,0,0,0,0,0,0,0,0,0
4172,  3474443,    46,     1,    -3,    43,     2,   -17,    -1,   -16,0,0,0,0,0,0,0,0,0,0,0,0,0,0,0,0,0,0,0,0,0,0,0,0,0,0,0,0,0,0,0,0
4173,  3475276,    46,     1,    -4,    42,    -1,   -19,     2,   -18,0,0,0,0,0,0,0,0,0,0,0,0,0,0,0,0,0,0,0,0,0,0,0,0,0,0,0,0,0,0,0,0
4174,  3476109,    46,     1,    -5,    41,     0,   -18,     1,   -17,0,0,0,0,0,0,0,0,0,0,0,0,0,0,0,0,0,0,0,0,0,0,0,0,0,0,0,0,0,0,0,0
4175,  3476942,    47,     2,    -5,    43,     1,   -18,     0,   -18,0,0,0,0,0,0,0,0,0,0,0,0,0,0,0,0,0,0,0,0,0,0,0,0,0,0,0,0,0,0,0,0
4176,  3477775,    46,     4,    -4,    46,     0,   -19,     1,   -18,0,0,0,0,0,0,0,0,0,0,0,0,0,0,0,0,0,0,0,0,0,0,0,0,0,0,0,0,0,0,0,0
4177,  3478608,    45,     0,    -4,    41,     0,   -19,     0,   -20,0,0,0,0,0,0,0,0,0,0,0,0,0,0,0,0,0,0,0,0,0,0,0,0,0,0,0,0,0,0,0,0
4178,  3479441,    45,     4,    -3,    46,     1,   -18,     0,   -17,0,0,0,0,0,0,0,0,0,0,0,0,0,0,0,0,0,0,0,0,0,0,0,0,0,0,0,0,0,0,0,0
4179,  3480274,    44,     1,    -4,    40,    -2,   -18,     0,   -20,0,0,0,0,0,0,0,0,0,0,0,0,0,0,0,0,0,0,0,0,0,0,0,0,0,0,0,0,0,0,0,0
4180,  3481107,    46,     2,    -5,    43,     0,   -19,    -1,   -20,0,0,0,0,0,0,0,0,0,0,0,0,0,0,0,0,0,0,0,0,0,0,0,0,0,0,0,0,0,0,0,0
4181,  3481940,    44,     1,    -4,    40,     2,   -18,     1,   -15,0,0,0,0,0,0,0,0,0,0,0,0,0,0,0,0,0,0,0,0,0,0,0,0,0,0,0,0,0,0,0,0
4182,  3482773,    45,     2,    -4,    43,    -1,   -19,     0,   -20,0,0,0,0,0,0,0,0,0,0,0,0,0,0,0,0,0,0,0,0,0,0,0,0,0,0,0,0,0,0,0,0
4183,  3483606,    46,     1,    -4,    42,     0,   -19,    -1,   -21,0,0,0,0,0,0,0,0,0,0,0,0,0,0,0,0,0,0,0,0,0,0,0,0,0,0,0,0,0,0,0,0
4184,  3484439,    45,     1,    -3,    42,    -1,   -18,    -1,   -20,0,0,0,0,0,0,0,0,0,0,0,0,0,0,0,0,0,0,0,0,0,0,0,0,0,0,0,0,0,0,0,0
4185,  3485272,    46,     1,    -4,    42,     0,   -18,    -1,   -20,0,0,0,0,0,0,0,0,0,0,0,0,0,0,0,0,0,0,0,0,0,0,0,0,0,0,0,0,0,0,0,0
4186,  3486105,    44,     1,    -5,    40,    -2,   -18,    -1,   -21,0,0,0,0,0,0,0,0,0,0,0,0,0,0,0,0,0,0,0,0,0,0,0,0,0,0,0,0,0,0,0,0
4187,  3486938,    45,     1,    -5,    40,     0,   -18,    -2,   -20,0,0,0,0,0,0,0,0,0,0,0,0,0,0,0,0,0,0,0,0,0,0,0,0,0,0,0,0,0,0,0,0
4188,  3487771,    45,     1,    -5,    41,    -1,   -18,     0,   -19,0,0,0,0,0,0,0,0,0,0,0,0,0,0,0,0,0,0,0,0,0,0,0,0,0,0,0,0,0,0,0,0
4189,  3488604,    46,     1,    -5,    42,     1,   -18,    -1,   -18,0,0,0,0,0,0,0,0,0,0,0,0,0,0,0,0,0,0,0,0,0,0,0,0,0,0,0,0,0,0,0,0
4190,  3489437,    45,     0,    -5,    40,    -1,   -18,     0,   -19,0,0,0,0,0,0,0,0,0,0,0,0,0,0,0,0,0,0,0,0,0,0,0,0,0,0,0,0,0,0,0,0
4191,  3490270,    43,     2,    -4,    41,     0,   -18,     0,   -19,0,0,0,0,0,0,0,0,0,0,0,0,0,0,0,0,0,0,0,0,0,0,0,0,0,0,0,0,0,0,0,0
4192,  3491103,    44,     1,    -6,    38,     0,   -19,     1,   -19,0,0,0,0,0,0,0,0,0,0,0,0,0,0,0,0,0,0,0,0,0,0,0,0,0,0,0,0,0,0,0,0
4193,  3491936,    43,     1,    -6,    37,     0,   -19,    -1,   -20,0,0,0,0,0,0,0,0,0,0,0,0,0,0,0,0,0,0,0,0,0,0,0,0,0,0,0,0,0,0,0,0
4194,  3492769,    45,     1,    -5,    41,     1,   -17,     0,   -16,0,0,0,0,0,0,0,0,0,0,0,0,0,0,0,0,0,0,0,0,0,0,0,0,0,0,0,0,0,0,0,0
4195,  3493602,    44,     1,    -6,    38,    -2,   -19,    -1,   -22,0,0,0,0,0,0,0,0,0,0,0,0,0,0,0,0,0,0,0,0,0,0,0,0,0,0,0,0,0,0,0,0
4196,  3494435,    45,     1,    -6,    40,     1,   -18,    -1,   -19,0,0,0,0,0,0,0,0,0,0,0,0,0,0,0,0,0,0,0,0,0,0,0,0,0,0,0,0,0,0,0,0
4197,  3495268,    43,     1,    -4,    40,     0,   -17,     0,   -17,0,0,0,0,0,0,0,0,0,0,0,0,0,0,0,0,0,0,0,0,0,0,0,0,0,0,0,0,0,0,0,0
4198,  3496101,    44,     1,    -5,    40,     3,   -18,     1,   -15,0,0,0,0,0,0,0,0,0,0,0,0,0,0,0,0,0,0,0,0,0,0,0,0,0,0,0,0,0,0,0,0
4199,  3496934,    42,     2,    -5,    39,     0,   -18,    -1,   -20,0,0,0,0,0,0,0,0,0,0,0,0,0,0,0,0,0,0,0,0,0,0,0,0,0,0,0,0,0,0,0,0
4200,  3497767,    44,     2,    -6,    40,     0,   -18,     1,   -18,0,0,0,0,0,0,0,0,0,0,0,0,0,0,0,0,0,0,0,0,0,0,0,0,0,0,0,0,0,0,0,0
4201,  3498600,    41,     1,    -6,    36,     0,   -18,     0,   -18,0,0,0,0,0,0,0,0,0,0,0,0,0,0,0,0,0,0,0,0,0,0,0,0,0,0,0,0,0,0,0,0
4202,  3499433,    42,     3,    -6,    39,     0,   -18,     0,   -19,0,0,0,0,0,0,0,0,0,0,0,0,0,0,0,0,0,0,0,0,0,0,0,0,0,0,0,0,0,0,0,0
4203,  3500266,    42,     1,    -5,    37,     0,   -18,    -1,   -19,0,0,0,0,0,0,0,0,0,0,0,0,0,0,0,0,0,0,0,0,0,0,0,0,0,0,0,0,0,0,0,0
4204,  3501099,    42,     2,    -5,    38,     0,   -18,    -1,   -20,0,0,0,0,0,0,0,0,0,0,0,0,0,0,0,0,0,0,0,0,0,0,0,0,0,0,0,0,0,0,0,0
4205,  3501932,    43,     2,    -5,    40,     0,   -19,     0,   -20,0,0,0,0,0,0,0,0,0,0,0,0,0,0,0,0,0,0,0,0,0,0,0,0,0,0,0,0,0,0,0,0
4206,  3502765,    42,     2,    -5,    38,    -2,   -20,     0,   -21,0,0,0,0,0,0,0,0,0,0,0,0,0,0,0,0,0,0,0,0,0,0,0,0,0,0,0,0,0,0,0,0
4207,  3503598,    41,     0,    -7,    33,     0,   -18,     0,   -19,0,0,0,0,0,0,0,0,0,0,0,0,0,0,0,0,0,0,0,0,0,0,0,0,0,0,0,0,0,0,0,0
4208,  3504431,    42,     2,    -7,    36,    -1,   -19,     0,   -20,0,0,0,0,0,0,0,0,0,0,0,0,0,0,0,0,0,0,0,0,0,0,0,0,0,0,0,0,0,0,0,0
4209,  3505264,    41,     1,    -6,    35,     0,   -18,    -1,   -20,0,0,0,0,0,0,0,0,0,0,0,0,0,0,0,0,0,0,0,0,0,0,0,0,0,0,0,0,0,0,0,0
4210,  3506097,    41,     1,    -7,    34,     0,   -18,    -1,   -19,0,0,0,0,0,0,0,0,0,0,0,0,0,0,0,0,0,0,0,0,0,0,0,0,0,0,0,0,0,0,0,0
4211,  3506930,    41,    -1,    -6,    34,     0,   -18,     0,   -19,0,0,0,0,0,0,0,0,0,0,0,0,0,0,0,0,0,0,0,0,0,0,0,0,0,0,0,0,0,0,0,0
4212,  3507763,    43,     1,    -7,    37,    -1,   -18,     0,   -20,0,0,0,0,0,0,0,0,0,0,0,0,0,0,0,0,0,0,0,0,0,0,0,0,0,0,0,0,0,0,0,0
4213,  3508596,    41,     1,    -6,    35,    -1,   -18,    -1,   -20,0,0,0,0,0,0,0,0,0,0,0,0,0,0,0,0,0,0,0,0,0,0,0,0,0,0,0,0,0,0,0,0
4214,  3509429,    41,     2,    -6,    36,     0,   -19,     0,   -19,0,0,0,0,0,0,0,0,0,0,0,0,0,0,0,0,0,0,0,0,0,0,0,0,0,0,0,0,0,0,0,0
4215,  3510262,    41,     0,    -7,    34,     1,   -18,     0,   -18,0,0,0,0,0,0,0,0,0,0,0,0,0,0,0,0,0,0,0,0,0,0,0,0,0,0,0,0,0,0,0,0
4216,  3511095,    41,     2,    -7,    36,    -1,   -19,    -1,   -20,0,0,0,0,0,0,0,0,0,0,0,0,0,0,0,0,0,0,0,0,0,0,0,0,0,0,0,0,0,0,0,0
4217,  3511928,    41,     2,    -7,    35,    -2,   -19,     0,   -21,0,0,0,0,0,0,0,0,0,0,0,0,0,0,0,0,0,0,0,0,0,0,0,0,0,0,0,0,0,0,0,0
4218,  3512761,    41,     1,    -7,    35,     0,   -18,     0,   -18,0,0,0,0,0,0,0,0,0,0,0,0,0,0,0,0,0,0,0,0,0,0,0,0,0,0,0,0,0,0,0,0
4219,  3513594,    41,     0,    -6,    35,     2,   -18,    -1,   -17,0,0,0,0,0,0,0,0,0,0,0,0,0,0,0,0,0,0,0,0,0,0,0,0,0,0,0,0,0,0,0,0
4220,  3514427,    39,     2,    -9,    31,    -1,   -17,    -1,   -18,0,0,0,0,0,0,0,0,0,0,0,0,0,0,0,0,0,0,0,0,0,0,0,0,0,0,0,0,0,0,0,0
4221,  3515260,    39,     1,    -9,    31,     1,   -18,     0,   -18,0,0,0,0,0,0,0,0,0,0,0,0,0,0,0,0,0,0,0,0,0,0,0,0,0,0,0,0,0,0,0,0
4222,  3516093,    40,     2,    -7,    35,     0,   -19,     0,   -19,0,0,0,0,0,0,0,0,0,0,0,0,0,0,0,0,0,0,0,0,0,0,0,0,0,0,0,0,0,0,0,0
4223,  3516926,    41,     1,    -7,    34,     1,   -17,     0,   -16,0,0,0,0,0,0,0,0,0,0,0,0,0,0,0,0,0,0,0,0,0,0,0,0,0,0,0,0,0,0,0,0
4224,  3517759,    39,     3,    -7,    34,     0,   -18,     1,   -18,0,0,0,0,0,0,0,0,0,0,0,0,0,0,0,0,0,0,0,0,0,0,0,0,0,0,0,0,0,0,0,0
